===== D4条件生成核心指标评价 =====
checkpoint：/home/wqzheng/project/outputs/experiments/d4_3_2_9_joint_qq_peakshift_diversity_formal/checkpoints/best.pt
真实参考子集：validation
条件数：126
[1/126] CHL-H_TEB-H_soil：MSE=205.029；RMSE=13.9364；shape-MSE/RMSE=0.0391594/0.192006；model-norm MSE/RMSE=0.000947099/0.0299531；cos=0.982629；r=0.980420；W1raw=5.697760；W1norm=0.029170
  平均谱：MSE=36.455；cos=0.996733；r=0.996347
  train分布参照：generated/train MSE=110.819；held-out/train MSE=134.325；ratio=0.8250
  多样性MSE：train=212.941；generated=232.108；ratio=1.0900；Pearson-distance ratio=1.0868
  峰形多样性：position-std ratio=0.8449；height-IQR ratio=0.9801；width-IQR ratio=1.3872；position frozen=0.000%
  负值：min=-53.054；<-40点=0.057864%；<-40光谱=14.000%
  training逐点包络外：lower点/光谱=0.008417%/6.000%；upper点/光谱=0.134666%/60.000%
  QQ拟合：raw R2=0.998786, RMSE=3.45014；model-normalized R2=0.998786, RMSE=0.00741526；training-standardized R2=0.990048, RMSE=0.363595
  QQ尾宽/oracle区间：lower=1.6280/[0.8578,1.1816]；upper=1.3979/[0.7882,1.2583]；overrun=True；underrun=False
  QQ四段比率[1-10,10-50,50-90,90-99]=[1.9320,1.2790,1.2054,1.5642]；尾部曲率RMSE(lower/upper)=0.4869/0.2542；oracle外分位点=54.46%
[2/126] CHL-H_TEB-H_water：MSE=342.181；RMSE=18.1813；shape-MSE/RMSE=0.0371478/0.189356；model-norm MSE/RMSE=0.00158065/0.0390765；cos=0.983306；r=0.981426；W1raw=7.585078；W1norm=0.030788
  平均谱：MSE=80.0134；cos=0.996296；r=0.995869
  train分布参照：generated/train MSE=172.873；held-out/train MSE=241.679；ratio=0.7153
  多样性MSE：train=458.098；generated=381.259；ratio=0.8323；Pearson-distance ratio=0.8152
  峰形多样性：position-std ratio=1.1024；height-IQR ratio=0.9579；width-IQR ratio=1.3202；position frozen=0.000%
  负值：min=-112.208；<-40点=0.948974%；<-40光谱=100.000%
  training逐点包络外：lower点/光谱=0.007365%/6.000%；upper点/光谱=0.109416%/74.000%
  QQ拟合：raw R2=0.999078, RMSE=5.21832；model-normalized R2=0.999078, RMSE=0.0112156；training-standardized R2=0.996793, RMSE=0.179448
  QQ尾宽/oracle区间：lower=1.2155/[0.8723,1.1593]；upper=1.1452/[0.8783,1.1748]；overrun=True；underrun=False
  QQ四段比率[1-10,10-50,50-90,90-99]=[1.3352,1.0990,1.2403,1.0660]；尾部曲率RMSE(lower/upper)=0.2082/0.1326；oracle外分位点=0.99%
[3/126] CHL-H_TEB-M_soil：MSE=210.151；RMSE=14.1525；shape-MSE/RMSE=0.0596929/0.241404；model-norm MSE/RMSE=0.00097076/0.0304174；cos=0.973753；r=0.970154；W1raw=6.214475；W1norm=0.037131
  平均谱：MSE=53.9883；cos=0.992996；r=0.991958
  train分布参照：generated/train MSE=103.742；held-out/train MSE=142.93；ratio=0.7258
  多样性MSE：train=264.393；generated=246.139；ratio=0.9310；Pearson-distance ratio=0.8725
  峰形多样性：position-std ratio=0.9809；height-IQR ratio=1.1515；width-IQR ratio=1.2512；position frozen=0.000%
  负值：min=-33.636；<-40点=0.000000%；<-40光谱=0.000%
  training逐点包络外：lower点/光谱=0.005260%/6.000%；upper点/光谱=0.011573%/12.000%
  QQ拟合：raw R2=0.999753, RMSE=3.27695；model-normalized R2=0.999753, RMSE=0.00704303；training-standardized R2=0.997066, RMSE=0.104505
  QQ尾宽/oracle区间：lower=1.2154/[0.8972,1.1512]；upper=1.1645/[0.9084,1.2067]；overrun=True；underrun=False
  QQ四段比率[1-10,10-50,50-90,90-99]=[1.4008,1.0217,1.0620,1.2613]；尾部曲率RMSE(lower/upper)=0.1909/0.1284；oracle外分位点=1.98%
[4/126] CHL-H_TEB-M_water：MSE=185.524；RMSE=13.2489；shape-MSE/RMSE=0.0551723/0.228231；model-norm MSE/RMSE=0.000856999/0.0284754；cos=0.975253；r=0.972414；W1raw=6.387503；W1norm=0.038303
  平均谱：MSE=59.3508；cos=0.992356；r=0.991341
  train分布参照：generated/train MSE=123.612；held-out/train MSE=129.064；ratio=0.9578
  多样性MSE：train=277.123；generated=241.577；ratio=0.8717；Pearson-distance ratio=0.7453
  峰形多样性：position-std ratio=1.0461；height-IQR ratio=0.9693；width-IQR ratio=1.0584；position frozen=0.000%
  负值：min=-61.136；<-40点=0.179905%；<-40光谱=48.000%
  training逐点包络外：lower点/光谱=0.017885%/10.000%；upper点/光谱=0.026302%/26.000%
  QQ拟合：raw R2=0.998122, RMSE=3.14843；model-normalized R2=0.998122, RMSE=0.00676682；training-standardized R2=0.999290, RMSE=0.112697
  QQ尾宽/oracle区间：lower=1.1417/[0.8946,1.1792]；upper=1.0447/[0.7987,1.2082]；overrun=False；underrun=False
  QQ四段比率[1-10,10-50,50-90,90-99]=[1.2060,1.0758,1.0417,1.0476]；尾部曲率RMSE(lower/upper)=0.0973/0.0222；oracle外分位点=18.81%
[5/126] CHL-H_TEB-S_soil：MSE=214.996；RMSE=14.3013；shape-MSE/RMSE=0.0721491/0.26452；model-norm MSE/RMSE=0.00099314/0.0307374；cos=0.967961；r=0.963925；W1raw=6.552061；W1norm=0.040205
  平均谱：MSE=59.047；cos=0.989325；r=0.987918
  train分布参照：generated/train MSE=112.732；held-out/train MSE=122.835；ratio=0.9178
  多样性MSE：train=294.869；generated=255.167；ratio=0.8654；Pearson-distance ratio=0.9167
  峰形多样性：position-std ratio=1.1116；height-IQR ratio=0.9156；width-IQR ratio=1.1645；position frozen=0.000%
  负值：min=-57.566；<-40点=0.043135%；<-40光谱=22.000%
  training逐点包络外：lower点/光谱=0.000000%/0.000%；upper点/光谱=0.035771%/34.000%
  QQ拟合：raw R2=0.998269, RMSE=2.5618；model-normalized R2=0.998269, RMSE=0.00550599；training-standardized R2=0.997148, RMSE=0.330929
  QQ尾宽/oracle区间：lower=1.4968/[0.8947,1.1217]；upper=1.3419/[0.8946,1.1284]；overrun=True；underrun=False
  QQ四段比率[1-10,10-50,50-90,90-99]=[1.6524,1.3064,1.2980,1.3792]；尾部曲率RMSE(lower/upper)=0.1314/0.2021；oracle外分位点=66.34%
[6/126] CHL-H_TEB-S_water：MSE=199.843；RMSE=13.6018；shape-MSE/RMSE=0.0581913/0.231993；model-norm MSE/RMSE=0.000923142/0.0292339；cos=0.973662；r=0.970904；W1raw=6.073669；W1norm=0.038244
  平均谱：MSE=53.805；cos=0.994263；r=0.993777
  train分布参照：generated/train MSE=88.9357；held-out/train MSE=100.087；ratio=0.8886
  多样性MSE：train=217.753；generated=201.044；ratio=0.9233；Pearson-distance ratio=0.9064
  峰形多样性：position-std ratio=0.9217；height-IQR ratio=1.2187；width-IQR ratio=1.1409；position frozen=0.000%
  负值：min=-50.513；<-40点=0.088375%；<-40光谱=30.000%
  training逐点包络外：lower点/光谱=0.014729%/10.000%；upper点/光谱=0.027354%/18.000%
  QQ拟合：raw R2=0.998086, RMSE=4.1645；model-normalized R2=0.998086, RMSE=0.00895061；training-standardized R2=0.993860, RMSE=0.102819
  QQ尾宽/oracle区间：lower=0.8846/[0.9235,1.1143]；upper=1.1086/[0.8875,1.1087]；overrun=False；underrun=True
  QQ四段比率[1-10,10-50,50-90,90-99]=[0.8175,0.9647,1.1693,1.0530]；尾部曲率RMSE(lower/upper)=0.3126/0.0545；oracle外分位点=1.98%
[7/126] CHL-H_soil：MSE=407.572；RMSE=19.8694；shape-MSE/RMSE=0.0397428/0.194373；model-norm MSE/RMSE=0.00188271/0.0427046；cos=0.982015；r=0.980129；W1raw=8.823183；W1norm=0.036724
  平均谱：MSE=91.566；cos=0.995686；r=0.995200
  train分布参照：generated/train MSE=229.47；held-out/train MSE=312.885；ratio=0.7334
  多样性MSE：train=605.175；generated=515.564；ratio=0.8519；Pearson-distance ratio=0.9310
  峰形多样性：position-std ratio=1.2922；height-IQR ratio=0.9588；width-IQR ratio=1.3744；position frozen=0.000%
  负值：min=-75.216；<-40点=0.353498%；<-40光谱=94.000%
  training逐点包络外：lower点/光谱=0.024198%/18.000%；upper点/光谱=0.219884%/86.000%
  QQ拟合：raw R2=0.999564, RMSE=3.59745；model-normalized R2=0.999564, RMSE=0.00773187；training-standardized R2=0.996374, RMSE=0.134614
  QQ尾宽/oracle区间：lower=1.1240/[0.8658,1.1623]；upper=0.9689/[0.9124,1.1400]；overrun=False；underrun=False
  QQ四段比率[1-10,10-50,50-90,90-99]=[1.1394,1.1061,1.1089,0.8483]；尾部曲率RMSE(lower/upper)=0.1289/0.2877；oracle外分位点=5.94%
[8/126] CHL-H_water：MSE=404.652；RMSE=19.8002；shape-MSE/RMSE=0.0284892/0.166276；model-norm MSE/RMSE=0.00186922/0.0425559；cos=0.986855；r=0.985755；W1raw=8.353343；W1norm=0.028031
  平均谱：MSE=60.2043；cos=0.997996；r=0.997829
  train分布参照：generated/train MSE=228.709；held-out/train MSE=307.966；ratio=0.7426
  多样性MSE：train=587.892；generated=523.373；ratio=0.8903；Pearson-distance ratio=0.9591
  峰形多样性：position-std ratio=0.9544；height-IQR ratio=0.8917；width-IQR ratio=1.2295；position frozen=0.000%
  负值：min=-75.316；<-40点=0.392425%；<-40光谱=66.000%
  training逐点包络外：lower点/光谱=0.029458%/34.000%；upper点/光谱=0.353498%/94.000%
  QQ拟合：raw R2=0.999735, RMSE=3.29862；model-normalized R2=0.999735, RMSE=0.0070896；training-standardized R2=0.991164, RMSE=0.24129
  QQ尾宽/oracle区间：lower=1.3189/[0.8731,1.1686]；upper=0.9198/[0.8484,1.1852]；overrun=True；underrun=False
  QQ四段比率[1-10,10-50,50-90,90-99]=[1.3907,1.2453,1.2547,0.6950]；尾部曲率RMSE(lower/upper)=0.0756/0.4198；oracle外分位点=17.82%
[9/126] CHL-M_TEB-H_soil：MSE=111.591；RMSE=10.4179；shape-MSE/RMSE=0.0546194/0.230482；model-norm MSE/RMSE=0.000515477/0.0223909；cos=0.975934；r=0.972690；W1raw=5.307453；W1norm=0.041176
  平均谱：MSE=53.2069；cos=0.987688；r=0.985978
  train分布参照：generated/train MSE=46.152；held-out/train MSE=118.034；ratio=0.3910
  多样性MSE：train=118.924；generated=110.338；ratio=0.9278；Pearson-distance ratio=1.0106
  峰形多样性：position-std ratio=0.8686；height-IQR ratio=1.5527；width-IQR ratio=1.0835；position frozen=0.000%
  负值：min=-34.157；<-40点=0.000000%；<-40光谱=0.000%
  training逐点包络外：lower点/光谱=0.000000%/0.000%；upper点/光谱=0.006312%/4.000%
  QQ拟合：raw R2=0.999047, RMSE=1.49324；model-normalized R2=0.999047, RMSE=0.00320936；training-standardized R2=0.998406, RMSE=0.0720466
  QQ尾宽/oracle区间：lower=1.0534/[0.9388,1.0766]；upper=1.0841/[0.9174,1.1371]；overrun=False；underrun=False
  QQ四段比率[1-10,10-50,50-90,90-99]=[1.0708,1.0283,0.9904,1.1634]；尾部曲率RMSE(lower/upper)=0.1317/0.0840；oracle外分位点=3.96%
[10/126] CHL-M_TEB-H_water：MSE=106.831；RMSE=10.2109；shape-MSE/RMSE=0.0498455/0.220703；model-norm MSE/RMSE=0.000493489/0.021946；cos=0.978347；r=0.975077；W1raw=4.807946；W1norm=0.036415
  平均谱：MSE=28.0968；cos=0.993947；r=0.992984
  train分布参照：generated/train MSE=56.2451；held-out/train MSE=96.5628；ratio=0.5825
  多样性MSE：train=137.927；generated=120.322；ratio=0.8724；Pearson-distance ratio=0.8536
  峰形多样性：position-std ratio=0.9809；height-IQR ratio=0.9999；width-IQR ratio=0.9339；position frozen=0.000%
  负值：min=-37.935；<-40点=0.000000%；<-40光谱=0.000%
  training逐点包络外：lower点/光谱=0.002104%/2.000%；upper点/光谱=0.010521%/8.000%
  QQ拟合：raw R2=0.999404, RMSE=1.09256；model-normalized R2=0.999404, RMSE=0.00234819；training-standardized R2=0.998908, RMSE=0.0644448
  QQ尾宽/oracle区间：lower=1.0069/[0.9111,1.1213]；upper=1.0354/[0.8550,1.1800]；overrun=False；underrun=False
  QQ四段比率[1-10,10-50,50-90,90-99]=[0.9978,1.0175,1.0881,0.9912]；尾部曲率RMSE(lower/upper)=0.1300/0.0964；oracle外分位点=0.00%
[11/126] CHL-M_TEB-M_soil：MSE=128.794；RMSE=11.2211；shape-MSE/RMSE=0.0744943/0.27032；model-norm MSE/RMSE=0.000594944/0.0241172；cos=0.967279；r=0.962753；W1raw=5.870161；W1norm=0.046942
  平均谱：MSE=72.3511；cos=0.981381；r=0.978545
  train分布参照：generated/train MSE=57.7721；held-out/train MSE=125.881；ratio=0.4589
  多样性MSE：train=140.756；generated=138.611；ratio=0.9848；Pearson-distance ratio=0.9833
  峰形多样性：position-std ratio=0.9037；height-IQR ratio=1.0219；width-IQR ratio=1.0781；position frozen=0.000%
  负值：min=-34.873；<-40点=0.000000%；<-40光谱=0.000%
  training逐点包络外：lower点/光谱=0.000000%/0.000%；upper点/光谱=0.010521%/12.000%
  QQ拟合：raw R2=0.997025, RMSE=2.96274；model-normalized R2=0.997025, RMSE=0.00636771；training-standardized R2=0.991612, RMSE=0.14019
  QQ尾宽/oracle区间：lower=1.2738/[0.8303,1.1630]；upper=1.0590/[0.7948,1.2293]；overrun=True；underrun=False
  QQ四段比率[1-10,10-50,50-90,90-99]=[1.5133,1.0050,0.8816,1.2133]；尾部曲率RMSE(lower/upper)=0.3547/0.1663；oracle外分位点=1.98%
[12/126] CHL-M_TEB-M_water：MSE=216.96；RMSE=14.3024；shape-MSE/RMSE=0.104612/0.318376；model-norm MSE/RMSE=0.00100221/0.0307397；cos=0.954400；r=0.947694；W1raw=6.420857；W1norm=0.047669
  平均谱：MSE=62.3132；cos=0.985222；r=0.982811
  train分布参照：generated/train MSE=91.1959；held-out/train MSE=106.19；ratio=0.8588
  多样性MSE：train=284.656；generated=246.417；ratio=0.8657；Pearson-distance ratio=0.9717
  峰形多样性：position-std ratio=0.9976；height-IQR ratio=1.1392；width-IQR ratio=1.1333；position frozen=0.000%
  负值：min=-43.613；<-40点=0.018937%；<-40光谱=6.000%
  training逐点包络外：lower点/光谱=0.003156%/4.000%；upper点/光谱=0.038927%/32.000%
  QQ拟合：raw R2=0.995156, RMSE=4.1389；model-normalized R2=0.995156, RMSE=0.00889559；training-standardized R2=0.994260, RMSE=0.168974
  QQ尾宽/oracle区间：lower=1.1551/[0.8554,1.1834]；upper=0.9548/[0.8702,1.1546]；overrun=False；underrun=False
  QQ四段比率[1-10,10-50,50-90,90-99]=[1.1460,1.1636,1.1679,0.7841]；尾部曲率RMSE(lower/upper)=0.0861/0.3493；oracle外分位点=3.96%
[13/126] CHL-M_TEB-S_soil：MSE=163.688；RMSE=12.2818；shape-MSE/RMSE=0.111928/0.326757；model-norm MSE/RMSE=0.000756129/0.0263967；cos=0.950176；r=0.944036；W1raw=5.092452；W1norm=0.048717
  平均谱：MSE=22.9326；cos=0.990296；r=0.989079
  train分布参照：generated/train MSE=96.2468；held-out/train MSE=64.4618；ratio=1.4931
  多样性MSE：train=205.812；generated=197.937；ratio=0.9617；Pearson-distance ratio=0.8518
  峰形多样性：position-std ratio=0.9879；height-IQR ratio=1.1814；width-IQR ratio=1.0891；position frozen=0.000%
  负值：min=-38.163；<-40点=0.000000%；<-40光谱=0.000%
  training逐点包络外：lower点/光谱=0.006312%/6.000%；upper点/光谱=0.011573%/6.000%
  QQ拟合：raw R2=0.999268, RMSE=2.41265；model-normalized R2=0.999268, RMSE=0.00518543；training-standardized R2=0.997541, RMSE=0.18717
  QQ尾宽/oracle区间：lower=1.2180/[0.8440,1.2797]；upper=1.0885/[0.8477,1.2384]；overrun=False；underrun=False
  QQ四段比率[1-10,10-50,50-90,90-99]=[1.2174,1.2188,1.2007,1.0030]；尾部曲率RMSE(lower/upper)=0.1470/0.2207；oracle外分位点=8.91%
[14/126] CHL-M_TEB-S_water：MSE=210.565；RMSE=14.1396；shape-MSE/RMSE=0.12093/0.329278；model-norm MSE/RMSE=0.000972669/0.0303898；cos=0.945562；r=0.939535；W1raw=6.272558；W1norm=0.056880
  平均谱：MSE=32.3987；cos=0.991231；r=0.989982
  train分布参照：generated/train MSE=156.493；held-out/train MSE=71.9217；ratio=2.1759
  多样性MSE：train=430.014；generated=358.528；ratio=0.8338；Pearson-distance ratio=1.0514
  峰形多样性：position-std ratio=1.0410；height-IQR ratio=0.9792；width-IQR ratio=1.2548；position frozen=0.000%
  负值：min=-56.549；<-40点=0.152551%；<-40光谱=42.000%
  training逐点包络外：lower点/光谱=0.082062%/36.000%；upper点/光谱=0.172541%/38.000%
  QQ拟合：raw R2=0.997745, RMSE=4.07395；model-normalized R2=0.997745, RMSE=0.00875598；training-standardized R2=0.994250, RMSE=0.287579
  QQ尾宽/oracle区间：lower=1.2559/[0.8629,1.1718]；upper=1.1020/[0.9164,1.1720]；overrun=True；underrun=False
  QQ四段比率[1-10,10-50,50-90,90-99]=[1.0566,1.4929,1.2377,0.9670]；尾部曲率RMSE(lower/upper)=0.1526/0.2389；oracle外分位点=35.64%
[15/126] CHL-M_soil：MSE=538.13；RMSE=22.7661；shape-MSE/RMSE=0.0641285/0.250082；model-norm MSE/RMSE=0.0024858/0.0489303；cos=0.970749；r=0.967936；W1raw=9.708455；W1norm=0.053041
  平均谱：MSE=273.124；cos=0.987383；r=0.986100
  train分布参照：generated/train MSE=184.775；held-out/train MSE=315.367；ratio=0.5859
  多样性MSE：train=433.746；generated=369.26；ratio=0.8513；Pearson-distance ratio=0.8502
  峰形多样性：position-std ratio=1.0383；height-IQR ratio=1.2303；width-IQR ratio=1.4130；position frozen=0.000%
  负值：min=-74.029；<-40点=0.769069%；<-40光谱=94.000%
  training逐点包络外：lower点/光谱=0.039979%/36.000%；upper点/光谱=0.182009%/94.000%
  QQ拟合：raw R2=0.997584, RMSE=9.56942；model-normalized R2=0.997584, RMSE=0.0205672；training-standardized R2=0.995793, RMSE=0.142529
  QQ尾宽/oracle区间：lower=1.2389/[0.9089,1.0876]；upper=1.0069/[0.9127,1.1063]；overrun=True；underrun=False
  QQ四段比率[1-10,10-50,50-90,90-99]=[1.5086,0.9829,0.9826,1.0311]；尾部曲率RMSE(lower/upper)=0.2781/0.0259；oracle外分位点=2.97%
[16/126] CHL-M_water：MSE=432.728；RMSE=20.4766；shape-MSE/RMSE=0.0421309/0.202852；model-norm MSE/RMSE=0.00199891/0.0440097；cos=0.980546；r=0.978935；W1raw=9.084684；W1norm=0.033420
  平均谱：MSE=97.387；cos=0.995446；r=0.995012
  train分布参照：generated/train MSE=232.349；held-out/train MSE=359.47；ratio=0.6464
  多样性MSE：train=617.756；generated=531.893；ratio=0.8610；Pearson-distance ratio=0.8922
  峰形多样性：position-std ratio=0.8737；height-IQR ratio=1.0630；width-IQR ratio=1.2626；position frozen=0.000%
  负值：min=-73.647；<-40点=0.718569%；<-40光谱=84.000%
  training逐点包络外：lower点/光谱=0.021042%/26.000%；upper点/光谱=0.388217%/100.000%
  QQ拟合：raw R2=0.999659, RMSE=3.3328；model-normalized R2=0.999659, RMSE=0.00716307；training-standardized R2=0.996135, RMSE=0.216477
  QQ尾宽/oracle区间：lower=1.3292/[0.8889,1.1807]；upper=1.0333/[0.8562,1.1354]；overrun=True；underrun=False
  QQ四段比率[1-10,10-50,50-90,90-99]=[1.3814,1.2630,1.1505,0.9366]；尾部曲率RMSE(lower/upper)=0.1311/0.2176；oracle外分位点=19.80%
[17/126] CHL-S_TEB-H_soil：MSE=153.323；RMSE=12.1904；shape-MSE/RMSE=0.0821561/0.281949；model-norm MSE/RMSE=0.000708252/0.0262004；cos=0.963611；r=0.958922；W1raw=5.802859；W1norm=0.048311
  平均谱：MSE=49.1671；cos=0.988708；r=0.987101
  train分布参照：generated/train MSE=79.6722；held-out/train MSE=106.761；ratio=0.7463
  多样性MSE：train=192.351；generated=167.695；ratio=0.8718；Pearson-distance ratio=0.8472
  峰形多样性：position-std ratio=0.9607；height-IQR ratio=1.0079；width-IQR ratio=0.8953；position frozen=0.000%
  负值：min=-40.424；<-40点=0.001052%；<-40光谱=2.000%
  training逐点包络外：lower点/光谱=0.003156%/4.000%；upper点/光谱=0.005260%/6.000%
  QQ拟合：raw R2=0.998806, RMSE=2.18412；model-normalized R2=0.998806, RMSE=0.00469425；training-standardized R2=0.996239, RMSE=0.202053
  QQ尾宽/oracle区间：lower=1.3017/[0.9386,1.0904]；upper=1.3318/[0.9036,1.1217]；overrun=True；underrun=False
  QQ四段比率[1-10,10-50,50-90,90-99]=[1.5161,1.0813,1.2272,1.4161]；尾部曲率RMSE(lower/upper)=0.1837/0.2156；oracle外分位点=12.87%
[18/126] CHL-S_TEB-H_water：MSE=207.343；RMSE=14.2241；shape-MSE/RMSE=0.116175/0.33612；model-norm MSE/RMSE=0.000957786/0.0305713；cos=0.947135；r=0.941913；W1raw=6.417120；W1norm=0.054072
  平均谱：MSE=49.9619；cos=0.986564；r=0.985660
  train分布参照：generated/train MSE=109.145；held-out/train MSE=133.213；ratio=0.8193
  多样性MSE：train=273.256；generated=234.316；ratio=0.8575；Pearson-distance ratio=0.8312
  峰形多样性：position-std ratio=0.9346；height-IQR ratio=1.0251；width-IQR ratio=0.9001；position frozen=0.000%
  负值：min=-55.934；<-40点=0.203051%；<-40光谱=36.000%
  training逐点包络外：lower点/光谱=0.008417%/4.000%；upper点/光谱=0.054708%/48.000%
  QQ拟合：raw R2=0.997139, RMSE=3.5864；model-normalized R2=0.997139, RMSE=0.00770813；training-standardized R2=0.997945, RMSE=0.253172
  QQ尾宽/oracle区间：lower=1.2819/[0.8938,1.1095]；upper=1.2221/[0.9052,1.1202]；overrun=True；underrun=False
  QQ四段比率[1-10,10-50,50-90,90-99]=[1.4262,1.1374,1.1493,1.2948]；尾部曲率RMSE(lower/upper)=0.1369/0.1086；oracle外分位点=40.59%
[19/126] CHL-S_TEB-M_soil：MSE=142.193；RMSE=11.6822；shape-MSE/RMSE=0.0840115/0.28364；model-norm MSE/RMSE=0.000656837/0.0251081；cos=0.963153；r=0.957994；W1raw=5.316552；W1norm=0.045368
  平均谱：MSE=52.1906；cos=0.985622；r=0.983483
  train分布参照：generated/train MSE=53.9647；held-out/train MSE=77.1032；ratio=0.6999
  多样性MSE：train=139.97；generated=124.655；ratio=0.8906；Pearson-distance ratio=0.9234
  峰形多样性：position-std ratio=0.8867；height-IQR ratio=0.9820；width-IQR ratio=1.1675；position frozen=11.111%
  负值：min=-30.947；<-40点=0.000000%；<-40光谱=0.000%
  training逐点包络外：lower点/光谱=0.000000%/0.000%；upper点/光谱=0.001052%/2.000%
  QQ拟合：raw R2=0.998190, RMSE=2.41656；model-normalized R2=0.998190, RMSE=0.00519381；training-standardized R2=0.992619, RMSE=0.24998
  QQ尾宽/oracle区间：lower=1.3720/[0.8356,1.1788]；upper=1.4779/[0.8887,1.1471]；overrun=True；underrun=False
  QQ四段比率[1-10,10-50,50-90,90-99]=[1.6265,1.0926,1.1721,1.7818]；尾部曲率RMSE(lower/upper)=0.2426/0.3358；oracle外分位点=46.53%
[20/126] CHL-S_TEB-M_water：MSE=120.255；RMSE=10.7846；shape-MSE/RMSE=0.0741598/0.267512；model-norm MSE/RMSE=0.000555496/0.023179；cos=0.967621；r=0.962920；W1raw=5.446388；W1norm=0.049080
  平均谱：MSE=40.2335；cos=0.990435；r=0.988958
  train分布参照：generated/train MSE=64.6398；held-out/train MSE=99.0335；ratio=0.6527
  多样性MSE：train=184.764；generated=156.4；ratio=0.8465；Pearson-distance ratio=0.8337
  峰形多样性：position-std ratio=0.9857；height-IQR ratio=1.0161；width-IQR ratio=1.1307；position frozen=0.000%
  负值：min=-44.368；<-40点=0.007365%；<-40光谱=2.000%
  training逐点包络外：lower点/光谱=0.004208%/4.000%；upper点/光谱=0.030510%/16.000%
  QQ拟合：raw R2=0.998946, RMSE=2.53382；model-normalized R2=0.998946, RMSE=0.00544585；training-standardized R2=0.998557, RMSE=0.114195
  QQ尾宽/oracle区间：lower=1.1325/[0.8605,1.1499]；upper=1.0518/[0.8908,1.1397]；overrun=False；underrun=False
  QQ四段比率[1-10,10-50,50-90,90-99]=[1.2249,1.0431,1.1586,0.9745]；尾部曲率RMSE(lower/upper)=0.0544/0.0676；oracle外分位点=9.90%
[21/126] CHL-S_TEB-S_soil：MSE=116.923；RMSE=10.5278；shape-MSE/RMSE=0.127742/0.351251；model-norm MSE/RMSE=0.000540107/0.0226271；cos=0.942892；r=0.936129；W1raw=4.497163；W1norm=0.047954
  平均谱：MSE=20.9596；cos=0.989717；r=0.988452
  train分布参照：generated/train MSE=64.6563；held-out/train MSE=55.5337；ratio=1.1643
  多样性MSE：train=149.453；generated=163.037；ratio=1.0909；Pearson-distance ratio=1.0473
  峰形多样性：position-std ratio=1.0692；height-IQR ratio=1.3804；width-IQR ratio=1.2171；position frozen=0.000%
  负值：min=-47.333；<-40点=0.008417%；<-40光谱=2.000%
  training逐点包络外：lower点/光谱=0.059968%/16.000%；upper点/光谱=0.026302%/8.000%
  QQ拟合：raw R2=0.998814, RMSE=2.2502；model-normalized R2=0.998814, RMSE=0.00483628；training-standardized R2=0.998083, RMSE=0.291779
  QQ尾宽/oracle区间：lower=1.3456/[0.8915,1.1215]；upper=1.4485/[0.8590,1.1628]；overrun=True；underrun=False
  QQ四段比率[1-10,10-50,50-90,90-99]=[1.3897,1.2964,1.3256,1.5725]；尾部曲率RMSE(lower/upper)=0.1448/0.1049；oracle外分位点=46.53%
[22/126] CHL-S_TEB-S_water：MSE=107.094；RMSE=10.1329；shape-MSE/RMSE=0.124379/0.347309；model-norm MSE/RMSE=0.000494704/0.0217782；cos=0.945702；r=0.937811；W1raw=4.360448；W1norm=0.050100
  平均谱：MSE=18.3605；cos=0.989641；r=0.987973
  train分布参照：generated/train MSE=59.3139；held-out/train MSE=61.0776；ratio=0.9711
  多样性MSE：train=119.051；generated=122.911；ratio=1.0324；Pearson-distance ratio=0.8887
  峰形多样性：position-std ratio=0.9986；height-IQR ratio=1.0714；width-IQR ratio=1.3334；position frozen=0.000%
  负值：min=-34.817；<-40点=0.000000%；<-40光谱=0.000%
  training逐点包络外：lower点/光谱=0.003156%/2.000%；upper点/光谱=0.007365%/4.000%
  QQ拟合：raw R2=0.998549, RMSE=1.54257；model-normalized R2=0.998549, RMSE=0.00331538；training-standardized R2=0.994747, RMSE=0.0803413
  QQ尾宽/oracle区间：lower=0.9810/[0.8669,1.1138]；upper=0.8298/[0.7816,1.2329]；overrun=False；underrun=False
  QQ四段比率[1-10,10-50,50-90,90-99]=[0.9346,1.0348,1.0353,0.6901]；尾部曲率RMSE(lower/upper)=0.1621/0.3277；oracle外分位点=0.00%
[23/126] CHL-S_soil：MSE=48.2951；RMSE=6.88564；shape-MSE/RMSE=0.0211615/0.144084；model-norm MSE/RMSE=0.000223091/0.0147991；cos=0.990213；r=0.989419；W1raw=3.208886；W1norm=0.026116
  平均谱：MSE=11.1407；cos=0.997794；r=0.997602
  train分布参照：generated/train MSE=30.5873；held-out/train MSE=35.88；ratio=0.8525
  多样性MSE：train=74.8947；generated=66.6678；ratio=0.8902；Pearson-distance ratio=0.8706
  峰形多样性：position-std ratio=0.9614；height-IQR ratio=1.1564；width-IQR ratio=1.0785；position frozen=0.000%
  负值：min=-31.864；<-40点=0.000000%；<-40光谱=0.000%
  training逐点包络外：lower点/光谱=0.000000%/0.000%；upper点/光谱=0.034719%/18.000%
  QQ拟合：raw R2=0.999213, RMSE=1.5509；model-normalized R2=0.999213, RMSE=0.0033333；training-standardized R2=0.997604, RMSE=0.254352
  QQ尾宽/oracle区间：lower=1.2148/[0.8598,1.1691]；upper=1.4520/[0.9223,1.1019]；overrun=True；underrun=False
  QQ四段比率[1-10,10-50,50-90,90-99]=[1.2342,1.1882,1.2761,1.6220]；尾部曲率RMSE(lower/upper)=0.0743/0.1849；oracle外分位点=41.58%
[24/126] CHL-S_water：MSE=86.284；RMSE=9.15547；shape-MSE/RMSE=0.0451265/0.209906；model-norm MSE/RMSE=0.000398575/0.0196775；cos=0.979274；r=0.977437；W1raw=4.293855；W1norm=0.037096
  平均谱：MSE=28.5867；cos=0.992581；r=0.991838
  train分布参照：generated/train MSE=39.0966；held-out/train MSE=51.3122；ratio=0.7619
  多样性MSE：train=115.52；generated=100.685；ratio=0.8716；Pearson-distance ratio=0.9007
  峰形多样性：position-std ratio=0.8368；height-IQR ratio=0.8613；width-IQR ratio=1.0289；position frozen=0.000%
  负值：min=-44.262；<-40点=0.014729%；<-40光谱=6.000%
  training逐点包络外：lower点/光谱=0.000000%/0.000%；upper点/光谱=0.001052%/2.000%
  QQ拟合：raw R2=0.999492, RMSE=1.52693；model-normalized R2=0.999492, RMSE=0.00328176；training-standardized R2=0.996319, RMSE=0.0748558
  QQ尾宽/oracle区间：lower=1.1416/[0.9430,1.1230]；upper=0.9403/[0.8826,1.1414]；overrun=True；underrun=False
  QQ四段比率[1-10,10-50,50-90,90-99]=[1.2814,1.0179,1.0414,0.8633]；尾部曲率RMSE(lower/upper)=0.1043/0.2360；oracle外分位点=1.98%
[25/126] DEL-H_CHL-H_soil：MSE=249.451；RMSE=15.3635；shape-MSE/RMSE=0.0413114/0.197757；model-norm MSE/RMSE=0.0011523/0.0330202；cos=0.981727；r=0.979344；W1raw=6.453472；W1norm=0.029871
  平均谱：MSE=37.0406；cos=0.997231；r=0.996828
  train分布参照：generated/train MSE=140.818；held-out/train MSE=166.001；ratio=0.8483
  多样性MSE：train=429.308；generated=373.178；ratio=0.8693；Pearson-distance ratio=0.8535
  峰形多样性：position-std ratio=0.9549；height-IQR ratio=1.0542；width-IQR ratio=1.0964；position frozen=0.000%
  负值：min=-61.141；<-40点=0.170437%；<-40光谱=32.000%
  training逐点包络外：lower点/光谱=0.011573%/12.000%；upper点/光谱=0.084166%/42.000%
  QQ拟合：raw R2=0.999429, RMSE=2.88405；model-normalized R2=0.999429, RMSE=0.00619858；training-standardized R2=0.992801, RMSE=0.258502
  QQ尾宽/oracle区间：lower=1.1020/[0.8637,1.1576]；upper=1.1018/[0.8955,1.1261]；overrun=False；underrun=False
  QQ四段比率[1-10,10-50,50-90,90-99]=[0.9482,1.3795,1.2722,0.9838]；尾部曲率RMSE(lower/upper)=0.3328/0.3398；oracle外分位点=64.36%
[26/126] DEL-H_CHL-H_water：MSE=324.156；RMSE=17.6078；shape-MSE/RMSE=0.0473748/0.21336；model-norm MSE/RMSE=0.00149738/0.0378438；cos=0.979227；r=0.976313；W1raw=7.760331；W1norm=0.037150
  平均谱：MSE=85.0544；cos=0.993303；r=0.992354
  train分布参照：generated/train MSE=155.898；held-out/train MSE=229.161；ratio=0.6803
  多样性MSE：train=409.016；generated=358.571；ratio=0.8767；Pearson-distance ratio=0.8755
  峰形多样性：position-std ratio=0.9890；height-IQR ratio=1.0655；width-IQR ratio=1.0932；position frozen=0.000%
  负值：min=-42.656；<-40点=0.006312%；<-40光谱=4.000%
  training逐点包络外：lower点/光谱=0.011573%/6.000%；upper点/光谱=0.057864%/32.000%
  QQ拟合：raw R2=0.999003, RMSE=3.71582；model-normalized R2=0.999003, RMSE=0.00798628；training-standardized R2=0.999376, RMSE=0.190051
  QQ尾宽/oracle区间：lower=1.1050/[0.8668,1.1359]；upper=1.1444/[0.8883,1.1178]；overrun=True；underrun=False
  QQ四段比率[1-10,10-50,50-90,90-99]=[1.0741,1.1487,1.0917,1.1906]；尾部曲率RMSE(lower/upper)=0.0825/0.0630；oracle外分位点=75.25%
[27/126] DEL-H_CHL-M_soil：MSE=229.602；RMSE=14.9964；shape-MSE/RMSE=0.0382854/0.194622；model-norm MSE/RMSE=0.00106061/0.0322312；cos=0.982948；r=0.980857；W1raw=6.036387；W1norm=0.030863
  平均谱：MSE=31.8224；cos=0.996913；r=0.996645
  train分布参照：generated/train MSE=108.639；held-out/train MSE=152.307；ratio=0.7133
  多样性MSE：train=320.599；generated=282.307；ratio=0.8806；Pearson-distance ratio=0.8367
  峰形多样性：position-std ratio=1.0269；height-IQR ratio=1.0426；width-IQR ratio=1.0096；position frozen=0.000%
  负值：min=-52.393；<-40点=0.106260%；<-40光谱=28.000%
  training逐点包络外：lower点/光谱=0.004208%/6.000%；upper点/光谱=0.120989%/66.000%
  QQ拟合：raw R2=0.999364, RMSE=1.98343；model-normalized R2=0.999364, RMSE=0.00426291；training-standardized R2=0.990808, RMSE=0.31862
  QQ尾宽/oracle区间：lower=1.5217/[0.9312,1.0817]；upper=1.2378/[0.8727,1.1249]；overrun=True；underrun=False
  QQ四段比率[1-10,10-50,50-90,90-99]=[1.6798,1.2985,1.0886,1.3618]；尾部曲率RMSE(lower/upper)=0.5103/0.1452；oracle外分位点=36.63%
[28/126] DEL-H_CHL-M_water：MSE=387.391；RMSE=19.1698；shape-MSE/RMSE=0.0518136/0.220784；model-norm MSE/RMSE=0.00178949/0.0412009；cos=0.977147；r=0.974093；W1raw=7.086607；W1norm=0.038324
  平均谱：MSE=91.1832；cos=0.993941；r=0.993059
  train分布参照：generated/train MSE=113.544；held-out/train MSE=334.869；ratio=0.3391
  多样性MSE：train=262.946；generated=235.602；ratio=0.8960；Pearson-distance ratio=0.9674
  峰形多样性：position-std ratio=1.0293；height-IQR ratio=0.9542；width-IQR ratio=1.1388；position frozen=0.000%
  负值：min=-46.399；<-40点=0.015781%；<-40光谱=10.000%
  training逐点包络外：lower点/光谱=0.001052%/2.000%；upper点/光谱=0.144135%/92.000%
  QQ拟合：raw R2=0.998340, RMSE=6.46373；model-normalized R2=0.998340, RMSE=0.0138923；training-standardized R2=0.986539, RMSE=0.332049
  QQ尾宽/oracle区间：lower=1.5802/[0.8853,1.1125]；upper=1.2586/[0.9133,1.1298]；overrun=True；underrun=False
  QQ四段比率[1-10,10-50,50-90,90-99]=[1.7937,1.2885,1.0257,1.4890]；尾部曲率RMSE(lower/upper)=0.5861/0.1707；oracle外分位点=24.75%
[29/126] DEL-H_CHL-S_soil：MSE=341.995；RMSE=18.2135；shape-MSE/RMSE=0.0576023/0.235727；model-norm MSE/RMSE=0.00157979/0.0391457；cos=0.974171；r=0.971199；W1raw=6.647133；W1norm=0.040002
  平均谱：MSE=46.5703；cos=0.994371；r=0.993635
  train分布参照：generated/train MSE=124.789；held-out/train MSE=245.658；ratio=0.5080
  多样性MSE：train=337.225；generated=291.069；ratio=0.8631；Pearson-distance ratio=0.8171
  峰形多样性：position-std ratio=0.9602；height-IQR ratio=0.9781；width-IQR ratio=1.0871；position frozen=0.000%
  负值：min=-60.431；<-40点=0.150447%；<-40光谱=38.000%
  training逐点包络外：lower点/光谱=0.001052%/2.000%；upper点/光谱=0.021042%/30.000%
  QQ拟合：raw R2=0.998795, RMSE=2.74758；model-normalized R2=0.998795, RMSE=0.00590527；training-standardized R2=0.997127, RMSE=0.205705
  QQ尾宽/oracle区间：lower=1.2605/[0.8804,1.1377]；upper=1.0808/[0.9260,1.1101]；overrun=True；underrun=False
  QQ四段比率[1-10,10-50,50-90,90-99]=[1.3869,1.1190,1.1442,1.0346]；尾部曲率RMSE(lower/upper)=0.1227/0.1847；oracle外分位点=43.56%
[30/126] DEL-H_CHL-S_water：MSE=221.903；RMSE=14.693；shape-MSE/RMSE=0.0532015/0.228464；model-norm MSE/RMSE=0.00102505/0.0315791；cos=0.976558；r=0.973399；W1raw=6.655702；W1norm=0.040216
  平均谱：MSE=57.4926；cos=0.994401；r=0.993639
  train分布参照：generated/train MSE=113.218；held-out/train MSE=186.728；ratio=0.6063
  多样性MSE：train=285.607；generated=279.928；ratio=0.9801；Pearson-distance ratio=0.9699
  峰形多样性：position-std ratio=1.0254；height-IQR ratio=1.1440；width-IQR ratio=1.0213；position frozen=0.000%
  负值：min=-46.994；<-40点=0.009469%；<-40光谱=6.000%
  training逐点包络外：lower点/光谱=0.008417%/6.000%；upper点/光谱=0.037875%/36.000%
  QQ拟合：raw R2=0.998351, RMSE=4.90247；model-normalized R2=0.998351, RMSE=0.0105367；training-standardized R2=0.997062, RMSE=0.22761
  QQ尾宽/oracle区间：lower=1.3764/[0.8977,1.1083]；upper=1.1625/[0.8984,1.1255]；overrun=True；underrun=False
  QQ四段比率[1-10,10-50,50-90,90-99]=[1.5677,1.1670,1.1498,1.1725]；尾部曲率RMSE(lower/upper)=0.1739/0.1154；oracle外分位点=60.40%
[31/126] DEL-H_TEB-H_CHL-H_soil：MSE=219.146；RMSE=14.1191；shape-MSE/RMSE=0.0140515/0.117232；model-norm MSE/RMSE=0.00101231/0.0303456；cos=0.993978；r=0.992974；W1raw=5.670542；W1norm=0.020590
  平均谱：MSE=31.9689；cos=0.998912；r=0.998737
  train分布参照：generated/train MSE=153.113；held-out/train MSE=124.676；ratio=1.2281
  多样性MSE：train=291.451；generated=253.937；ratio=0.8713；Pearson-distance ratio=0.9055
  峰形多样性：position-std ratio=1.0180；height-IQR ratio=1.1217；width-IQR ratio=1.2222；position frozen=0.000%
  负值：min=-46.178；<-40点=0.013677%；<-40光谱=10.000%
  training逐点包络外：lower点/光谱=0.000000%/0.000%；upper点/光谱=0.003156%/4.000%
  QQ拟合：raw R2=0.999760, RMSE=2.9305；model-normalized R2=0.999760, RMSE=0.00629842；training-standardized R2=0.996503, RMSE=0.220389
  QQ尾宽/oracle区间：lower=1.4354/[0.8913,1.1788]；upper=1.2659/[0.8399,1.1738]；overrun=True；underrun=False
  QQ四段比率[1-10,10-50,50-90,90-99]=[1.7122,1.2147,1.1765,1.3568]；尾部曲率RMSE(lower/upper)=0.2140/0.0885；oracle外分位点=9.90%
[32/126] DEL-H_TEB-H_CHL-H_water：MSE=181.53；RMSE=13.271；shape-MSE/RMSE=0.0138578/0.116031；model-norm MSE/RMSE=0.00083855/0.028523；cos=0.994327；r=0.993071；W1raw=5.838362；W1norm=0.020255
  平均谱：MSE=28.6162；cos=0.998974；r=0.998745
  train分布参照：generated/train MSE=123.541；held-out/train MSE=198.996；ratio=0.6208
  多样性MSE：train=261.045；generated=229.349；ratio=0.8786；Pearson-distance ratio=0.8212
  峰形多样性：position-std ratio=0.9676；height-IQR ratio=1.2552；width-IQR ratio=0.9049；position frozen=0.000%
  负值：min=-43.487；<-40点=0.008417%；<-40光谱=6.000%
  training逐点包络外：lower点/光谱=0.000000%/0.000%；upper点/光谱=0.004208%/6.000%
  QQ拟合：raw R2=0.999770, RMSE=1.47804；model-normalized R2=0.999770, RMSE=0.00317669；training-standardized R2=0.998761, RMSE=0.0850758
  QQ尾宽/oracle区间：lower=1.0524/[0.8793,1.1484]；upper=1.0491/[0.8514,1.1885]；overrun=False；underrun=False
  QQ四段比率[1-10,10-50,50-90,90-99]=[1.0861,1.0161,1.1086,0.9996]；尾部曲率RMSE(lower/upper)=0.0958/0.0514；oracle外分位点=0.00%
[33/126] DEL-H_TEB-H_CHL-M_soil：MSE=459.652；RMSE=20.0774；shape-MSE/RMSE=0.0168549/0.127585；model-norm MSE/RMSE=0.00212329/0.0431516；cos=0.992863；r=0.991573；W1raw=6.745776；W1norm=0.024396
  平均谱：MSE=46.4962；cos=0.998157；r=0.997816
  train分布参照：generated/train MSE=198.52；held-out/train MSE=395.736；ratio=0.5016
  多样性MSE：train=346.835；generated=299.998；ratio=0.8650；Pearson-distance ratio=0.9866
  峰形多样性：position-std ratio=0.9135；height-IQR ratio=1.1509；width-IQR ratio=1.1953；position frozen=0.000%
  负值：min=-53.706；<-40点=0.073645%；<-40光谱=16.000%
  training逐点包络外：lower点/光谱=0.000000%/0.000%；upper点/光谱=0.011573%/12.000%
  QQ拟合：raw R2=0.999675, RMSE=4.11912；model-normalized R2=0.999675, RMSE=0.00885308；training-standardized R2=0.996721, RMSE=0.200231
  QQ尾宽/oracle区间：lower=1.3582/[0.7921,1.2080]；upper=1.3207/[0.7502,1.2564]；overrun=True；underrun=False
  QQ四段比率[1-10,10-50,50-90,90-99]=[1.5695,1.1756,1.1426,1.5287]；尾部曲率RMSE(lower/upper)=0.1707/0.1343；oracle外分位点=7.92%
[34/126] DEL-H_TEB-H_CHL-M_water：MSE=312.296；RMSE=17.412；shape-MSE/RMSE=0.0161617/0.125795；model-norm MSE/RMSE=0.0014426/0.0374231；cos=0.993307；r=0.991919；W1raw=7.774253；W1norm=0.028056
  平均谱：MSE=106.786；cos=0.996762；r=0.996131
  train分布参照：generated/train MSE=113.154；held-out/train MSE=269.722；ratio=0.4195
  多样性MSE：train=231.158；generated=219.504；ratio=0.9496；Pearson-distance ratio=0.9298
  峰形多样性：position-std ratio=0.9389；height-IQR ratio=1.2850；width-IQR ratio=1.0592；position frozen=0.000%
  负值：min=-47.550；<-40点=0.014729%；<-40光谱=8.000%
  training逐点包络外：lower点/光谱=0.000000%/0.000%；upper点/光谱=0.001052%/2.000%
  QQ拟合：raw R2=0.998950, RMSE=5.08737；model-normalized R2=0.998950, RMSE=0.0109341；training-standardized R2=0.998028, RMSE=0.163613
  QQ尾宽/oracle区间：lower=0.8239/[0.9182,1.0822]；upper=1.0183/[0.9404,1.0718]；overrun=False；underrun=True
  QQ四段比率[1-10,10-50,50-90,90-99]=[0.8097,0.8414,0.8912,1.1583]；尾部曲率RMSE(lower/upper)=0.0742/0.1458；oracle外分位点=29.70%
[35/126] DEL-H_TEB-H_CHL-S_soil：MSE=438.509；RMSE=19.087；shape-MSE/RMSE=0.0144151/0.118216；model-norm MSE/RMSE=0.00202562/0.0410231；cos=0.993754；r=0.992792；W1raw=5.968831；W1norm=0.021497
  平均谱：MSE=31.8944；cos=0.998338；r=0.998075
  train分布参照：generated/train MSE=159.75；held-out/train MSE=265.611；ratio=0.6014
  多样性MSE：train=265.277；generated=257.617；ratio=0.9711；Pearson-distance ratio=0.8931
  峰形多样性：position-std ratio=0.8912；height-IQR ratio=1.1711；width-IQR ratio=0.9674；position frozen=0.000%
  负值：min=-49.427；<-40点=0.030510%；<-40光谱=16.000%
  training逐点包络外：lower点/光谱=0.003156%/4.000%；upper点/光谱=0.011573%/14.000%
  QQ拟合：raw R2=0.999397, RMSE=2.43612；model-normalized R2=0.999397, RMSE=0.00523587；training-standardized R2=0.993268, RMSE=0.178799
  QQ尾宽/oracle区间：lower=1.2709/[0.9266,1.0822]；upper=1.1863/[0.9143,1.1315]；overrun=True；underrun=False
  QQ四段比率[1-10,10-50,50-90,90-99]=[1.2761,1.2642,0.9936,1.4038]；尾部曲率RMSE(lower/upper)=0.1911/0.2230；oracle外分位点=7.92%
[36/126] DEL-H_TEB-H_CHL-S_water：MSE=249.946；RMSE=15.2436；shape-MSE/RMSE=0.0138438/0.116571；model-norm MSE/RMSE=0.00115458/0.0327625；cos=0.994254；r=0.993078；W1raw=6.109145；W1norm=0.022295
  平均谱：MSE=41.5424；cos=0.998712；r=0.998453
  train分布参照：generated/train MSE=211.162；held-out/train MSE=224.098；ratio=0.9423
  多样性MSE：train=295.71；generated=276.115；ratio=0.9337；Pearson-distance ratio=0.7434
  峰形多样性：position-std ratio=0.8242；height-IQR ratio=1.1801；width-IQR ratio=0.9050；position frozen=0.000%
  负值：min=-47.397；<-40点=0.036823%；<-40光谱=18.000%
  training逐点包络外：lower点/光谱=0.000000%/0.000%；upper点/光谱=0.012625%/12.000%
  QQ拟合：raw R2=0.999557, RMSE=3.39545；model-normalized R2=0.999557, RMSE=0.00729771；training-standardized R2=0.998940, RMSE=0.0700702
  QQ尾宽/oracle区间：lower=1.1544/[0.8744,1.1473]；upper=1.0298/[0.8395,1.2173]；overrun=True；underrun=False
  QQ四段比率[1-10,10-50,50-90,90-99]=[1.3057,1.0229,1.0880,0.9801]；尾部曲率RMSE(lower/upper)=0.0857/0.0588；oracle外分位点=0.99%
[37/126] DEL-H_TEB-H_soil：MSE=47.5047；RMSE=6.82016；shape-MSE/RMSE=0.0342223/0.183027；model-norm MSE/RMSE=0.00021944/0.0146583；cos=0.984180；r=0.982889；W1raw=2.606718；W1norm=0.031132
  平均谱：MSE=6.65832；cos=0.998165；r=0.998007
  train分布参照：generated/train MSE=22.5489；held-out/train MSE=38.1245；ratio=0.5915
  多样性MSE：train=68.462；generated=67.6163；ratio=0.9876；Pearson-distance ratio=0.9367
  峰形多样性：position-std ratio=0.9970；height-IQR ratio=1.3855；width-IQR ratio=1.1073；position frozen=0.000%
  负值：min=-33.774；<-40点=0.000000%；<-40光谱=0.000%
  training逐点包络外：lower点/光谱=0.000000%/0.000%；upper点/光谱=0.004283%/2.000%
  QQ拟合：raw R2=0.998860, RMSE=1.63987；model-normalized R2=0.998860, RMSE=0.00352452；training-standardized R2=0.990929, RMSE=0.41294
  QQ尾宽/oracle区间：lower=1.7015/[0.8910,1.1450]；upper=1.3087/[0.8797,1.1474]；overrun=True；underrun=False
  QQ四段比率[1-10,10-50,50-90,90-99]=[2.1678,1.2396,1.2324,1.3600]；尾部曲率RMSE(lower/upper)=0.5562/0.0840；oracle外分位点=63.37%
[38/126] DEL-H_TEB-H_water：MSE=38.8283；RMSE=6.13776；shape-MSE/RMSE=0.0273821/0.163237；model-norm MSE/RMSE=0.000179361/0.0131917；cos=0.987409；r=0.986309；W1raw=2.746602；W1norm=0.030724
  平均谱：MSE=15.3327；cos=0.994894；r=0.994428
  train分布参照：generated/train MSE=18.0654；held-out/train MSE=27.336；ratio=0.6609
  多样性MSE：train=45.1112；generated=44.8234；ratio=0.9936；Pearson-distance ratio=0.9883
  峰形多样性：position-std ratio=0.8809；height-IQR ratio=1.0180；width-IQR ratio=0.9950；position frozen=0.000%
  负值：min=-28.286；<-40点=0.000000%；<-40光谱=0.000%
  training逐点包络外：lower点/光谱=0.000000%/0.000%；upper点/光谱=0.000000%/0.000%
  QQ拟合：raw R2=0.998110, RMSE=1.98113；model-normalized R2=0.998110, RMSE=0.00425798；training-standardized R2=0.990783, RMSE=0.549959
  QQ尾宽/oracle区间：lower=1.7870/[0.8714,1.1967]；upper=1.7496/[0.9069,1.1345]；overrun=True；underrun=False
  QQ四段比率[1-10,10-50,50-90,90-99]=[2.0505,1.4537,1.3144,2.1248]；尾部曲率RMSE(lower/upper)=0.4812/0.4405；oracle外分位点=85.15%
[39/126] DEL-H_TEB-M_CHL-H_soil：MSE=189.999；RMSE=13.5694；shape-MSE/RMSE=0.0243931/0.154458；model-norm MSE/RMSE=0.000877669/0.0291643；cos=0.989627；r=0.987803；W1raw=5.351690；W1norm=0.024445
  平均谱：MSE=25.1148；cos=0.997853；r=0.997463
  train分布参照：generated/train MSE=79.1046；held-out/train MSE=152.289；ratio=0.5194
  多样性MSE：train=175.832；generated=162.142；ratio=0.9221；Pearson-distance ratio=0.8877
  峰形多样性：position-std ratio=1.0810；height-IQR ratio=1.2025；width-IQR ratio=1.0567；position frozen=0.000%
  负值：min=-37.217；<-40点=0.000000%；<-40光谱=0.000%
  training逐点包络外：lower点/光谱=0.000000%/0.000%；upper点/光谱=0.019989%/18.000%
  QQ拟合：raw R2=0.999716, RMSE=1.64952；model-normalized R2=0.999716, RMSE=0.00354525；training-standardized R2=0.997106, RMSE=0.111754
  QQ尾宽/oracle区间：lower=1.0530/[0.9267,1.0938]；upper=1.2211/[0.9169,1.1096]；overrun=True；underrun=False
  QQ四段比率[1-10,10-50,50-90,90-99]=[1.1016,0.9943,1.0837,1.3595]；尾部曲率RMSE(lower/upper)=0.1172/0.1473；oracle外分位点=4.95%
[40/126] DEL-H_TEB-M_CHL-H_water：MSE=269.219；RMSE=16.151；shape-MSE/RMSE=0.0192525/0.137512；model-norm MSE/RMSE=0.00124361/0.0347129；cos=0.992190；r=0.990374；W1raw=6.512025；W1norm=0.027707
  平均谱：MSE=61.5897；cos=0.997645；r=0.997083
  train分布参照：generated/train MSE=84.6489；held-out/train MSE=179.247；ratio=0.4722
  多样性MSE：train=220.626；generated=190.094；ratio=0.8616；Pearson-distance ratio=0.8665
  峰形多样性：position-std ratio=0.9641；height-IQR ratio=1.0450；width-IQR ratio=1.2184；position frozen=0.000%
  负值：min=-36.116；<-40点=0.000000%；<-40光谱=0.000%
  training逐点包络外：lower点/光谱=0.000000%/0.000%；upper点/光谱=0.044187%/32.000%
  QQ拟合：raw R2=0.999886, RMSE=3.96256；model-normalized R2=0.999886, RMSE=0.0085166；training-standardized R2=0.997030, RMSE=0.192837
  QQ尾宽/oracle区间：lower=1.1423/[0.9138,1.1031]；upper=0.9835/[0.9174,1.0921]；overrun=True；underrun=False
  QQ四段比率[1-10,10-50,50-90,90-99]=[1.2620,1.0331,0.9533,1.0142]；尾部曲率RMSE(lower/upper)=0.1514/0.1316；oracle外分位点=80.20%
[41/126] DEL-H_TEB-M_CHL-M_soil：MSE=229.15；RMSE=14.7671；shape-MSE/RMSE=0.0283621/0.165893；model-norm MSE/RMSE=0.00105852/0.0317383；cos=0.987850；r=0.985819；W1raw=6.540980；W1norm=0.030754
  平均谱：MSE=69.0758；cos=0.995622；r=0.994820
  train分布参照：generated/train MSE=86.7599；held-out/train MSE=180.249；ratio=0.4813
  多样性MSE：train=208.845；generated=179.226；ratio=0.8582；Pearson-distance ratio=0.8729
  峰形多样性：position-std ratio=0.9776；height-IQR ratio=0.9492；width-IQR ratio=0.9929；position frozen=0.000%
  负值：min=-36.281；<-40点=0.000000%；<-40光谱=0.000%
  training逐点包络外：lower点/光谱=0.000000%/0.000%；upper点/光谱=0.054708%/26.000%
  QQ拟合：raw R2=0.999748, RMSE=4.43466；model-normalized R2=0.999748, RMSE=0.00953124；training-standardized R2=0.998164, RMSE=0.106368
  QQ尾宽/oracle区间：lower=1.0401/[0.9099,1.1504]；upper=1.1313/[0.9040,1.1153]；overrun=True；underrun=False
  QQ四段比率[1-10,10-50,50-90,90-99]=[1.0172,1.0744,0.9543,1.3244]；尾部曲率RMSE(lower/upper)=0.0662/0.1469；oracle外分位点=0.99%
[42/126] DEL-H_TEB-M_CHL-M_water：MSE=209.099；RMSE=14.1837；shape-MSE/RMSE=0.022556/0.147619；model-norm MSE/RMSE=0.000965897/0.0304845；cos=0.990750；r=0.988722；W1raw=6.169225；W1norm=0.026913
  平均谱：MSE=44.4717；cos=0.998326；r=0.997936
  train分布参照：generated/train MSE=102.256；held-out/train MSE=143.264；ratio=0.7138
  多样性MSE：train=255.895；generated=224.502；ratio=0.8773；Pearson-distance ratio=1.0039
  峰形多样性：position-std ratio=0.9712；height-IQR ratio=0.8437；width-IQR ratio=1.2288；position frozen=0.000%
  负值：min=-41.426；<-40点=0.001052%；<-40光谱=2.000%
  training逐点包络外：lower点/光谱=0.000000%/0.000%；upper点/光谱=0.067333%/30.000%
  QQ拟合：raw R2=0.999683, RMSE=3.51977；model-normalized R2=0.999683, RMSE=0.00756491；training-standardized R2=0.997321, RMSE=0.184684
  QQ尾宽/oracle区间：lower=1.2247/[0.8731,1.1303]；upper=1.2186/[0.8736,1.1512]；overrun=True；underrun=False
  QQ四段比率[1-10,10-50,50-90,90-99]=[1.4634,1.0225,1.2077,1.2298]；尾部曲率RMSE(lower/upper)=0.1424/0.0975；oracle外分位点=3.96%
[43/126] DEL-H_TEB-M_CHL-S_soil：MSE=189.576；RMSE=13.5105；shape-MSE/RMSE=0.0282845/0.166331；model-norm MSE/RMSE=0.000875716/0.0290377；cos=0.987967；r=0.985858；W1raw=5.346669；W1norm=0.025188
  平均谱：MSE=32.6897；cos=0.997364；r=0.996934
  train分布参照：generated/train MSE=92.0455；held-out/train MSE=152.395；ratio=0.6040
  多样性MSE：train=182.966；generated=163.556；ratio=0.8939；Pearson-distance ratio=0.8460
  峰形多样性：position-std ratio=1.0076；height-IQR ratio=0.8815；width-IQR ratio=1.2238；position frozen=0.000%
  负值：min=-36.038；<-40点=0.000000%；<-40光谱=0.000%
  training逐点包络外：lower点/光谱=0.000000%/0.000%；upper点/光谱=0.008417%/14.000%
  QQ拟合：raw R2=0.999755, RMSE=2.59744；model-normalized R2=0.999755, RMSE=0.0055826；training-standardized R2=0.996601, RMSE=0.195716
  QQ尾宽/oracle区间：lower=1.2486/[0.9231,1.1139]；upper=1.1674/[0.8898,1.1528]；overrun=True；underrun=False
  QQ四段比率[1-10,10-50,50-90,90-99]=[1.3150,1.1710,1.0091,1.3316]；尾部曲率RMSE(lower/upper)=0.1514/0.1192；oracle外分位点=32.67%
[44/126] DEL-H_TEB-M_CHL-S_water：MSE=260.096；RMSE=15.7111；shape-MSE/RMSE=0.0240466/0.153461；model-norm MSE/RMSE=0.00120147/0.0337673；cos=0.990088；r=0.987977；W1raw=5.953473；W1norm=0.026205
  平均谱：MSE=40.4661；cos=0.998240；r=0.997850
  train分布参照：generated/train MSE=128.349；held-out/train MSE=191.789；ratio=0.6692
  多样性MSE：train=314.181；generated=270.372；ratio=0.8606；Pearson-distance ratio=0.9504
  峰形多样性：position-std ratio=1.0170；height-IQR ratio=1.1130；width-IQR ratio=1.5417；position frozen=0.000%
  负值：min=-35.299；<-40点=0.000000%；<-40光谱=0.000%
  training逐点包络外：lower点/光谱=0.000000%/0.000%；upper点/光谱=0.012625%/10.000%
  QQ拟合：raw R2=0.999538, RMSE=3.68569；model-normalized R2=0.999538, RMSE=0.00792151；training-standardized R2=0.997464, RMSE=0.161146
  QQ尾宽/oracle区间：lower=1.1037/[0.7927,1.2720]；upper=1.0364/[0.8291,1.2185]；overrun=False；underrun=False
  QQ四段比率[1-10,10-50,50-90,90-99]=[1.0602,1.1503,1.1525,0.9368]；尾部曲率RMSE(lower/upper)=0.1358/0.2011；oracle外分位点=0.00%
[45/126] DEL-H_TEB-M_soil：MSE=41.0418；RMSE=6.31815；shape-MSE/RMSE=0.0353319/0.185337；model-norm MSE/RMSE=0.000189586/0.0135794；cos=0.983723；r=0.982334；W1raw=2.287891；W1norm=0.027914
  平均谱：MSE=4.96796；cos=0.997777；r=0.997577
  train分布参照：generated/train MSE=19.3086；held-out/train MSE=28.6848；ratio=0.6731
  多样性MSE：train=57.8552；generated=50.1688；ratio=0.8671；Pearson-distance ratio=0.8801
  峰形多样性：position-std ratio=0.9971；height-IQR ratio=0.9768；width-IQR ratio=1.1454；position frozen=0.000%
  负值：min=-30.017；<-40点=0.000000%；<-40光谱=0.000%
  training逐点包络外：lower点/光谱=0.000000%/0.000%；upper点/光谱=0.011420%/4.000%
  QQ拟合：raw R2=0.999749, RMSE=0.534243；model-normalized R2=0.999749, RMSE=0.00114823；training-standardized R2=0.986773, RMSE=0.514378
  QQ尾宽/oracle区间：lower=1.8699/[0.8293,1.2326]；upper=1.5818/[0.9056,1.1013]；overrun=True；underrun=False
  QQ四段比率[1-10,10-50,50-90,90-99]=[2.2800,1.4116,1.2505,1.8493]；尾部曲率RMSE(lower/upper)=0.6490/0.3466；oracle外分位点=71.29%
[46/126] DEL-H_TEB-M_water：MSE=37.7649；RMSE=6.07497；shape-MSE/RMSE=0.0320484/0.176723；model-norm MSE/RMSE=0.000174449/0.0130567；cos=0.985357；r=0.983976；W1raw=2.357832；W1norm=0.026673
  平均谱：MSE=5.26254；cos=0.997854；r=0.997637
  train分布参照：generated/train MSE=20.857；held-out/train MSE=33.1693；ratio=0.6288
  多样性MSE：train=56.7881；generated=49.5411；ratio=0.8724；Pearson-distance ratio=0.8845
  峰形多样性：position-std ratio=1.0079；height-IQR ratio=1.1241；width-IQR ratio=1.2124；position frozen=0.000%
  负值：min=-22.868；<-40点=0.000000%；<-40光谱=0.000%
  training逐点包络外：lower点/光谱=0.000000%/0.000%；upper点/光谱=0.000000%/0.000%
  QQ拟合：raw R2=0.999349, RMSE=0.844793；model-normalized R2=0.999349, RMSE=0.00181568；training-standardized R2=0.991185, RMSE=0.485898
  QQ尾宽/oracle区间：lower=1.6529/[0.9169,1.1403]；upper=1.7540/[0.8830,1.1355]；overrun=True；underrun=False
  QQ四段比率[1-10,10-50,50-90,90-99]=[1.9521,1.3251,1.3981,2.0502]；尾部曲率RMSE(lower/upper)=0.3140/0.4634；oracle外分位点=66.34%
[47/126] DEL-H_TEB-S_CHL-H_soil：MSE=138.918；RMSE=11.583；shape-MSE/RMSE=0.0390397/0.194567；model-norm MSE/RMSE=0.000641707/0.024895；cos=0.983298；r=0.980480；W1raw=5.269776；W1norm=0.029189
  平均谱：MSE=23.2432；cos=0.997250；r=0.996794
  train分布参照：generated/train MSE=91.8242；held-out/train MSE=119.258；ratio=0.7700
  多样性MSE：train=208.091；generated=181.011；ratio=0.8699；Pearson-distance ratio=0.8407
  峰形多样性：position-std ratio=0.9738；height-IQR ratio=0.9918；width-IQR ratio=0.9124；position frozen=0.000%
  负值：min=-46.619；<-40点=0.027354%；<-40光谱=14.000%
  training逐点包络外：lower点/光谱=0.029458%/18.000%；upper点/光谱=0.016833%/14.000%
  QQ拟合：raw R2=0.999462, RMSE=2.35468；model-normalized R2=0.999462, RMSE=0.00506083；training-standardized R2=0.997670, RMSE=0.266271
  QQ尾宽/oracle区间：lower=1.4057/[0.8667,1.1574]；upper=1.3296/[0.8795,1.1245]；overrun=True；underrun=False
  QQ四段比率[1-10,10-50,50-90,90-99]=[1.6390,1.1876,1.2815,1.3801]；尾部曲率RMSE(lower/upper)=0.1476/0.0438；oracle外分位点=43.56%
[48/126] DEL-H_TEB-S_CHL-H_water：MSE=194.151；RMSE=13.7417；shape-MSE/RMSE=0.0341673/0.181426；model-norm MSE/RMSE=0.00089685/0.0295345；cos=0.986072；r=0.982916；W1raw=6.843106；W1norm=0.035181
  平均谱：MSE=51.5638；cos=0.996340；r=0.995503
  train分布参照：generated/train MSE=105.114；held-out/train MSE=301.974；ratio=0.3481
  多样性MSE：train=248.097；generated=214.626；ratio=0.8651；Pearson-distance ratio=0.9352
  峰形多样性：position-std ratio=0.8553；height-IQR ratio=1.0772；width-IQR ratio=0.9812；position frozen=0.000%
  负值：min=-34.167；<-40点=0.000000%；<-40光谱=0.000%
  training逐点包络外：lower点/光谱=0.003156%/4.000%；upper点/光谱=0.018937%/16.000%
  QQ拟合：raw R2=0.999034, RMSE=3.06232；model-normalized R2=0.999034, RMSE=0.00658175；training-standardized R2=0.983180, RMSE=0.151648
  QQ尾宽/oracle区间：lower=0.7804/[0.8644,1.1556]；upper=0.8306/[0.8386,1.1538]；overrun=False；underrun=True
  QQ四段比率[1-10,10-50,50-90,90-99]=[0.6727,0.9365,1.1074,0.6603]；尾部曲率RMSE(lower/upper)=0.5840/0.3177；oracle外分位点=4.95%
[49/126] DEL-H_TEB-S_CHL-M_soil：MSE=133.7；RMSE=11.3617；shape-MSE/RMSE=0.0310883/0.174626；model-norm MSE/RMSE=0.000617607/0.0244192；cos=0.986561；r=0.984456；W1raw=5.867226；W1norm=0.031523
  平均谱：MSE=45.6564；cos=0.995635；r=0.994855
  train分布参照：generated/train MSE=87.051；held-out/train MSE=151.289；ratio=0.5754
  多样性MSE：train=180.771；generated=156.805；ratio=0.8674；Pearson-distance ratio=0.8435
  峰形多样性：position-std ratio=0.9548；height-IQR ratio=0.9885；width-IQR ratio=1.0038；position frozen=0.000%
  负值：min=-35.871；<-40点=0.000000%；<-40光谱=0.000%
  training逐点包络外：lower点/光谱=0.000000%/0.000%；upper点/光谱=0.004208%/4.000%
  QQ拟合：raw R2=0.998896, RMSE=4.00387；model-normalized R2=0.998896, RMSE=0.00860538；training-standardized R2=0.997947, RMSE=0.118535
  QQ尾宽/oracle区间：lower=0.9689/[0.9284,1.0918]；upper=1.0666/[0.8871,1.1210]；overrun=False；underrun=False
  QQ四段比率[1-10,10-50,50-90,90-99]=[0.9754,0.9612,1.1262,1.0184]；尾部曲率RMSE(lower/upper)=0.1774/0.1012；oracle外分位点=11.88%
[50/126] DEL-H_TEB-S_CHL-M_water：MSE=241.141；RMSE=15.3761；shape-MSE/RMSE=0.0359397/0.187933；model-norm MSE/RMSE=0.00111391/0.0330472；cos=0.985232；r=0.982030；W1raw=6.953085；W1norm=0.037262
  平均谱：MSE=49.7885；cos=0.996456；r=0.995670
  train分布参照：generated/train MSE=93.6794；held-out/train MSE=252.983；ratio=0.3703
  多样性MSE：train=229.127；generated=209.539；ratio=0.9145；Pearson-distance ratio=0.8702
  峰形多样性：position-std ratio=0.9995；height-IQR ratio=0.8062；width-IQR ratio=1.0921；position frozen=0.000%
  负值：min=-35.862；<-40点=0.000000%；<-40光谱=0.000%
  training逐点包络外：lower点/光谱=0.010521%/6.000%；upper点/光谱=0.054708%/26.000%
  QQ拟合：raw R2=0.999387, RMSE=3.71643；model-normalized R2=0.999387, RMSE=0.00798758；training-standardized R2=0.998587, RMSE=0.264392
  QQ尾宽/oracle区间：lower=0.7871/[0.8770,1.1393]；upper=0.8505/[0.7581,1.2804]；overrun=False；underrun=True
  QQ四段比率[1-10,10-50,50-90,90-99]=[0.7119,0.8928,0.8308,0.8698]；尾部曲率RMSE(lower/upper)=0.1251/0.0622；oracle外分位点=58.42%
[51/126] DEL-H_TEB-S_CHL-S_soil：MSE=199.141；RMSE=13.8497；shape-MSE/RMSE=0.0486986/0.218508；model-norm MSE/RMSE=0.000919898/0.0297666；cos=0.979086；r=0.975651；W1raw=5.607788；W1norm=0.031891
  平均谱：MSE=28.4971；cos=0.996404；r=0.995754
  train分布参照：generated/train MSE=136.715；held-out/train MSE=153.046；ratio=0.8933
  多样性MSE：train=262.555；generated=228.544；ratio=0.8705；Pearson-distance ratio=0.9194
  峰形多样性：position-std ratio=0.9481；height-IQR ratio=1.0183；width-IQR ratio=1.6215；position frozen=0.000%
  负值：min=-49.665；<-40点=0.011573%；<-40光谱=6.000%
  training逐点包络外：lower点/光谱=0.005260%/4.000%；upper点/光谱=0.027354%/12.000%
  QQ拟合：raw R2=0.999668, RMSE=2.26495；model-normalized R2=0.999668, RMSE=0.00486799；training-standardized R2=0.997861, RMSE=0.131771
  QQ尾宽/oracle区间：lower=1.2848/[0.8941,1.1233]；upper=1.0914/[0.8396,1.1959]；overrun=True；underrun=False
  QQ四段比率[1-10,10-50,50-90,90-99]=[1.4991,1.1012,1.0901,1.0926]；尾部曲率RMSE(lower/upper)=0.1475/0.0862；oracle外分位点=2.97%
[52/126] DEL-H_TEB-S_CHL-S_water：MSE=303.956；RMSE=16.6904；shape-MSE/RMSE=0.0378876/0.193318；model-norm MSE/RMSE=0.00140407/0.035872；cos=0.984355；r=0.981056；W1raw=6.933412；W1norm=0.037414
  平均谱：MSE=74.2011；cos=0.996262；r=0.995544
  train分布参照：generated/train MSE=139.629；held-out/train MSE=386.383；ratio=0.3614
  多样性MSE：train=244.831；generated=225.459；ratio=0.9209；Pearson-distance ratio=0.8804
  峰形多样性：position-std ratio=0.9175；height-IQR ratio=1.1367；width-IQR ratio=0.9922；position frozen=0.000%
  负值：min=-40.217；<-40点=0.001052%；<-40光谱=2.000%
  training逐点包络外：lower点/光谱=0.003156%/4.000%；upper点/光谱=0.070489%/20.000%
  QQ拟合：raw R2=0.999600, RMSE=6.32279；model-normalized R2=0.999600, RMSE=0.0135893；training-standardized R2=0.998446, RMSE=0.249898
  QQ尾宽/oracle区间：lower=0.9776/[0.8608,1.1490]；upper=0.9071/[0.9153,1.0993]；overrun=False；underrun=True
  QQ四段比率[1-10,10-50,50-90,90-99]=[1.0183,0.9346,0.9550,0.8665]；尾部曲率RMSE(lower/upper)=0.0297/0.1509；oracle外分位点=85.15%
[53/126] DEL-H_TEB-S_soil：MSE=43.9763；RMSE=6.47798；shape-MSE/RMSE=0.0418315/0.199785；model-norm MSE/RMSE=0.000203141/0.0139229；cos=0.980699；r=0.979084；W1raw=2.560805；W1norm=0.033127
  平均谱：MSE=12.3029；cos=0.994620；r=0.994153
  train分布参照：generated/train MSE=20.4252；held-out/train MSE=28.2464；ratio=0.7231
  多样性MSE：train=57.5561；generated=50.5934；ratio=0.8790；Pearson-distance ratio=0.8755
  峰形多样性：position-std ratio=1.0224；height-IQR ratio=0.8709；width-IQR ratio=1.4674；position frozen=0.000%
  负值：min=-25.031；<-40点=0.000000%；<-40光谱=0.000%
  training逐点包络外：lower点/光谱=0.000000%/0.000%；upper点/光谱=0.004283%/6.000%
  QQ拟合：raw R2=0.998648, RMSE=1.60621；model-normalized R2=0.998648, RMSE=0.00345216；training-standardized R2=0.982446, RMSE=0.361455
  QQ尾宽/oracle区间：lower=1.6129/[0.8672,1.1203]；upper=1.6255/[0.8890,1.1788]；overrun=True；underrun=False
  QQ四段比率[1-10,10-50,50-90,90-99]=[2.1116,1.1400,1.2218,2.0195]；尾部曲率RMSE(lower/upper)=0.4964/0.6058；oracle外分位点=31.68%
[54/126] DEL-H_TEB-S_water：MSE=42.4218；RMSE=6.39767；shape-MSE/RMSE=0.0416282/0.200831；model-norm MSE/RMSE=0.00019596/0.0137503；cos=0.981070；r=0.979186；W1raw=2.827252；W1norm=0.033155
  平均谱：MSE=12.0179；cos=0.995224；r=0.994742
  train分布参照：generated/train MSE=24.3823；held-out/train MSE=33.0999；ratio=0.7366
  多样性MSE：train=65.2821；generated=58.103；ratio=0.8900；Pearson-distance ratio=0.9031
  峰形多样性：position-std ratio=0.9914；height-IQR ratio=1.1220；width-IQR ratio=1.1775；position frozen=0.000%
  负值：min=-27.574；<-40点=0.000000%；<-40光谱=0.000%
  training逐点包络外：lower点/光谱=0.000000%/0.000%；upper点/光谱=0.014276%/4.000%
  QQ拟合：raw R2=0.998321, RMSE=1.89315；model-normalized R2=0.998321, RMSE=0.00406888；training-standardized R2=0.992332, RMSE=0.599256
  QQ尾宽/oracle区间：lower=1.7688/[0.8592,1.2108]；upper=1.7175/[0.9091,1.1208]；overrun=True；underrun=False
  QQ四段比率[1-10,10-50,50-90,90-99]=[2.0374,1.4070,1.4306,1.9139]；尾部曲率RMSE(lower/upper)=0.5298/0.3911；oracle外分位点=75.25%
[55/126] DEL-H_soil：MSE=345.339；RMSE=17.5161；shape-MSE/RMSE=0.0391914/0.187292；model-norm MSE/RMSE=0.00159524/0.0376467；cos=0.983761；r=0.980404；W1raw=7.451256；W1norm=0.032468
  平均谱：MSE=86.5066；cos=0.995821；r=0.995084
  train分布参照：generated/train MSE=225.829；held-out/train MSE=210.758；ratio=1.0715
  多样性MSE：train=585.45；generated=503.63；ratio=0.8602；Pearson-distance ratio=0.9168
  峰形多样性：position-std ratio=0.9296；height-IQR ratio=1.0181；width-IQR ratio=1.1900；position frozen=0.000%
  负值：min=-54.244；<-40点=0.139900%；<-40光谱=30.000%
  training逐点包络外：lower点/光谱=0.035689%/12.000%；upper点/光谱=0.011420%/2.000%
  QQ拟合：raw R2=0.999443, RMSE=4.86673；model-normalized R2=0.999443, RMSE=0.0104599；training-standardized R2=0.992876, RMSE=0.193051
  QQ尾宽/oracle区间：lower=0.7551/[0.6996,1.3308]；upper=0.8501/[0.8303,1.2811]；overrun=False；underrun=False
  QQ四段比率[1-10,10-50,50-90,90-99]=[0.6351,0.8855,1.0301,0.6960]；尾部曲率RMSE(lower/upper)=0.3085/0.1334；oracle外分位点=9.90%
[56/126] DEL-H_water：MSE=2238.13；RMSE=42.2566；shape-MSE/RMSE=0.107433/0.282337；model-norm MSE/RMSE=0.0103387/0.0908207；cos=0.953723；r=0.946284；W1raw=13.578590；W1norm=0.041516
  平均谱：MSE=178.419；cos=0.995061；r=0.993910
  train分布参照：generated/train MSE=1116.85；held-out/train MSE=1256.96；ratio=0.8885
  多样性MSE：train=3363.77；generated=2854.77；ratio=0.8487；Pearson-distance ratio=0.9967
  峰形多样性：position-std ratio=1.0968；height-IQR ratio=0.8065；width-IQR ratio=1.2443；position frozen=0.000%
  负值：min=-132.366；<-40点=0.591006%；<-40光谱=28.000%
  training逐点包络外：lower点/光谱=0.141328%/16.000%；upper点/光谱=0.119914%/64.000%
  QQ拟合：raw R2=0.995624, RMSE=7.94337；model-normalized R2=0.995624, RMSE=0.0170724；training-standardized R2=0.984705, RMSE=0.277551
  QQ尾宽/oracle区间：lower=1.0384/[0.7327,1.3824]；upper=0.9811/[0.8359,1.1982]；overrun=False；underrun=False
  QQ四段比率[1-10,10-50,50-90,90-99]=[0.8037,1.4069,1.2622,0.7763]；尾部曲率RMSE(lower/upper)=0.4258/0.5850；oracle外分位点=30.69%
[57/126] DEL-M_CHL-H_soil：MSE=189.16；RMSE=13.5568；shape-MSE/RMSE=0.0637472/0.24886；model-norm MSE/RMSE=0.000873794/0.0291371；cos=0.971565；r=0.968126；W1raw=6.179583；W1norm=0.040323
  平均谱：MSE=28.6354；cos=0.995172；r=0.994543
  train分布参照：generated/train MSE=108.043；held-out/train MSE=127.41；ratio=0.8480
  多样性MSE：train=331.378；generated=283.104；ratio=0.8543；Pearson-distance ratio=0.9666
  峰形多样性：position-std ratio=0.9533；height-IQR ratio=1.0595；width-IQR ratio=1.0730；position frozen=0.000%
  负值：min=-52.544；<-40点=0.033666%；<-40光谱=14.000%
  training逐点包络外：lower点/光谱=0.138874%/16.000%；upper点/光谱=0.031562%/26.000%
  QQ拟合：raw R2=0.998821, RMSE=1.63892；model-normalized R2=0.998821, RMSE=0.00352248；training-standardized R2=0.995156, RMSE=0.0959109
  QQ尾宽/oracle区间：lower=1.0773/[0.9123,1.1117]；upper=0.9433/[0.8835,1.1584]；overrun=False；underrun=False
  QQ四段比率[1-10,10-50,50-90,90-99]=[1.0375,1.1282,0.9510,0.9362]；尾部曲率RMSE(lower/upper)=0.1518/0.2967；oracle外分位点=7.92%
[58/126] DEL-M_CHL-H_water：MSE=163.813；RMSE=12.6546；shape-MSE/RMSE=0.0448956/0.20967；model-norm MSE/RMSE=0.000756708/0.0271981；cos=0.979862；r=0.977552；W1raw=5.689712；W1norm=0.033630
  平均谱：MSE=23.3989；cos=0.996773；r=0.996423
  train分布参照：generated/train MSE=117.569；held-out/train MSE=136.791；ratio=0.8595
  多样性MSE：train=305.126；generated=261.889；ratio=0.8583；Pearson-distance ratio=0.9042
  峰形多样性：position-std ratio=1.0255；height-IQR ratio=1.0594；width-IQR ratio=1.2586；position frozen=0.000%
  负值：min=-82.910；<-40点=0.165176%；<-40光谱=48.000%
  training逐点包络外：lower点/光谱=0.053656%/12.000%；upper点/光谱=0.055760%/48.000%
  QQ拟合：raw R2=0.998574, RMSE=2.12145；model-normalized R2=0.998574, RMSE=0.00455956；training-standardized R2=0.991606, RMSE=0.218837
  QQ尾宽/oracle区间：lower=1.3863/[0.8813,1.1505]；upper=1.0492/[0.8812,1.1577]；overrun=True；underrun=False
  QQ四段比率[1-10,10-50,50-90,90-99]=[1.5295,1.2337,1.1201,0.9998]；尾部曲率RMSE(lower/upper)=0.1472/0.3831；oracle外分位点=35.64%
[59/126] DEL-M_CHL-M_soil：MSE=224.156；RMSE=14.5863；shape-MSE/RMSE=0.0655115/0.253533；model-norm MSE/RMSE=0.00103545/0.0313498；cos=0.970960；r=0.967244；W1raw=6.168642；W1norm=0.040049
  平均谱：MSE=54.8816；cos=0.992888；r=0.991915
  train分布参照：generated/train MSE=130.223；held-out/train MSE=150.511；ratio=0.8652
  多样性MSE：train=291.103；generated=261.993；ratio=0.9000；Pearson-distance ratio=0.8360
  峰形多样性：position-std ratio=1.0225；height-IQR ratio=0.9475；width-IQR ratio=0.9363；position frozen=0.000%
  负值：min=-45.867；<-40点=0.024198%；<-40光谱=6.000%
  training逐点包络外：lower点/光谱=0.000000%/0.000%；upper点/光谱=0.051552%/50.000%
  QQ拟合：raw R2=0.995882, RMSE=5.33431；model-normalized R2=0.995882, RMSE=0.0114648；training-standardized R2=0.991853, RMSE=0.341833
  QQ尾宽/oracle区间：lower=1.7282/[0.8977,1.1276]；upper=1.3632/[0.8804,1.1235]；overrun=True；underrun=False
  QQ四段比率[1-10,10-50,50-90,90-99]=[2.1427,1.3328,1.2840,1.4319]；尾部曲率RMSE(lower/upper)=0.3812/0.1132；oracle外分位点=53.47%
[60/126] DEL-M_CHL-M_water：MSE=259.772；RMSE=15.7132；shape-MSE/RMSE=0.0840497/0.283369；model-norm MSE/RMSE=0.00119998/0.0337717；cos=0.962905；r=0.957975；W1raw=6.270546；W1norm=0.044559
  平均谱：MSE=30.7839；cos=0.994434；r=0.993585
  train分布参照：generated/train MSE=147.405；held-out/train MSE=168.792；ratio=0.8733
  多样性MSE：train=379.101；generated=330.007；ratio=0.8705；Pearson-distance ratio=0.8808
  峰形多样性：position-std ratio=0.9073；height-IQR ratio=1.0131；width-IQR ratio=1.1080；position frozen=0.000%
  负值：min=-64.862；<-40点=0.048396%；<-40光谱=10.000%
  training逐点包络外：lower点/光谱=0.000000%/0.000%；upper点/光谱=0.081010%/38.000%
  QQ拟合：raw R2=0.998250, RMSE=1.93543；model-normalized R2=0.998250, RMSE=0.00415974；training-standardized R2=0.998381, RMSE=0.249708
  QQ尾宽/oracle区间：lower=1.3082/[0.8970,1.1152]；upper=1.3649/[0.9262,1.1088]；overrun=True；underrun=False
  QQ四段比率[1-10,10-50,50-90,90-99]=[1.3869,1.2125,1.2555,1.4683]；尾部曲率RMSE(lower/upper)=0.1418/0.1003；oracle外分位点=52.48%
[61/126] DEL-M_CHL-S_soil：MSE=165.117；RMSE=12.6537；shape-MSE/RMSE=0.0625105/0.247241；model-norm MSE/RMSE=0.000762733/0.0271962；cos=0.972025；r=0.968745；W1raw=5.638830；W1norm=0.040130
  平均谱：MSE=30.6825；cos=0.993941；r=0.993153
  train分布参照：generated/train MSE=98.7576；held-out/train MSE=143.886；ratio=0.6864
  多样性MSE：train=224.011；generated=221.345；ratio=0.9881；Pearson-distance ratio=0.9035
  峰形多样性：position-std ratio=0.9905；height-IQR ratio=1.2451；width-IQR ratio=1.2667；position frozen=0.000%
  负值：min=-57.066；<-40点=0.097843%；<-40光谱=24.000%
  training逐点包络外：lower点/光谱=0.000000%/0.000%；upper点/光谱=0.066281%/48.000%
  QQ拟合：raw R2=0.998597, RMSE=1.76036；model-normalized R2=0.998597, RMSE=0.00378349；training-standardized R2=0.996691, RMSE=0.245362
  QQ尾宽/oracle区间：lower=1.2486/[0.9005,1.0940]；upper=1.3654/[0.9018,1.0995]；overrun=True；underrun=False
  QQ四段比率[1-10,10-50,50-90,90-99]=[1.2502,1.2462,1.1470,1.5954]；尾部曲率RMSE(lower/upper)=0.1950/0.1746；oracle外分位点=48.51%
[62/126] DEL-M_CHL-S_water：MSE=271.934；RMSE=16.1997；shape-MSE/RMSE=0.103882/0.317277；model-norm MSE/RMSE=0.00125615/0.0348174；cos=0.953648；r=0.948059；W1raw=6.279586；W1norm=0.047754
  平均谱：MSE=25.6853；cos=0.994041；r=0.993207
  train分布参照：generated/train MSE=136.972；held-out/train MSE=161.488；ratio=0.8482
  多样性MSE：train=355.551；generated=338.274；ratio=0.9514；Pearson-distance ratio=0.9275
  峰形多样性：position-std ratio=1.0676；height-IQR ratio=0.9607；width-IQR ratio=1.0729；position frozen=0.000%
  负值：min=-65.623；<-40点=0.128353%；<-40光谱=30.000%
  training逐点包络外：lower点/光谱=0.001052%/2.000%；upper点/光谱=0.064177%/58.000%
  QQ拟合：raw R2=0.999159, RMSE=1.41643；model-normalized R2=0.999159, RMSE=0.00304428；training-standardized R2=0.994188, RMSE=0.294835
  QQ尾宽/oracle区间：lower=1.5528/[0.8867,1.1099]；upper=1.1564/[0.9295,1.0978]；overrun=True；underrun=False
  QQ四段比率[1-10,10-50,50-90,90-99]=[1.7710,1.2930,1.1533,1.1588]；尾部曲率RMSE(lower/upper)=0.2447/0.2134；oracle外分位点=42.57%
[63/126] DEL-M_TEB-H_CHL-H_soil：MSE=217.101；RMSE=14.3725；shape-MSE/RMSE=0.0217077/0.145869；model-norm MSE/RMSE=0.00100286/0.0308902；cos=0.990782；r=0.989146；W1raw=5.458234；W1norm=0.024700
  平均谱：MSE=36.4581；cos=0.997713；r=0.997315
  train分布参照：generated/train MSE=102.593；held-out/train MSE=237.343；ratio=0.4323
  多样性MSE：train=189.477；generated=164.197；ratio=0.8666；Pearson-distance ratio=0.8943
  峰形多样性：position-std ratio=0.8212；height-IQR ratio=0.9067；width-IQR ratio=1.0768；position frozen=0.000%
  负值：min=-45.156；<-40点=0.015781%；<-40光谱=6.000%
  training逐点包络外：lower点/光谱=0.002104%/2.000%；upper点/光谱=0.000000%/0.000%
  QQ拟合：raw R2=0.999728, RMSE=2.86698；model-normalized R2=0.999728, RMSE=0.00616191；training-standardized R2=0.988538, RMSE=0.20457
  QQ尾宽/oracle区间：lower=1.3454/[0.9026,1.1362]；upper=0.9181/[0.8710,1.1447]；overrun=True；underrun=False
  QQ四段比率[1-10,10-50,50-90,90-99]=[1.5555,1.1567,0.9405,0.8992]；尾部曲率RMSE(lower/upper)=0.3157/0.2350；oracle外分位点=8.91%
[64/126] DEL-M_TEB-H_CHL-H_water：MSE=208.283；RMSE=14.1493；shape-MSE/RMSE=0.0198768/0.139107；model-norm MSE/RMSE=0.000962129/0.0304106；cos=0.991782；r=0.990062；W1raw=6.251028；W1norm=0.026288
  平均谱：MSE=38.7242；cos=0.998668；r=0.998376
  train分布参照：generated/train MSE=102.081；held-out/train MSE=167.772；ratio=0.6085
  多样性MSE：train=221.469；generated=255.074；ratio=1.1517；Pearson-distance ratio=1.0502
  峰形多样性：position-std ratio=1.0615；height-IQR ratio=1.3497；width-IQR ratio=1.1460；position frozen=0.000%
  负值：min=-43.639；<-40点=0.005260%；<-40光谱=4.000%
  training逐点包络外：lower点/光谱=0.007365%/4.000%；upper点/光谱=0.127301%/48.000%
  QQ拟合：raw R2=0.999810, RMSE=3.11598；model-normalized R2=0.999810, RMSE=0.00669706；training-standardized R2=0.998354, RMSE=0.165408
  QQ尾宽/oracle区间：lower=1.1454/[0.9124,1.1238]；upper=1.1699/[0.9238,1.0983]；overrun=True；underrun=False
  QQ四段比率[1-10,10-50,50-90,90-99]=[1.1179,1.1786,1.0713,1.2792]；尾部曲率RMSE(lower/upper)=0.1453/0.1217；oracle外分位点=8.91%
[65/126] DEL-M_TEB-H_CHL-M_soil：MSE=161.792；RMSE=12.4418；shape-MSE/RMSE=0.0230839/0.149499；model-norm MSE/RMSE=0.000747373/0.0267407；cos=0.990191；r=0.988458；W1raw=5.657916；W1norm=0.025998
  平均谱：MSE=37.3429；cos=0.997249；r=0.996746
  train分布参照：generated/train MSE=66.2175；held-out/train MSE=197.463；ratio=0.3353
  多样性MSE：train=155.406；generated=135.578；ratio=0.8724；Pearson-distance ratio=0.9017
  峰形多样性：position-std ratio=0.9817；height-IQR ratio=1.1065；width-IQR ratio=1.2324；position frozen=0.000%
  负值：min=-38.597；<-40点=0.000000%；<-40光谱=0.000%
  training逐点包络外：lower点/光谱=0.000000%/0.000%；upper点/光谱=0.014729%/12.000%
  QQ拟合：raw R2=0.999802, RMSE=2.23525；model-normalized R2=0.999802, RMSE=0.00480414；training-standardized R2=0.996094, RMSE=0.0969475
  QQ尾宽/oracle区间：lower=1.0445/[0.9140,1.1037]；upper=1.1911/[0.9166,1.1219]；overrun=True；underrun=False
  QQ四段比率[1-10,10-50,50-90,90-99]=[1.1862,0.8947,1.0980,1.2745]；尾部曲率RMSE(lower/upper)=0.1059/0.1864；oracle外分位点=1.98%
[66/126] DEL-M_TEB-H_CHL-M_water：MSE=247.944；RMSE=15.4599；shape-MSE/RMSE=0.0274083/0.162677；model-norm MSE/RMSE=0.00114534/0.0332273；cos=0.988669；r=0.986296；W1raw=7.265761；W1norm=0.032143
  平均谱：MSE=87.0992；cos=0.995450；r=0.994469
  train分布参照：generated/train MSE=114.544；held-out/train MSE=169.943；ratio=0.6740
  多样性MSE：train=266.583；generated=244.116；ratio=0.9157；Pearson-distance ratio=0.9473
  峰形多样性：position-std ratio=0.9910；height-IQR ratio=1.0118；width-IQR ratio=1.1395；position frozen=0.000%
  负值：min=-45.953；<-40点=0.025250%；<-40光谱=16.000%
  training逐点包络外：lower点/光谱=0.000000%/0.000%；upper点/光谱=0.043135%/34.000%
  QQ拟合：raw R2=0.999485, RMSE=3.97951；model-normalized R2=0.999485, RMSE=0.00855302；training-standardized R2=0.991197, RMSE=0.173267
  QQ尾宽/oracle区间：lower=1.1431/[0.8890,1.1252]；upper=1.4309/[0.8994,1.0846]；overrun=True；underrun=False
  QQ四段比率[1-10,10-50,50-90,90-99]=[1.3224,0.9499,1.1506,1.7828]；尾部曲率RMSE(lower/upper)=0.1579/0.3533；oracle外分位点=4.95%
[67/126] DEL-M_TEB-H_CHL-S_soil：MSE=135.929；RMSE=11.5603；shape-MSE/RMSE=0.0216505/0.145747；model-norm MSE/RMSE=0.0006279/0.0248462；cos=0.990761；r=0.989175；W1raw=5.523614；W1norm=0.024804
  平均谱：MSE=38.347；cos=0.997095；r=0.996586
  train分布参照：generated/train MSE=84.0868；held-out/train MSE=102.368；ratio=0.8214
  多样性MSE：train=166.302；generated=143.489；ratio=0.8628；Pearson-distance ratio=0.7971
  峰形多样性：position-std ratio=0.8543；height-IQR ratio=1.1363；width-IQR ratio=1.1453；position frozen=0.000%
  负值：min=-39.919；<-40点=0.000000%；<-40光谱=0.000%
  training逐点包络外：lower点/光谱=0.005260%/6.000%；upper点/光谱=0.034719%/14.000%
  QQ拟合：raw R2=0.999518, RMSE=2.26536；model-normalized R2=0.999518, RMSE=0.00486886；training-standardized R2=0.995881, RMSE=0.139119
  QQ尾宽/oracle区间：lower=1.3063/[0.8854,1.1078]；upper=1.0872/[0.9302,1.0711]；overrun=True；underrun=False
  QQ四段比率[1-10,10-50,50-90,90-99]=[1.6449,1.0104,1.1660,1.0326]；尾部曲率RMSE(lower/upper)=0.2058/0.0710；oracle外分位点=2.97%
[68/126] DEL-M_TEB-H_CHL-S_water：MSE=187.712；RMSE=13.4786；shape-MSE/RMSE=0.021081/0.143326；model-norm MSE/RMSE=0.000867107/0.028969；cos=0.991188；r=0.989460；W1raw=6.115325；W1norm=0.026780
  平均谱：MSE=50.3205；cos=0.997280；r=0.996757
  train分布参照：generated/train MSE=109.425；held-out/train MSE=129.061；ratio=0.8479
  多样性MSE：train=247.108；generated=222.786；ratio=0.9016；Pearson-distance ratio=0.9317
  峰形多样性：position-std ratio=0.9324；height-IQR ratio=0.8669；width-IQR ratio=1.0678；position frozen=0.000%
  负值：min=-42.143；<-40点=0.008417%；<-40光谱=8.000%
  training逐点包络外：lower点/光谱=0.000000%/0.000%；upper点/光谱=0.019989%/20.000%
  QQ拟合：raw R2=0.998854, RMSE=3.37042；model-normalized R2=0.998854, RMSE=0.00724392；training-standardized R2=0.995246, RMSE=0.204195
  QQ尾宽/oracle区间：lower=1.3968/[0.9077,1.1162]；upper=1.2471/[0.9281,1.1045]；overrun=True；underrun=False
  QQ四段比率[1-10,10-50,50-90,90-99]=[1.7195,1.1214,1.1273,1.3771]；尾部曲率RMSE(lower/upper)=0.2812/0.1698；oracle外分位点=18.81%
[69/126] DEL-M_TEB-H_soil：MSE=37.3412；RMSE=5.98334；shape-MSE/RMSE=0.0349034/0.182866；model-norm MSE/RMSE=0.000172492/0.0128598；cos=0.983921；r=0.982548；W1raw=2.467861；W1norm=0.031870
  平均谱：MSE=7.96132；cos=0.996455；r=0.996142
  train分布参照：generated/train MSE=19.8938；held-out/train MSE=24.3661；ratio=0.8165
  多样性MSE：train=56.4475；generated=49.5087；ratio=0.8771；Pearson-distance ratio=0.8627
  峰形多样性：position-std ratio=1.0029；height-IQR ratio=1.0803；width-IQR ratio=1.0353；position frozen=0.000%
  负值：min=-17.050；<-40点=0.000000%；<-40光谱=0.000%
  training逐点包络外：lower点/光谱=0.000000%/0.000%；upper点/光谱=0.000000%/0.000%
  QQ拟合：raw R2=0.999041, RMSE=0.857005；model-normalized R2=0.999041, RMSE=0.00184194；training-standardized R2=0.996368, RMSE=0.319546
  QQ尾宽/oracle区间：lower=1.2247/[0.9163,1.1259]；upper=1.4837/[0.8526,1.1682]；overrun=True；underrun=False
  QQ四段比率[1-10,10-50,50-90,90-99]=[1.2130,1.2438,1.1935,1.7520]；尾部曲率RMSE(lower/upper)=0.1240/0.2837；oracle外分位点=67.33%
[70/126] DEL-M_TEB-H_water：MSE=35.986；RMSE=5.91769；shape-MSE/RMSE=0.0305999/0.172635；model-norm MSE/RMSE=0.000166231/0.0127187；cos=0.986011；r=0.984700；W1raw=2.590582；W1norm=0.028963
  平均谱：MSE=10.7193；cos=0.995687；r=0.995284
  train分布参照：generated/train MSE=18.3284；held-out/train MSE=24.039；ratio=0.7624
  多样性MSE：train=46.0111；generated=46.7171；ratio=1.0153；Pearson-distance ratio=0.9921
  峰形多样性：position-std ratio=1.1691；height-IQR ratio=1.0390；width-IQR ratio=1.3441；position frozen=0.000%
  负值：min=-21.259；<-40点=0.000000%；<-40光谱=0.000%
  training逐点包络外：lower点/光谱=0.000000%/0.000%；upper点/光谱=0.004283%/2.000%
  QQ拟合：raw R2=0.998762, RMSE=1.69333；model-normalized R2=0.998762, RMSE=0.00363942；training-standardized R2=0.986343, RMSE=0.527824
  QQ尾宽/oracle区间：lower=1.7756/[0.8819,1.1861]；upper=1.7376/[0.9208,1.1015]；overrun=True；underrun=False
  QQ四段比率[1-10,10-50,50-90,90-99]=[2.2406,1.2930,1.3493,2.0540]；尾部曲率RMSE(lower/upper)=0.5283/0.5892；oracle外分位点=53.47%
[71/126] DEL-M_TEB-M_CHL-H_soil：MSE=156.782；RMSE=12.3805；shape-MSE/RMSE=0.0399335/0.197011；model-norm MSE/RMSE=0.000724229/0.026609；cos=0.983100；r=0.980033；W1raw=5.872913；W1norm=0.031636
  平均谱：MSE=47.9525；cos=0.994770；r=0.993758
  train分布参照：generated/train MSE=95.4861；held-out/train MSE=202.478；ratio=0.4716
  多样性MSE：train=222.892；generated=194.997；ratio=0.8748；Pearson-distance ratio=0.8722
  峰形多样性：position-std ratio=1.0110；height-IQR ratio=1.1538；width-IQR ratio=0.9500；position frozen=0.000%
  负值：min=-35.338；<-40点=0.000000%；<-40光谱=0.000%
  training逐点包络外：lower点/光谱=0.000000%/0.000%；upper点/光谱=0.013677%/14.000%
  QQ拟合：raw R2=0.999574, RMSE=2.96117；model-normalized R2=0.999574, RMSE=0.00636434；training-standardized R2=0.995345, RMSE=0.176231
  QQ尾宽/oracle区间：lower=1.0761/[0.8697,1.1350]；upper=1.3329/[0.8436,1.1435]；overrun=True；underrun=False
  QQ四段比率[1-10,10-50,50-90,90-99]=[1.0659,1.0894,1.2022,1.4582]；尾部曲率RMSE(lower/upper)=0.2543/0.1330；oracle外分位点=18.81%
[72/126] DEL-M_TEB-M_CHL-H_water：MSE=236.495；RMSE=15.2371；shape-MSE/RMSE=0.0396284/0.197936；model-norm MSE/RMSE=0.00109245/0.0327486；cos=0.983506；r=0.980186；W1raw=6.931774；W1norm=0.035895
  平均谱：MSE=54.6146；cos=0.995386；r=0.994394
  train分布参照：generated/train MSE=115.189；held-out/train MSE=209.442；ratio=0.5500
  多样性MSE：train=253.82；generated=221.181；ratio=0.8714；Pearson-distance ratio=0.7973
  峰形多样性：position-std ratio=0.9167；height-IQR ratio=1.2078；width-IQR ratio=0.9870；position frozen=0.000%
  负值：min=-36.119；<-40点=0.000000%；<-40光谱=0.000%
  training逐点包络外：lower点/光谱=0.000000%/0.000%；upper点/光谱=0.033666%/22.000%
  QQ拟合：raw R2=0.999624, RMSE=1.47673；model-normalized R2=0.999624, RMSE=0.00317387；training-standardized R2=0.997344, RMSE=0.134731
  QQ尾宽/oracle区间：lower=1.0086/[0.8629,1.1686]；upper=0.8967/[0.8984,1.1472]；overrun=False；underrun=True
  QQ四段比率[1-10,10-50,50-90,90-99]=[1.0831,0.9281,0.8842,0.9074]；尾部曲率RMSE(lower/upper)=0.0741/0.1965；oracle外分位点=9.90%
[73/126] DEL-M_TEB-M_CHL-M_soil：MSE=161.005；RMSE=12.35；shape-MSE/RMSE=0.0409118/0.198042；model-norm MSE/RMSE=0.000743738/0.0265434；cos=0.982696；r=0.979544；W1raw=5.706325；W1norm=0.032761
  平均谱：MSE=37.9002；cos=0.995063；r=0.994117
  train分布参照：generated/train MSE=94.1356；held-out/train MSE=154.367；ratio=0.6098
  多样性MSE：train=203.681；generated=176.319；ratio=0.8657；Pearson-distance ratio=0.8140
  峰形多样性：position-std ratio=0.9434；height-IQR ratio=1.1258；width-IQR ratio=0.8676；position frozen=0.000%
  负值：min=-36.683；<-40点=0.000000%；<-40光谱=0.000%
  training逐点包络外：lower点/光谱=0.000000%/0.000%；upper点/光谱=0.049448%/24.000%
  QQ拟合：raw R2=0.999749, RMSE=1.57859；model-normalized R2=0.999749, RMSE=0.00339282；training-standardized R2=0.997576, RMSE=0.152487
  QQ尾宽/oracle区间：lower=1.2884/[0.9035,1.1231]；upper=1.0895/[0.8955,1.1013]；overrun=True；underrun=False
  QQ四段比率[1-10,10-50,50-90,90-99]=[1.4295,1.1378,1.0519,1.1241]；尾部曲率RMSE(lower/upper)=0.1770/0.0476；oracle外分位点=3.96%
[74/126] DEL-M_TEB-M_CHL-M_water：MSE=170.713；RMSE=12.9247；shape-MSE/RMSE=0.0282535/0.166869；model-norm MSE/RMSE=0.00078858/0.0277787；cos=0.988122；r=0.985873；W1raw=5.608473；W1norm=0.030398
  平均谱：MSE=25.8785；cos=0.998057；r=0.997733
  train分布参照：generated/train MSE=95.7941；held-out/train MSE=140.861；ratio=0.6801
  多样性MSE：train=233.986；generated=202.696；ratio=0.8663；Pearson-distance ratio=0.8716
  峰形多样性：position-std ratio=0.9227；height-IQR ratio=1.1585；width-IQR ratio=1.2380；position frozen=0.000%
  负值：min=-35.750；<-40点=0.000000%；<-40光谱=0.000%
  training逐点包络外：lower点/光谱=0.000000%/0.000%；upper点/光谱=0.032614%/36.000%
  QQ拟合：raw R2=0.999675, RMSE=1.63637；model-normalized R2=0.999675, RMSE=0.003517；training-standardized R2=0.998070, RMSE=0.1976
  QQ尾宽/oracle区间：lower=1.3209/[0.9292,1.0751]；upper=1.2187/[0.9206,1.1014]；overrun=True；underrun=False
  QQ四段比率[1-10,10-50,50-90,90-99]=[1.4731,1.1696,1.1379,1.2946]；尾部曲率RMSE(lower/upper)=0.1206/0.0964；oracle外分位点=28.71%
[75/126] DEL-M_TEB-M_CHL-S_soil：MSE=133.226；RMSE=11.3442；shape-MSE/RMSE=0.0371859/0.190302；model-norm MSE/RMSE=0.000615418/0.0243817；cos=0.984220；r=0.981407；W1raw=5.487397；W1norm=0.031177
  平均谱：MSE=40.7654；cos=0.994348；r=0.993268
  train分布参照：generated/train MSE=75.9204；held-out/train MSE=137.359；ratio=0.5527
  多样性MSE：train=171.445；generated=150.626；ratio=0.8786；Pearson-distance ratio=0.8658
  峰形多样性：position-std ratio=0.9047；height-IQR ratio=1.0896；width-IQR ratio=1.0881；position frozen=0.000%
  负值：min=-32.717；<-40点=0.000000%；<-40光谱=0.000%
  training逐点包络外：lower点/光谱=0.000000%/0.000%；upper点/光谱=0.064177%/30.000%
  QQ拟合：raw R2=0.999230, RMSE=1.514；model-normalized R2=0.999230, RMSE=0.00325398；training-standardized R2=0.996334, RMSE=0.171096
  QQ尾宽/oracle区间：lower=1.2672/[0.9140,1.1095]；upper=1.3390/[0.9012,1.1005]；overrun=True；underrun=False
  QQ四段比率[1-10,10-50,50-90,90-99]=[1.4611,1.0745,1.1286,1.5479]；尾部曲率RMSE(lower/upper)=0.1688/0.2167；oracle外分位点=7.92%
[76/126] DEL-M_TEB-M_CHL-S_water：MSE=207.079；RMSE=14.1244；shape-MSE/RMSE=0.0355957/0.185378；model-norm MSE/RMSE=0.000956567/0.030357；cos=0.985221；r=0.982202；W1raw=6.035127；W1norm=0.032642
  平均谱：MSE=37.5723；cos=0.997205；r=0.996681
  train分布参照：generated/train MSE=120.072；held-out/train MSE=182.567；ratio=0.6577
  多样性MSE：train=306.272；generated=268.882；ratio=0.8779；Pearson-distance ratio=0.9136
  峰形多样性：position-std ratio=0.9391；height-IQR ratio=0.9554；width-IQR ratio=0.9010；position frozen=0.000%
  负值：min=-39.168；<-40点=0.000000%；<-40光谱=0.000%
  training逐点包络外：lower点/光谱=0.002104%/4.000%；upper点/光谱=0.010521%/14.000%
  QQ拟合：raw R2=0.999744, RMSE=1.65558；model-normalized R2=0.999744, RMSE=0.00355827；training-standardized R2=0.997619, RMSE=0.17769
  QQ尾宽/oracle区间：lower=1.2714/[0.9081,1.1325]；upper=1.1836/[0.8616,1.1917]；overrun=True；underrun=False
  QQ四段比率[1-10,10-50,50-90,90-99]=[1.3254,1.2093,1.1124,1.2553]；尾部曲率RMSE(lower/upper)=0.0612/0.1846；oracle外分位点=4.95%
[77/126] DEL-M_TEB-M_soil：MSE=40.2407；RMSE=6.18869；shape-MSE/RMSE=0.0404688/0.19695；model-norm MSE/RMSE=0.000185885/0.0133011；cos=0.981316；r=0.979766；W1raw=2.354436；W1norm=0.031278
  平均谱：MSE=5.47648；cos=0.997334；r=0.997124
  train分布参照：generated/train MSE=19.9972；held-out/train MSE=28.4381；ratio=0.7032
  多样性MSE：train=61.6437；generated=53.9169；ratio=0.8747；Pearson-distance ratio=0.8419
  峰形多样性：position-std ratio=0.8795；height-IQR ratio=0.9773；width-IQR ratio=1.0064；position frozen=0.000%
  负值：min=-21.586；<-40点=0.000000%；<-40光谱=0.000%
  training逐点包络外：lower点/光谱=0.000000%/0.000%；upper点/光谱=0.014276%/6.000%
  QQ拟合：raw R2=0.998863, RMSE=0.920577；model-normalized R2=0.998863, RMSE=0.00197856；training-standardized R2=0.997527, RMSE=0.39708
  QQ尾宽/oracle区间：lower=1.4907/[0.8868,1.1496]；upper=1.4453/[0.8962,1.1520]；overrun=True；underrun=False
  QQ四段比率[1-10,10-50,50-90,90-99]=[1.6505,1.2958,1.3743,1.4941]；尾部曲率RMSE(lower/upper)=0.1818/0.1394；oracle外分位点=70.30%
[78/126] DEL-M_TEB-M_water：MSE=41.3614；RMSE=6.30878；shape-MSE/RMSE=0.0391388/0.19463；model-norm MSE/RMSE=0.000191062/0.0135592；cos=0.982232；r=0.980431；W1raw=2.644086；W1norm=0.030351
  平均谱：MSE=10.0437；cos=0.995497；r=0.995012
  train分布参照：generated/train MSE=22.6496；held-out/train MSE=24.3038；ratio=0.9319
  多样性MSE：train=57.5829；generated=59.5299；ratio=1.0338；Pearson-distance ratio=1.0287
  峰形多样性：position-std ratio=1.1026；height-IQR ratio=1.3579；width-IQR ratio=1.1819；position frozen=0.000%
  负值：min=-24.783；<-40点=0.000000%；<-40光谱=0.000%
  training逐点包络外：lower点/光谱=0.000000%/0.000%；upper点/光谱=0.014276%/4.000%
  QQ拟合：raw R2=0.999245, RMSE=1.06444；model-normalized R2=0.999245, RMSE=0.00228775；training-standardized R2=0.983067, RMSE=0.552056
  QQ尾宽/oracle区间：lower=1.9453/[0.8059,1.2398]；upper=1.8314/[0.9034,1.1191]；overrun=True；underrun=False
  QQ四段比率[1-10,10-50,50-90,90-99]=[2.4042,1.4597,1.2507,2.4391]；尾部曲率RMSE(lower/upper)=0.5912/0.5161；oracle外分位点=78.22%
[79/126] DEL-M_TEB-S_CHL-H_soil：MSE=178.451；RMSE=13.0746；shape-MSE/RMSE=0.0668529/0.255253；model-norm MSE/RMSE=0.000824325/0.0281008；cos=0.971381；r=0.966574；W1raw=5.771723；W1norm=0.040653
  平均谱：MSE=38.142；cos=0.991461；r=0.989887
  train分布参照：generated/train MSE=90.4863；held-out/train MSE=219.61；ratio=0.4120
  多样性MSE：train=222.001；generated=191.024；ratio=0.8605；Pearson-distance ratio=0.9162
  峰形多样性：position-std ratio=1.0902；height-IQR ratio=0.9097；width-IQR ratio=1.1185；position frozen=0.000%
  负值：min=-40.563；<-40点=0.001052%；<-40光谱=2.000%
  training逐点包络外：lower点/光谱=0.000000%/0.000%；upper点/光谱=0.021042%/8.000%
  QQ拟合：raw R2=0.999049, RMSE=1.6662；model-normalized R2=0.999049, RMSE=0.00358112；training-standardized R2=0.997129, RMSE=0.0667134
  QQ尾宽/oracle区间：lower=1.0242/[0.8499,1.1381]；upper=0.9437/[0.9113,1.1168]；overrun=False；underrun=False
  QQ四段比率[1-10,10-50,50-90,90-99]=[1.0102,1.0404,1.0848,0.8437]；尾部曲率RMSE(lower/upper)=0.0812/0.2402；oracle外分位点=0.00%
[80/126] DEL-M_TEB-S_CHL-H_water：MSE=190.586；RMSE=13.4793；shape-MSE/RMSE=0.048664/0.217427；model-norm MSE/RMSE=0.000880382/0.0289705；cos=0.979977；r=0.975668；W1raw=6.163076；W1norm=0.039421
  平均谱：MSE=35.2852；cos=0.995082；r=0.993976
  train分布参照：generated/train MSE=104.949；held-out/train MSE=218.575；ratio=0.4801
  多样性MSE：train=281.834；generated=235.593；ratio=0.8359；Pearson-distance ratio=1.1282
  峰形多样性：position-std ratio=0.9690；height-IQR ratio=0.8399；width-IQR ratio=1.3555；position frozen=0.000%
  负值：min=-60.103；<-40点=0.025250%；<-40光谱=6.000%
  training逐点包络外：lower点/光谱=0.000000%/0.000%；upper点/光谱=0.087322%/20.000%
  QQ拟合：raw R2=0.998615, RMSE=1.88694；model-normalized R2=0.998615, RMSE=0.00405553；training-standardized R2=0.997932, RMSE=0.110655
  QQ尾宽/oracle区间：lower=1.1837/[0.9116,1.1333]；upper=1.0141/[0.9024,1.1126]；overrun=True；underrun=False
  QQ四段比率[1-10,10-50,50-90,90-99]=[1.3014,1.0854,1.1172,0.9213]；尾部曲率RMSE(lower/upper)=0.1162/0.1490；oracle外分位点=1.98%
[81/126] DEL-M_TEB-S_CHL-M_soil：MSE=158.544；RMSE=12.342；shape-MSE/RMSE=0.0664664/0.254037；model-norm MSE/RMSE=0.000732366/0.0265263；cos=0.971735；r=0.966767；W1raw=6.187694；W1norm=0.046587
  平均谱：MSE=48.5965；cos=0.989118；r=0.987111
  train分布参照：generated/train MSE=78.8939；held-out/train MSE=215.191；ratio=0.3666
  多样性MSE：train=161.038；generated=138.527；ratio=0.8602；Pearson-distance ratio=0.9092
  峰形多样性：position-std ratio=1.0492；height-IQR ratio=0.9763；width-IQR ratio=0.9079；position frozen=0.000%
  负值：min=-38.448；<-40点=0.000000%；<-40光谱=0.000%
  training逐点包络外：lower点/光谱=0.000000%/0.000%；upper点/光谱=0.011573%/10.000%
  QQ拟合：raw R2=0.998525, RMSE=2.83255；model-normalized R2=0.998525, RMSE=0.0060879；training-standardized R2=0.995116, RMSE=0.140058
  QQ尾宽/oracle区间：lower=0.8742/[0.9006,1.0925]；upper=1.0513/[0.8914,1.1559]；overrun=False；underrun=True
  QQ四段比率[1-10,10-50,50-90,90-99]=[0.9189,0.8271,0.9957,1.1067]；尾部曲率RMSE(lower/upper)=0.2129/0.1287；oracle外分位点=5.94%
[82/126] DEL-M_TEB-S_CHL-M_water：MSE=347.595；RMSE=17.8922；shape-MSE/RMSE=0.0710427/0.262852；model-norm MSE/RMSE=0.00160566/0.038455；cos=0.970853；r=0.964479；W1raw=6.713769；W1norm=0.047189
  平均谱：MSE=68.457；cos=0.994930；r=0.993763
  train分布参照：generated/train MSE=156.625；held-out/train MSE=181.091；ratio=0.8649
  多样性MSE：train=323.778；generated=280.232；ratio=0.8655；Pearson-distance ratio=0.9463
  峰形多样性：position-std ratio=0.9673；height-IQR ratio=1.2551；width-IQR ratio=1.1021；position frozen=0.000%
  负值：min=-42.976；<-40点=0.005260%；<-40光谱=4.000%
  training逐点包络外：lower点/光谱=0.000000%/0.000%；upper点/光谱=0.005260%/10.000%
  QQ拟合：raw R2=0.999487, RMSE=5.31412；model-normalized R2=0.999487, RMSE=0.0114214；training-standardized R2=0.995108, RMSE=0.228919
  QQ尾宽/oracle区间：lower=1.2528/[0.9169,1.1205]；upper=1.0213/[0.8842,1.1137]；overrun=True；underrun=False
  QQ四段比率[1-10,10-50,50-90,90-99]=[1.4243,1.0960,0.9409,1.1039]；尾部曲率RMSE(lower/upper)=0.1315/0.1865；oracle外分位点=42.57%
[83/126] DEL-M_TEB-S_CHL-S_soil：MSE=231.343；RMSE=15.0241；shape-MSE/RMSE=0.0899916/0.295987；model-norm MSE/RMSE=0.00106865/0.0322908；cos=0.961593；r=0.955004；W1raw=6.061410；W1norm=0.051875
  平均谱：MSE=57.6631；cos=0.987936；r=0.985760
  train分布参照：generated/train MSE=85.1563；held-out/train MSE=148.957；ratio=0.5717
  多样性MSE：train=176.481；generated=151.59；ratio=0.8590；Pearson-distance ratio=0.8235
  峰形多样性：position-std ratio=0.9019；height-IQR ratio=0.8649；width-IQR ratio=0.8553；position frozen=0.000%
  负值：min=-35.891；<-40点=0.000000%；<-40光谱=0.000%
  training逐点包络外：lower点/光谱=0.000000%/0.000%；upper点/光谱=0.011573%/14.000%
  QQ拟合：raw R2=0.997320, RMSE=4.6088；model-normalized R2=0.997320, RMSE=0.00990553；training-standardized R2=0.994441, RMSE=0.208368
  QQ尾宽/oracle区间：lower=1.2782/[0.9331,1.0959]；upper=1.0836/[0.9115,1.1512]；overrun=True；underrun=False
  QQ四段比率[1-10,10-50,50-90,90-99]=[1.4346,1.1047,0.9355,1.2222]；尾部曲率RMSE(lower/upper)=0.2494/0.1386；oracle外分位点=39.60%
[84/126] DEL-M_TEB-S_CHL-S_water：MSE=270.889；RMSE=15.9897；shape-MSE/RMSE=0.0530862/0.223238；model-norm MSE/RMSE=0.00125133/0.034366；cos=0.978148；r=0.973457；W1raw=7.243178；W1norm=0.048427
  平均谱：MSE=78.2935；cos=0.991244；r=0.989404
  train分布参照：generated/train MSE=103.489；held-out/train MSE=304.795；ratio=0.3395
  多样性MSE：train=231.474；generated=205.857；ratio=0.8893；Pearson-distance ratio=0.8130
  峰形多样性：position-std ratio=0.8543；height-IQR ratio=1.0158；width-IQR ratio=0.9658；position frozen=0.000%
  负值：min=-32.824；<-40点=0.000000%；<-40光谱=0.000%
  training逐点包络外：lower点/光谱=0.000000%/0.000%；upper点/光谱=0.021042%/18.000%
  QQ拟合：raw R2=0.997806, RMSE=4.98702；model-normalized R2=0.997806, RMSE=0.0107184；training-standardized R2=0.998768, RMSE=0.205435
  QQ尾宽/oracle区间：lower=0.9877/[0.9306,1.1062]；upper=0.9561/[0.8841,1.1627]；overrun=False；underrun=False
  QQ四段比率[1-10,10-50,50-90,90-99]=[1.0960,0.8858,0.9382,0.9726]；尾部曲率RMSE(lower/upper)=0.0967/0.0617；oracle外分位点=6.93%
[85/126] DEL-M_TEB-S_soil：MSE=40.9966；RMSE=6.30613；shape-MSE/RMSE=0.0436928/0.206148；model-norm MSE/RMSE=0.000189377/0.0135535；cos=0.979810；r=0.978154；W1raw=2.794207；W1norm=0.036776
  平均谱：MSE=10.6；cos=0.994557；r=0.994055
  train分布参照：generated/train MSE=24.7467；held-out/train MSE=28.9974；ratio=0.8534
  多样性MSE：train=62.5652；generated=66.2732；ratio=1.0593；Pearson-distance ratio=1.0936
  峰形多样性：position-std ratio=1.0047；height-IQR ratio=1.2469；width-IQR ratio=1.8211；position frozen=10.000%
  负值：min=-25.047；<-40点=0.000000%；<-40光谱=0.000%
  training逐点包络外：lower点/光谱=0.000000%/0.000%；upper点/光谱=0.000000%/0.000%
  QQ拟合：raw R2=0.998505, RMSE=1.35209；model-normalized R2=0.998505, RMSE=0.00290599；training-standardized R2=0.984583, RMSE=0.777524
  QQ尾宽/oracle区间：lower=2.2286/[0.8682,1.1373]；upper=1.9546/[0.8569,1.1789]；overrun=True；underrun=False
  QQ四段比率[1-10,10-50,50-90,90-99]=[2.7064,1.6367,1.4665,2.3246]；尾部曲率RMSE(lower/upper)=0.8303/0.5480；oracle外分位点=71.29%
[86/126] DEL-M_TEB-S_water：MSE=46.3056；RMSE=6.64692；shape-MSE/RMSE=0.0501419/0.218664；model-norm MSE/RMSE=0.000213901/0.014286；cos=0.977152；r=0.974929；W1raw=3.270785；W1norm=0.038639
  平均谱：MSE=26.5115；cos=0.987275；r=0.985928
  train分布参照：generated/train MSE=18.6271；held-out/train MSE=31.4406；ratio=0.5925
  多样性MSE：train=46.5944；generated=44.1927；ratio=0.9485；Pearson-distance ratio=0.9350
  峰形多样性：position-std ratio=0.9713；height-IQR ratio=1.1034；width-IQR ratio=1.1471；position frozen=0.000%
  负值：min=-22.086；<-40点=0.000000%；<-40光谱=0.000%
  training逐点包络外：lower点/光谱=0.000000%/0.000%；upper点/光谱=0.004283%/4.000%
  QQ拟合：raw R2=0.997371, RMSE=1.98181；model-normalized R2=0.997371, RMSE=0.00425944；training-standardized R2=0.989173, RMSE=0.413867
  QQ尾宽/oracle区间：lower=1.4722/[0.9091,1.1013]；upper=1.7263/[0.9120,1.1365]；overrun=True；underrun=False
  QQ四段比率[1-10,10-50,50-90,90-99]=[1.7178,1.1817,1.3138,2.1120]；尾部曲率RMSE(lower/upper)=0.2692/0.4592；oracle外分位点=44.55%
[87/126] DEL-M_soil：MSE=555.178；RMSE=22.0386；shape-MSE/RMSE=0.123671/0.328164；model-norm MSE/RMSE=0.00256455/0.0473667；cos=0.949780；r=0.938165；W1raw=11.814615；W1norm=0.080192
  平均谱：MSE=434.719；cos=0.987309；r=0.984142
  train分布参照：generated/train MSE=248.168；held-out/train MSE=305.084；ratio=0.8134
  多样性MSE：train=609.855；generated=518.159；ratio=0.8496；Pearson-distance ratio=1.0092
  峰形多样性：position-std ratio=0.9859；height-IQR ratio=1.0843；width-IQR ratio=1.2003；position frozen=0.000%
  负值：min=-78.914；<-40点=0.179872%；<-40光谱=14.000%
  training逐点包络外：lower点/光谱=0.336902%/16.000%；upper点/光谱=0.088508%/18.000%
  QQ拟合：raw R2=0.997315, RMSE=17.0094；model-normalized R2=0.997315, RMSE=0.0365577；training-standardized R2=0.995929, RMSE=0.227639
  QQ尾宽/oracle区间：lower=0.8654/[0.7813,1.2741]；upper=0.9259/[0.6591,1.4912]；overrun=False；underrun=False
  QQ四段比率[1-10,10-50,50-90,90-99]=[0.6848,1.0952,0.9151,0.9402]；尾部曲率RMSE(lower/upper)=0.1533/0.0590；oracle外分位点=9.90%
[88/126] DEL-M_water：MSE=2205.83；RMSE=43.1617；shape-MSE/RMSE=0.100679/0.308238；model-norm MSE/RMSE=0.0101895/0.0927658；cos=0.958489；r=0.949660；W1raw=12.951198；W1norm=0.053047
  平均谱：MSE=223.152；cos=0.986495；r=0.983524
  train分布参照：generated/train MSE=568.465；held-out/train MSE=891.132；ratio=0.6379
  多样性MSE：train=1950；generated=1694.18；ratio=0.8688；Pearson-distance ratio=1.0942
  峰形多样性：position-std ratio=1.1104；height-IQR ratio=1.3035；width-IQR ratio=1.0208；position frozen=0.000%
  负值：min=-45.803；<-40点=0.059957%；<-40光谱=12.000%
  training逐点包络外：lower点/光谱=0.009993%/6.000%；upper点/光谱=0.101356%/42.000%
  QQ拟合：raw R2=0.984809, RMSE=12.1019；model-normalized R2=0.984809, RMSE=0.0260102；training-standardized R2=0.989686, RMSE=0.128364
  QQ尾宽/oracle区间：lower=1.0939/[0.8547,1.1932]；upper=0.8460/[0.8577,1.1693]；overrun=False；underrun=True
  QQ四段比率[1-10,10-50,50-90,90-99]=[1.1130,1.0771,1.0097,0.7067]；尾部曲率RMSE(lower/upper)=0.0477/0.4414；oracle外分位点=2.97%
[89/126] DEL-S_CHL-H_soil：MSE=192.987；RMSE=13.6603；shape-MSE/RMSE=0.0791622/0.277471；model-norm MSE/RMSE=0.000891474/0.0293597；cos=0.964216；r=0.960419；W1raw=6.102772；W1norm=0.045581
  平均谱：MSE=40.116；cos=0.992177；r=0.991208
  train分布参照：generated/train MSE=102.629；held-out/train MSE=142.618；ratio=0.7196
  多样性MSE：train=255.223；generated=252.031；ratio=0.9875；Pearson-distance ratio=0.9862
  峰形多样性：position-std ratio=0.9806；height-IQR ratio=1.0572；width-IQR ratio=1.0034；position frozen=0.000%
  负值：min=-42.533；<-40点=0.004208%；<-40光谱=6.000%
  training逐点包络外：lower点/光谱=0.001052%/2.000%；upper点/光谱=0.018937%/24.000%
  QQ拟合：raw R2=0.997696, RMSE=2.71549；model-normalized R2=0.997696, RMSE=0.00583631；training-standardized R2=0.997616, RMSE=0.13788
  QQ尾宽/oracle区间：lower=1.0775/[0.8514,1.1787]；upper=0.9910/[0.8670,1.1387]；overrun=False；underrun=False
  QQ四段比率[1-10,10-50,50-90,90-99]=[1.0004,1.1989,1.1183,0.9003]；尾部曲率RMSE(lower/upper)=0.0941/0.2102；oracle外分位点=25.74%
[90/126] DEL-S_CHL-H_water：MSE=267.775；RMSE=16.116；shape-MSE/RMSE=0.0824605/0.283189；model-norm MSE/RMSE=0.00123694/0.0346376；cos=0.963327；r=0.958770；W1raw=7.059822；W1norm=0.053143
  平均谱：MSE=82.9429；cos=0.986377；r=0.984845
  train分布参照：generated/train MSE=102.111；held-out/train MSE=166.982；ratio=0.6115
  多样性MSE：train=278.835；generated=252.189；ratio=0.9044；Pearson-distance ratio=0.8433
  峰形多样性：position-std ratio=0.9461；height-IQR ratio=0.8822；width-IQR ratio=0.9271；position frozen=0.000%
  负值：min=-57.744；<-40点=0.055760%；<-40光谱=18.000%
  training逐点包络外：lower点/光谱=0.013677%/10.000%；upper点/光谱=0.035771%/30.000%
  QQ拟合：raw R2=0.995050, RMSE=4.53848；model-normalized R2=0.995050, RMSE=0.00975439；training-standardized R2=0.997525, RMSE=0.062984
  QQ尾宽/oracle区间：lower=1.0482/[0.8575,1.1390]；upper=1.0029/[0.9129,1.1036]；overrun=False；underrun=False
  QQ四段比率[1-10,10-50,50-90,90-99]=[1.0055,1.1110,0.9649,1.0371]；尾部曲率RMSE(lower/upper)=0.0379/0.2043；oracle外分位点=0.00%
[91/126] DEL-S_CHL-M_soil：MSE=173.831；RMSE=12.9628；shape-MSE/RMSE=0.101056/0.308017；model-norm MSE/RMSE=0.000802982/0.0278605；cos=0.954402；r=0.949472；W1raw=5.971125；W1norm=0.051804
  平均谱：MSE=39.4296；cos=0.988519；r=0.987627
  train分布参照：generated/train MSE=92.8029；held-out/train MSE=174.244；ratio=0.5326
  多样性MSE：train=252.584；generated=227.347；ratio=0.9001；Pearson-distance ratio=0.8582
  峰形多样性：position-std ratio=0.9568；height-IQR ratio=1.2286；width-IQR ratio=1.1519；position frozen=0.000%
  负值：min=-42.634；<-40点=0.009469%；<-40光谱=6.000%
  training逐点包络外：lower点/光谱=0.002104%/2.000%；upper点/光谱=0.002104%/4.000%
  QQ拟合：raw R2=0.996896, RMSE=2.50717；model-normalized R2=0.996896, RMSE=0.00538856；training-standardized R2=0.993026, RMSE=0.149677
  QQ尾宽/oracle区间：lower=0.9132/[0.8970,1.1633]；upper=1.1226/[0.8247,1.1679]；overrun=False；underrun=False
  QQ四段比率[1-10,10-50,50-90,90-99]=[0.7833,1.1343,1.0624,1.1860]；尾部曲率RMSE(lower/upper)=0.3853/0.1313；oracle外分位点=40.59%
[92/126] DEL-S_CHL-M_water：MSE=236.322；RMSE=15.085；shape-MSE/RMSE=0.121768/0.342609；model-norm MSE/RMSE=0.00109165/0.0324217；cos=0.944590；r=0.939116；W1raw=7.141048；W1norm=0.063954
  平均谱：MSE=120.995；cos=0.969218；r=0.965421
  train分布参照：generated/train MSE=117.275；held-out/train MSE=235.796；ratio=0.4974
  多样性MSE：train=293.192；generated=260.333；ratio=0.8879；Pearson-distance ratio=0.7357
  峰形多样性：position-std ratio=0.9695；height-IQR ratio=0.8530；width-IQR ratio=1.0602；position frozen=0.000%
  负值：min=-71.846；<-40点=0.137822%；<-40光谱=30.000%
  training逐点包络外：lower点/光谱=0.005260%/6.000%；upper点/光谱=0.050500%/54.000%
  QQ拟合：raw R2=0.996416, RMSE=5.32753；model-normalized R2=0.996416, RMSE=0.0114503；training-standardized R2=0.995528, RMSE=0.182005
  QQ尾宽/oracle区间：lower=1.3858/[0.8949,1.1186]；upper=1.2285/[0.8563,1.2224]；overrun=True；underrun=False
  QQ四段比率[1-10,10-50,50-90,90-99]=[1.5974,1.1515,1.0789,1.3700]；尾部曲率RMSE(lower/upper)=0.2562/0.1134；oracle外分位点=4.95%
[93/126] DEL-S_CHL-S_soil：MSE=232.048；RMSE=14.9955；shape-MSE/RMSE=0.135796/0.360822；model-norm MSE/RMSE=0.00107191/0.0322292；cos=0.938668；r=0.932102；W1raw=6.422771；W1norm=0.068544
  平均谱：MSE=59.8233；cos=0.989789；r=0.988778
  train分布参照：generated/train MSE=100.235；held-out/train MSE=132.246；ratio=0.7579
  多样性MSE：train=267.606；generated=232.639；ratio=0.8693；Pearson-distance ratio=1.0445
  峰形多样性：position-std ratio=0.9676；height-IQR ratio=0.9375；width-IQR ratio=0.8960；position frozen=0.000%
  负值：min=-64.336；<-40点=0.084166%；<-40光谱=14.000%
  training逐点包络外：lower点/光谱=0.002104%/2.000%；upper点/光谱=0.034719%/32.000%
  QQ拟合：raw R2=0.995118, RMSE=5.7904；model-normalized R2=0.995118, RMSE=0.0124451；training-standardized R2=0.997884, RMSE=0.122355
  QQ尾宽/oracle区间：lower=0.9914/[0.8497,1.1426]；upper=1.1499/[0.9226,1.0908]；overrun=True；underrun=False
  QQ四段比率[1-10,10-50,50-90,90-99]=[0.8908,1.1434,1.0739,1.2284]；尾部曲率RMSE(lower/upper)=0.1420/0.0631；oracle外分位点=12.87%
[94/126] DEL-S_CHL-S_water：MSE=215.229；RMSE=14.3342；shape-MSE/RMSE=0.161769/0.394219；model-norm MSE/RMSE=0.000994217/0.030808；cos=0.927400；r=0.919116；W1raw=6.304164；W1norm=0.071273
  平均谱：MSE=65.7361；cos=0.979800；r=0.977050
  train分布参照：generated/train MSE=119.587；held-out/train MSE=154.484；ratio=0.7741
  多样性MSE：train=273.902；generated=255.296；ratio=0.9321；Pearson-distance ratio=0.9561
  峰形多样性：position-std ratio=1.0495；height-IQR ratio=1.0606；width-IQR ratio=1.0022；position frozen=0.000%
  负值：min=-43.822；<-40点=0.023146%；<-40光谱=10.000%
  training逐点包络外：lower点/光谱=0.002104%/4.000%；upper点/光谱=0.042083%/50.000%
  QQ拟合：raw R2=0.996415, RMSE=3.90504；model-normalized R2=0.996415, RMSE=0.00839296；training-standardized R2=0.997994, RMSE=0.310545
  QQ尾宽/oracle区间：lower=1.4837/[0.9150,1.1028]；upper=1.3226/[0.9201,1.0657]；overrun=True；underrun=False
  QQ四段比率[1-10,10-50,50-90,90-99]=[1.6402,1.2938,1.2436,1.3942]；尾部曲率RMSE(lower/upper)=0.1825/0.0510；oracle外分位点=55.45%
[95/126] DEL-S_TEB-H_CHL-H_soil：MSE=178.382；RMSE=13.1615；shape-MSE/RMSE=0.0461901/0.211477；model-norm MSE/RMSE=0.000824005/0.0282875；cos=0.980353；r=0.976905；W1raw=6.056198；W1norm=0.032645
  平均谱：MSE=46.8726；cos=0.994565；r=0.993586
  train分布参照：generated/train MSE=103.715；held-out/train MSE=173.254；ratio=0.5986
  多样性MSE：train=239.819；generated=208.354；ratio=0.8688；Pearson-distance ratio=1.1323
  峰形多样性：position-std ratio=0.9437；height-IQR ratio=0.9191；width-IQR ratio=1.0224；position frozen=0.000%
  负值：min=-49.091；<-40点=0.035771%；<-40光谱=18.000%
  training逐点包络外：lower点/光谱=0.000000%/0.000%；upper点/光谱=0.032614%/20.000%
  QQ拟合：raw R2=0.999672, RMSE=2.51514；model-normalized R2=0.999672, RMSE=0.0054057；training-standardized R2=0.998770, RMSE=0.0738424
  QQ尾宽/oracle区间：lower=1.1288/[0.8096,1.2224]；upper=0.9807/[0.8786,1.1398]；overrun=False；underrun=False
  QQ四段比率[1-10,10-50,50-90,90-99]=[1.2130,1.0467,1.0834,0.9050]；尾部曲率RMSE(lower/upper)=0.0627/0.1063；oracle外分位点=0.00%
[96/126] DEL-S_TEB-H_CHL-H_water：MSE=306.152；RMSE=16.9293；shape-MSE/RMSE=0.0336971/0.179314；model-norm MSE/RMSE=0.00141422/0.0363856；cos=0.985937；r=0.983151；W1raw=7.732114；W1norm=0.039784
  平均谱：MSE=118.46；cos=0.994091；r=0.992837
  train分布参照：generated/train MSE=116.869；held-out/train MSE=256.421；ratio=0.4558
  多样性MSE：train=279.189；generated=243.369；ratio=0.8717；Pearson-distance ratio=0.9665
  峰形多样性：position-std ratio=0.9686；height-IQR ratio=1.1155；width-IQR ratio=1.2230；position frozen=0.000%
  负值：min=-52.970；<-40点=0.030510%；<-40光谱=12.000%
  training逐点包络外：lower点/光谱=0.001052%/2.000%；upper点/光谱=0.023146%/32.000%
  QQ拟合：raw R2=0.998224, RMSE=5.89929；model-normalized R2=0.998224, RMSE=0.0126791；training-standardized R2=0.991563, RMSE=0.264776
  QQ尾宽/oracle区间：lower=1.3487/[0.8724,1.1394]；upper=1.5557/[0.8845,1.1169]；overrun=True；underrun=False
  QQ四段比率[1-10,10-50,50-90,90-99]=[1.6142,1.1004,1.1933,1.9764]；尾部曲率RMSE(lower/upper)=0.1922/0.3707；oracle外分位点=9.90%
[97/126] DEL-S_TEB-H_CHL-M_soil：MSE=174.883；RMSE=12.9363；shape-MSE/RMSE=0.0405332/0.199108；model-norm MSE/RMSE=0.000807844/0.0278034；cos=0.982804；r=0.979733；W1raw=5.812612；W1norm=0.032208
  平均谱：MSE=32.6521；cos=0.996127；r=0.995364
  train分布参照：generated/train MSE=83.2652；held-out/train MSE=219.793；ratio=0.3788
  多样性MSE：train=210.78；generated=183.509；ratio=0.8706；Pearson-distance ratio=0.8499
  峰形多样性：position-std ratio=1.0118；height-IQR ratio=0.9505；width-IQR ratio=1.0402；position frozen=0.000%
  负值：min=-38.826；<-40点=0.000000%；<-40光谱=0.000%
  training逐点包络外：lower点/光谱=0.000000%/0.000%；upper点/光谱=0.011573%/4.000%
  QQ拟合：raw R2=0.999641, RMSE=1.28808；model-normalized R2=0.999641, RMSE=0.00276841；training-standardized R2=0.995574, RMSE=0.089134
  QQ尾宽/oracle区间：lower=1.1985/[0.9364,1.0858]；upper=1.0365/[0.9070,1.1307]；overrun=True；underrun=False
  QQ四段比率[1-10,10-50,50-90,90-99]=[1.5022,0.9491,0.9589,1.1158]；尾部曲率RMSE(lower/upper)=0.2416/0.0640；oracle外分位点=0.99%
[98/126] DEL-S_TEB-H_CHL-M_water：MSE=169.318；RMSE=12.8357；shape-MSE/RMSE=0.0276379/0.163938；model-norm MSE/RMSE=0.000782135/0.0275872；cos=0.988448；r=0.986181；W1raw=6.251139；W1norm=0.033450
  平均谱：MSE=69.0868；cos=0.994482；r=0.993339
  train分布参照：generated/train MSE=90.9366；held-out/train MSE=305.764；ratio=0.2974
  多样性MSE：train=214.897；generated=196.155；ratio=0.9128；Pearson-distance ratio=0.8813
  峰形多样性：position-std ratio=0.9191；height-IQR ratio=1.1743；width-IQR ratio=1.1531；position frozen=0.000%
  负值：min=-41.299；<-40点=0.002104%；<-40光谱=2.000%
  training逐点包络外：lower点/光谱=0.000000%/0.000%；upper点/光谱=0.016833%/18.000%
  QQ拟合：raw R2=0.998856, RMSE=3.06059；model-normalized R2=0.998857, RMSE=0.00657801；training-standardized R2=0.989062, RMSE=0.143082
  QQ尾宽/oracle区间：lower=0.8294/[0.8506,1.1964]；upper=1.1983/[0.9067,1.1253]；overrun=True；underrun=True
  QQ四段比率[1-10,10-50,50-90,90-99]=[0.7105,1.0338,1.1058,1.2948]；尾部曲率RMSE(lower/upper)=0.5014/0.0853；oracle外分位点=1.98%
[99/126] DEL-S_TEB-H_CHL-S_soil：MSE=175.898；RMSE=13.0002；shape-MSE/RMSE=0.0441279/0.208113；model-norm MSE/RMSE=0.000812531/0.0279409；cos=0.981213；r=0.977936；W1raw=5.731973；W1norm=0.033739
  平均谱：MSE=39.2748；cos=0.995914；r=0.995129
  train分布参照：generated/train MSE=102.147；held-out/train MSE=187.755；ratio=0.5440
  多样性MSE：train=231.258；generated=201.381；ratio=0.8708；Pearson-distance ratio=0.9649
  峰形多样性：position-std ratio=0.8886；height-IQR ratio=1.0003；width-IQR ratio=1.3157；position frozen=0.000%
  负值：min=-45.636；<-40点=0.013677%；<-40光谱=8.000%
  training逐点包络外：lower点/光谱=0.000000%/0.000%；upper点/光谱=0.006312%/6.000%
  QQ拟合：raw R2=0.998336, RMSE=4.40798；model-normalized R2=0.998336, RMSE=0.00947392；training-standardized R2=0.997446, RMSE=0.137109
  QQ尾宽/oracle区间：lower=1.1904/[0.9109,1.1480]；upper=1.2179/[0.9278,1.1422]；overrun=True；underrun=False
  QQ四段比率[1-10,10-50,50-90,90-99]=[1.3813,1.0135,1.1249,1.3087]；尾部曲率RMSE(lower/upper)=0.1148/0.1062；oracle外分位点=1.98%
[100/126] DEL-S_TEB-H_CHL-S_water：MSE=336.449；RMSE=17.3619；shape-MSE/RMSE=0.0392816/0.195219；model-norm MSE/RMSE=0.00155417/0.0373153；cos=0.983609；r=0.980359；W1raw=6.904671；W1norm=0.040115
  平均谱：MSE=79.8093；cos=0.994219；r=0.993007
  train分布参照：generated/train MSE=104.106；held-out/train MSE=234.514；ratio=0.4439
  多样性MSE：train=234.555；generated=203.581；ratio=0.8679；Pearson-distance ratio=0.8255
  峰形多样性：position-std ratio=0.9452；height-IQR ratio=0.9347；width-IQR ratio=1.2076；position frozen=0.000%
  负值：min=-40.239；<-40点=0.001052%；<-40光谱=2.000%
  training逐点包络外：lower点/光谱=0.000000%/0.000%；upper点/光谱=0.027354%/28.000%
  QQ拟合：raw R2=0.998101, RMSE=4.58785；model-normalized R2=0.998101, RMSE=0.0098605；training-standardized R2=0.994812, RMSE=0.141764
  QQ尾宽/oracle区间：lower=1.1902/[0.8436,1.1623]；upper=0.9496/[0.8834,1.1536]；overrun=True；underrun=False
  QQ四段比率[1-10,10-50,50-90,90-99]=[1.3557,1.0311,0.9813,0.9258]；尾部曲率RMSE(lower/upper)=0.1542/0.2322；oracle外分位点=3.96%
[101/126] DEL-S_TEB-H_soil：MSE=41.5332；RMSE=6.32267；shape-MSE/RMSE=0.0413972/0.199673；model-norm MSE/RMSE=0.000191856/0.0135891；cos=0.981022；r=0.979301；W1raw=2.634473；W1norm=0.035218
  平均谱：MSE=8.15915；cos=0.996608；r=0.996295
  train分布参照：generated/train MSE=22.0115；held-out/train MSE=29.5199；ratio=0.7456
  多样性MSE：train=57.3686；generated=55.3051；ratio=0.9640；Pearson-distance ratio=1.0037
  峰形多样性：position-std ratio=1.0962；height-IQR ratio=1.0758；width-IQR ratio=1.1432；position frozen=0.000%
  负值：min=-23.351；<-40点=0.000000%；<-40光谱=0.000%
  training逐点包络外：lower点/光谱=0.000000%/0.000%；upper点/光谱=0.044254%/14.000%
  QQ拟合：raw R2=0.997071, RMSE=1.48025；model-normalized R2=0.997071, RMSE=0.00318145；training-standardized R2=0.982176, RMSE=0.559119
  QQ尾宽/oracle区间：lower=1.8906/[0.8906,1.2113]；upper=1.7332/[0.9004,1.1593]；overrun=True；underrun=False
  QQ四段比率[1-10,10-50,50-90,90-99]=[2.3346,1.4105,1.1754,2.3332]；尾部曲率RMSE(lower/upper)=0.6662/0.5710；oracle外分位点=66.34%
[102/126] DEL-S_TEB-H_water：MSE=48.1773；RMSE=6.84094；shape-MSE/RMSE=0.0440166/0.206786；model-norm MSE/RMSE=0.000222547/0.014703；cos=0.979941；r=0.977992；W1raw=2.711987；W1norm=0.032339
  平均谱：MSE=13.3424；cos=0.994170；r=0.993573
  train分布参照：generated/train MSE=23.782；held-out/train MSE=32.7199；ratio=0.7268
  多样性MSE：train=67.2656；generated=58.6096；ratio=0.8713；Pearson-distance ratio=0.8447
  峰形多样性：position-std ratio=0.8863；height-IQR ratio=1.1393；width-IQR ratio=1.0206；position frozen=0.000%
  负值：min=-20.367；<-40点=0.000000%；<-40光谱=0.000%
  training逐点包络外：lower点/光谱=0.000000%/0.000%；upper点/光谱=0.000000%/0.000%
  QQ拟合：raw R2=0.998927, RMSE=1.00796；model-normalized R2=0.998927, RMSE=0.00216638；training-standardized R2=0.997023, RMSE=0.38352
  QQ尾宽/oracle区间：lower=1.3775/[0.8983,1.0984]；upper=1.5735/[0.9103,1.0975]；overrun=True；underrun=False
  QQ四段比率[1-10,10-50,50-90,90-99]=[1.4419,1.2906,1.3112,1.8001]；尾部曲率RMSE(lower/upper)=0.0810/0.2182；oracle外分位点=69.31%
[103/126] DEL-S_TEB-M_CHL-H_soil：MSE=135.045；RMSE=11.414；shape-MSE/RMSE=0.0436788/0.206522；model-norm MSE/RMSE=0.00062382/0.0245316；cos=0.981658；r=0.978161；W1raw=5.251253；W1norm=0.033861
  平均谱：MSE=32.4311；cos=0.994211；r=0.993244
  train分布参照：generated/train MSE=77.4692；held-out/train MSE=114.691；ratio=0.6755
  多样性MSE：train=161.888；generated=140.96；ratio=0.8707；Pearson-distance ratio=0.8774
  峰形多样性：position-std ratio=0.9098；height-IQR ratio=1.0903；width-IQR ratio=0.8377；position frozen=12.500%
  负值：min=-32.228；<-40点=0.000000%；<-40光谱=0.000%
  training逐点包络外：lower点/光谱=0.003156%/2.000%；upper点/光谱=0.005260%/10.000%
  QQ拟合：raw R2=0.999168, RMSE=1.82636；model-normalized R2=0.999168, RMSE=0.00392534；training-standardized R2=0.998576, RMSE=0.162438
  QQ尾宽/oracle区间：lower=1.1437/[0.9159,1.0782]；upper=1.1761/[0.8715,1.2183]；overrun=True；underrun=False
  QQ四段比率[1-10,10-50,50-90,90-99]=[1.2036,1.0750,1.1086,1.2362]；尾部曲率RMSE(lower/upper)=0.1059/0.1015；oracle外分位点=9.90%
[104/126] DEL-S_TEB-M_CHL-H_water：MSE=218.764；RMSE=14.5094；shape-MSE/RMSE=0.048769/0.217574；model-norm MSE/RMSE=0.00101054/0.0311845；cos=0.979526；r=0.975615；W1raw=5.889462；W1norm=0.036558
  平均谱：MSE=39.0357；cos=0.995149；r=0.994203
  train分布参照：generated/train MSE=96.0741；held-out/train MSE=153.458；ratio=0.6261
  多样性MSE：train=227.025；generated=205.308；ratio=0.9043；Pearson-distance ratio=0.8526
  峰形多样性：position-std ratio=1.0947；height-IQR ratio=0.9902；width-IQR ratio=1.0039；position frozen=0.000%
  负值：min=-48.521；<-40点=0.039979%；<-40光谱=14.000%
  training逐点包络外：lower点/光谱=0.005260%/4.000%；upper点/光谱=0.061021%/52.000%
  QQ拟合：raw R2=0.999090, RMSE=2.0916；model-normalized R2=0.999090, RMSE=0.00449541；training-standardized R2=0.997621, RMSE=0.158758
  QQ尾宽/oracle区间：lower=1.2700/[0.8603,1.1602]；upper=1.1528/[0.8229,1.2094]；overrun=True；underrun=False
  QQ四段比率[1-10,10-50,50-90,90-99]=[1.4268,1.1065,1.1022,1.1960]；尾部曲率RMSE(lower/upper)=0.1816/0.0795；oracle外分位点=2.97%
[105/126] DEL-S_TEB-M_CHL-M_soil：MSE=168.255；RMSE=12.7741；shape-MSE/RMSE=0.0666662/0.256011；model-norm MSE/RMSE=0.000777227/0.0274549；cos=0.971775；r=0.966667；W1raw=5.600021；W1norm=0.040829
  平均谱：MSE=31.5548；cos=0.992934；r=0.991576
  train分布参照：generated/train MSE=81.6896；held-out/train MSE=129.886；ratio=0.6289
  多样性MSE：train=184.173；generated=159.645；ratio=0.8668；Pearson-distance ratio=0.9090
  峰形多样性：position-std ratio=1.0232；height-IQR ratio=0.8365；width-IQR ratio=1.0137；position frozen=0.000%
  负值：min=-42.787；<-40点=0.011573%；<-40光谱=4.000%
  training逐点包络外：lower点/光谱=0.001052%/2.000%；upper点/光谱=0.015781%/18.000%
  QQ拟合：raw R2=0.999434, RMSE=0.980835；model-normalized R2=0.999434, RMSE=0.00210808；training-standardized R2=0.998872, RMSE=0.0635663
  QQ尾宽/oracle区间：lower=1.0745/[0.9111,1.1293]；upper=1.1277/[0.9342,1.0971]；overrun=True；underrun=False
  QQ四段比率[1-10,10-50,50-90,90-99]=[1.1657,0.9812,1.0511,1.2027]；尾部曲率RMSE(lower/upper)=0.0921/0.0805；oracle外分位点=1.98%
[106/126] DEL-S_TEB-M_CHL-M_water：MSE=168.169；RMSE=12.7952；shape-MSE/RMSE=0.0424936/0.203877；model-norm MSE/RMSE=0.000776827/0.0275003；cos=0.982335；r=0.978753；W1raw=6.027166；W1norm=0.039851
  平均谱：MSE=36.9282；cos=0.995117；r=0.994055
  train分布参照：generated/train MSE=104.963；held-out/train MSE=196.977；ratio=0.5329
  多样性MSE：train=236.158；generated=212.811；ratio=0.9011；Pearson-distance ratio=0.8805
  峰形多样性：position-std ratio=0.9562；height-IQR ratio=1.0591；width-IQR ratio=1.2124；position frozen=0.000%
  负值：min=-34.332；<-40点=0.000000%；<-40光谱=0.000%
  training逐点包络外：lower点/光谱=0.000000%/0.000%；upper点/光谱=0.068385%/30.000%
  QQ拟合：raw R2=0.998997, RMSE=1.78473；model-normalized R2=0.998997, RMSE=0.00383585；training-standardized R2=0.998290, RMSE=0.107317
  QQ尾宽/oracle区间：lower=1.1648/[0.9100,1.1228]；upper=1.1504/[0.8662,1.1763]；overrun=True；underrun=False
  QQ四段比率[1-10,10-50,50-90,90-99]=[1.3440,0.9925,1.0839,1.2172]；尾部曲率RMSE(lower/upper)=0.1202/0.0830；oracle外分位点=2.97%
[107/126] DEL-S_TEB-M_CHL-S_soil：MSE=225.6；RMSE=14.7486；shape-MSE/RMSE=0.0882797/0.29328；model-norm MSE/RMSE=0.00104212/0.0316987；cos=0.962169；r=0.955860；W1raw=6.291706；W1norm=0.048202
  平均谱：MSE=48.1107；cos=0.988385；r=0.986308
  train分布参照：generated/train MSE=84.909；held-out/train MSE=185.871；ratio=0.4568
  多样性MSE：train=208.421；generated=178.497；ratio=0.8564；Pearson-distance ratio=0.8498
  峰形多样性：position-std ratio=0.8972；height-IQR ratio=1.0150；width-IQR ratio=1.1799；position frozen=0.000%
  负值：min=-46.852；<-40点=0.006312%；<-40光谱=2.000%
  training逐点包络外：lower点/光谱=0.008417%/4.000%；upper点/光谱=0.028406%/18.000%
  QQ拟合：raw R2=0.998539, RMSE=2.02119；model-normalized R2=0.998539, RMSE=0.00434406；training-standardized R2=0.998193, RMSE=0.0572559
  QQ尾宽/oracle区间：lower=0.9258/[0.8817,1.1453]；upper=0.9499/[0.9073,1.1003]；overrun=False；underrun=False
  QQ四段比率[1-10,10-50,50-90,90-99]=[0.8771,0.9875,1.0148,0.9001]；尾部曲率RMSE(lower/upper)=0.1124/0.1740；oracle外分位点=2.97%
[108/126] DEL-S_TEB-M_CHL-S_water：MSE=192.055；RMSE=13.6285；shape-MSE/RMSE=0.0619678/0.244748；model-norm MSE/RMSE=0.000887165/0.0292913；cos=0.973661；r=0.969016；W1raw=6.548112；W1norm=0.046177
  平均谱：MSE=64.4767；cos=0.989506；r=0.987561
  train分布参照：generated/train MSE=106.038；held-out/train MSE=236.386；ratio=0.4486
  多样性MSE：train=230.998；generated=208.41；ratio=0.9022；Pearson-distance ratio=0.8929
  峰形多样性：position-std ratio=0.9356；height-IQR ratio=0.9905；width-IQR ratio=1.2105；position frozen=0.000%
  负值：min=-40.310；<-40点=0.001052%；<-40光谱=2.000%
  training逐点包络外：lower点/光谱=0.000000%/0.000%；upper点/光谱=0.011573%/16.000%
  QQ拟合：raw R2=0.995802, RMSE=3.2378；model-normalized R2=0.995802, RMSE=0.00695888；training-standardized R2=0.993200, RMSE=0.168521
  QQ尾宽/oracle区间：lower=1.1721/[0.9155,1.0976]；upper=0.9818/[0.8308,1.1858]；overrun=True；underrun=False
  QQ四段比率[1-10,10-50,50-90,90-99]=[1.1186,1.2467,0.9880,0.9768]；尾部曲率RMSE(lower/upper)=0.0893/0.3159；oracle外分位点=1.98%
[109/126] DEL-S_TEB-M_soil：MSE=32.9195；RMSE=5.61078；shape-MSE/RMSE=0.033909/0.180548；model-norm MSE/RMSE=0.000152066/0.0120591；cos=0.984424；r=0.983046；W1raw=2.685579；W1norm=0.036054
  平均谱：MSE=15.0166；cos=0.992363；r=0.991661
  train分布参照：generated/train MSE=19.3776；held-out/train MSE=25.7341；ratio=0.7530
  多样性MSE：train=58.6869；generated=51.3501；ratio=0.8750；Pearson-distance ratio=0.8820
  峰形多样性：position-std ratio=0.9612；height-IQR ratio=0.9322；width-IQR ratio=1.0897；position frozen=0.000%
  负值：min=-21.380；<-40点=0.000000%；<-40光谱=0.000%
  training逐点包络外：lower点/光谱=0.000000%/0.000%；upper点/光谱=0.000000%/0.000%
  QQ拟合：raw R2=0.999436, RMSE=1.32415；model-normalized R2=0.999436, RMSE=0.00284595；training-standardized R2=0.995655, RMSE=0.413666
  QQ尾宽/oracle区间：lower=1.4380/[0.8911,1.1674]；upper=1.5677/[0.9018,1.1529]；overrun=True；underrun=False
  QQ四段比率[1-10,10-50,50-90,90-99]=[1.5629,1.2659,1.3001,1.7673]；尾部曲率RMSE(lower/upper)=0.1602/0.3509；oracle外分位点=68.32%
[110/126] DEL-S_TEB-M_water：MSE=30.313；RMSE=5.42067；shape-MSE/RMSE=0.0319976/0.176315；model-norm MSE/RMSE=0.000140026/0.0116505；cos=0.985441；r=0.984001；W1raw=2.295359；W1norm=0.028673
  平均谱：MSE=4.12909；cos=0.998010；r=0.997806
  train分布参照：generated/train MSE=20.403；held-out/train MSE=25.6823；ratio=0.7944
  多样性MSE：train=49.3739；generated=49.9617；ratio=1.0119；Pearson-distance ratio=1.0188
  峰形多样性：position-std ratio=1.0882；height-IQR ratio=1.0943；width-IQR ratio=1.1776；position frozen=0.000%
  负值：min=-20.921；<-40点=0.000000%；<-40光谱=0.000%
  training逐点包络外：lower点/光谱=0.000000%/0.000%；upper点/光谱=0.000000%/0.000%
  QQ拟合：raw R2=0.998878, RMSE=1.4514；model-normalized R2=0.998878, RMSE=0.00311944；training-standardized R2=0.985215, RMSE=0.776196
  QQ尾宽/oracle区间：lower=2.0878/[0.8966,1.1586]；upper=2.1698/[0.8808,1.1287]；overrun=True；underrun=False
  QQ四段比率[1-10,10-50,50-90,90-99]=[2.6107,1.4996,1.8594,2.3744]；尾部曲率RMSE(lower/upper)=0.4943/0.7231；oracle外分位点=77.23%
[111/126] DEL-S_TEB-S_CHL-H_soil：MSE=158.631；RMSE=12.3908；shape-MSE/RMSE=0.0949142/0.304767；model-norm MSE/RMSE=0.000732769/0.0266312；cos=0.958843；r=0.952543；W1raw=5.260348；W1norm=0.044248
  平均谱：MSE=24.6714；cos=0.994258；r=0.993291
  train分布参照：generated/train MSE=77.2386；held-out/train MSE=160.714；ratio=0.4806
  多样性MSE：train=204.583；generated=179.37；ratio=0.8768；Pearson-distance ratio=0.8372
  峰形多样性：position-std ratio=0.9456；height-IQR ratio=0.9452；width-IQR ratio=0.8876；position frozen=0.000%
  负值：min=-51.017；<-40点=0.018937%；<-40光谱=8.000%
  training逐点包络外：lower点/光谱=0.000000%/0.000%；upper点/光谱=0.000000%/0.000%
  QQ拟合：raw R2=0.999007, RMSE=3.22274；model-normalized R2=0.999007, RMSE=0.00692652；training-standardized R2=0.994747, RMSE=0.131826
  QQ尾宽/oracle区间：lower=1.2354/[0.9120,1.1668]；upper=1.0042/[0.8947,1.1508]；overrun=True；underrun=False
  QQ四段比率[1-10,10-50,50-90,90-99]=[1.3648,1.1072,0.9947,1.0122]；尾部曲率RMSE(lower/upper)=0.1791/0.1814；oracle外分位点=0.99%
[112/126] DEL-S_TEB-S_CHL-H_water：MSE=203.245；RMSE=14.0061；shape-MSE/RMSE=0.0902028/0.297675；model-norm MSE/RMSE=0.000938855/0.0301029；cos=0.962102；r=0.954899；W1raw=5.936494；W1norm=0.051723
  平均谱：MSE=32.0775；cos=0.992234；r=0.990976
  train分布参照：generated/train MSE=116.66；held-out/train MSE=159.609；ratio=0.7309
  多样性MSE：train=259.97；generated=223.954；ratio=0.8615；Pearson-distance ratio=0.8523
  峰形多样性：position-std ratio=0.9036；height-IQR ratio=1.1153；width-IQR ratio=1.1170；position frozen=0.000%
  负值：min=-54.865；<-40点=0.041031%；<-40光谱=12.000%
  training逐点包络外：lower点/光谱=0.000000%/0.000%；upper点/光谱=0.027354%/24.000%
  QQ拟合：raw R2=0.998565, RMSE=2.65463；model-normalized R2=0.998565, RMSE=0.00570551；training-standardized R2=0.993827, RMSE=0.21277
  QQ尾宽/oracle区间：lower=1.3016/[0.9317,1.1076]；upper=1.0330/[0.8973,1.1361]；overrun=True；underrun=False
  QQ四段比率[1-10,10-50,50-90,90-99]=[1.4091,1.1858,0.9468,1.1221]；尾部曲率RMSE(lower/upper)=0.2424/0.1139；oracle外分位点=21.78%
[113/126] DEL-S_TEB-S_CHL-M_soil：MSE=169.925；RMSE=12.638；shape-MSE/RMSE=0.136193/0.355154；model-norm MSE/RMSE=0.000784939/0.0271624；cos=0.941590；r=0.931903；W1raw=5.725872；W1norm=0.060204
  平均谱：MSE=39.4096；cos=0.992487；r=0.991078
  train分布参照：generated/train MSE=118.035；held-out/train MSE=137.673；ratio=0.8574
  多样性MSE：train=249.722；generated=217.086；ratio=0.8693；Pearson-distance ratio=0.8431
  峰形多样性：position-std ratio=0.9098；height-IQR ratio=0.8524；width-IQR ratio=1.0029；position frozen=0.000%
  负值：min=-32.645；<-40点=0.000000%；<-40光谱=0.000%
  training逐点包络外：lower点/光谱=0.001052%/2.000%；upper点/光谱=0.015781%/18.000%
  QQ拟合：raw R2=0.998802, RMSE=4.18274；model-normalized R2=0.998802, RMSE=0.00898981；training-standardized R2=0.995180, RMSE=0.257697
  QQ尾宽/oracle区间：lower=1.3165/[0.8959,1.1227]；upper=1.3498/[0.8290,1.2155]；overrun=True；underrun=False
  QQ四段比率[1-10,10-50,50-90,90-99]=[1.5142,1.1050,1.1952,1.5038]；尾部曲率RMSE(lower/upper)=0.2139/0.2846；oracle外分位点=57.43%
[114/126] DEL-S_TEB-S_CHL-M_water：MSE=249.591；RMSE=15.3778；shape-MSE/RMSE=0.0928486/0.298769；model-norm MSE/RMSE=0.00115295/0.0330509；cos=0.960697；r=0.953576；W1raw=6.025917；W1norm=0.055465
  平均谱：MSE=28.9852；cos=0.991383；r=0.989866
  train分布参照：generated/train MSE=133.188；held-out/train MSE=146.435；ratio=0.9095
  多样性MSE：train=218.447；generated=197.448；ratio=0.9039；Pearson-distance ratio=0.8620
  峰形多样性：position-std ratio=0.9872；height-IQR ratio=1.0081；width-IQR ratio=1.0873；position frozen=0.000%
  负值：min=-72.690；<-40点=0.050500%；<-40光谱=14.000%
  training逐点包络外：lower点/光谱=0.000000%/0.000%；upper点/光谱=0.096791%/24.000%
  QQ拟合：raw R2=0.998868, RMSE=1.80838；model-normalized R2=0.998868, RMSE=0.00388669；training-standardized R2=0.998000, RMSE=0.12949
  QQ尾宽/oracle区间：lower=0.9377/[0.8891,1.1290]；upper=1.0933/[0.9343,1.0866]；overrun=True；underrun=False
  QQ四段比率[1-10,10-50,50-90,90-99]=[0.9632,0.9070,1.0054,1.1868]；尾部曲率RMSE(lower/upper)=0.1186/0.0979；oracle外分位点=5.94%
[115/126] DEL-S_TEB-S_CHL-S_soil：MSE=248.762；RMSE=15.2838；shape-MSE/RMSE=0.272307/0.503843；model-norm MSE/RMSE=0.00114912/0.0328489；cos=0.879558；r=0.863846；W1raw=7.631867；W1norm=0.089092
  平均谱：MSE=117.56；cos=0.970356；r=0.964864
  train分布参照：generated/train MSE=127.131；held-out/train MSE=148.675；ratio=0.8551
  多样性MSE：train=287.149；generated=248.781；ratio=0.8664；Pearson-distance ratio=0.9480
  峰形多样性：position-std ratio=1.1303；height-IQR ratio=0.9640；width-IQR ratio=0.8798；position frozen=0.000%
  负值：min=-41.844；<-40点=0.009469%；<-40光谱=6.000%
  training逐点包络外：lower点/光谱=0.005260%/6.000%；upper点/光谱=0.012625%/16.000%
  QQ拟合：raw R2=0.995767, RMSE=7.17754；model-normalized R2=0.995767, RMSE=0.0154264；training-standardized R2=0.996474, RMSE=0.261673
  QQ尾宽/oracle区间：lower=1.3469/[0.9039,1.1301]；upper=1.1443/[0.8973,1.1342]；overrun=True；underrun=False
  QQ四段比率[1-10,10-50,50-90,90-99]=[1.5255,1.1700,1.0574,1.2229]；尾部曲率RMSE(lower/upper)=0.1790/0.1340；oracle外分位点=48.51%
[116/126] DEL-S_TEB-S_CHL-S_water：MSE=202.553；RMSE=14.047；shape-MSE/RMSE=0.100134/0.312966；model-norm MSE/RMSE=0.00093566/0.0301908；cos=0.957806；r=0.949933；W1raw=5.527670；W1norm=0.050691
  平均谱：MSE=25.1173；cos=0.992746；r=0.991191
  train分布参照：generated/train MSE=101.598；held-out/train MSE=188.394；ratio=0.5393
  多样性MSE：train=239.653；generated=208.301；ratio=0.8692；Pearson-distance ratio=0.8327
  峰形多样性：position-std ratio=0.9012；height-IQR ratio=1.0985；width-IQR ratio=1.0017；position frozen=0.000%
  负值：min=-46.362；<-40点=0.012625%；<-40光谱=8.000%
  training逐点包络外：lower点/光谱=0.002104%/2.000%；upper点/光谱=0.027354%/28.000%
  QQ拟合：raw R2=0.999112, RMSE=1.05832；model-normalized R2=0.999112, RMSE=0.00227462；training-standardized R2=0.997110, RMSE=0.106722
  QQ尾宽/oracle区间：lower=1.0046/[0.8929,1.1330]；upper=1.1046/[0.9173,1.1191]；overrun=False；underrun=False
  QQ四段比率[1-10,10-50,50-90,90-99]=[0.9037,1.1508,1.0147,1.2010]；尾部曲率RMSE(lower/upper)=0.1294/0.1775；oracle外分位点=0.99%
[117/126] DEL-S_TEB-S_soil：MSE=17.482；RMSE=4.14375；shape-MSE/RMSE=0.0421813/0.203736；model-norm MSE/RMSE=8.07552e-05/0.008906；cos=0.980554；r=0.978909；W1raw=1.544392；W1norm=0.031354
  平均谱：MSE=2.30407；cos=0.997316；r=0.997080
  train分布参照：generated/train MSE=10.2797；held-out/train MSE=14.3567；ratio=0.7160
  多样性MSE：train=27.5535；generated=23.9857；ratio=0.8705；Pearson-distance ratio=0.8685
  峰形多样性：position-std ratio=0.9042；height-IQR ratio=1.1119；width-IQR ratio=1.2156；position frozen=0.000%
  负值：min=-16.414；<-40点=0.000000%；<-40光谱=0.000%
  training逐点包络外：lower点/光谱=0.000000%/0.000%；upper点/光谱=0.000000%/0.000%
  QQ拟合：raw R2=0.999423, RMSE=0.613394；model-normalized R2=0.999423, RMSE=0.00131834；training-standardized R2=0.992498, RMSE=0.511738
  QQ尾宽/oracle区间：lower=1.7564/[0.9172,1.0912]；upper=1.5653/[0.8692,1.1660]；overrun=True；underrun=False
  QQ四段比率[1-10,10-50,50-90,90-99]=[2.0397,1.4131,1.3147,1.7513]；尾部曲率RMSE(lower/upper)=0.4812/0.3031；oracle外分位点=67.33%
[118/126] DEL-S_TEB-S_water：MSE=12.8624；RMSE=3.55231；shape-MSE/RMSE=0.032729/0.179363；model-norm MSE/RMSE=5.94156e-05/0.00763485；cos=0.985221；r=0.983636；W1raw=1.516575；W1norm=0.029351
  平均谱：MSE=2.06628；cos=0.997489；r=0.997204
  train分布参照：generated/train MSE=8.94518；held-out/train MSE=9.27455；ratio=0.9645
  多样性MSE：train=22.0678；generated=21.2954；ratio=0.9650；Pearson-distance ratio=0.9986
  峰形多样性：position-std ratio=0.8869；height-IQR ratio=1.0391；width-IQR ratio=1.3962；position frozen=0.000%
  负值：min=-11.451；<-40点=0.000000%；<-40光谱=0.000%
  training逐点包络外：lower点/光谱=0.000000%/0.000%；upper点/光谱=0.000000%/0.000%
  QQ拟合：raw R2=0.999305, RMSE=0.476135；model-normalized R2=0.999305, RMSE=0.00102334；training-standardized R2=0.983644, RMSE=1.10198
  QQ尾宽/oracle区间：lower=2.2211/[0.8346,1.2120]；upper=2.6919/[0.9123,1.1169]；overrun=True；underrun=False
  QQ四段比率[1-10,10-50,50-90,90-99]=[2.4795,1.8058,1.8954,3.2793]；尾部曲率RMSE(lower/upper)=0.7207/1.0657；oracle外分位点=80.20%
[119/126] DEL-S_soil：MSE=492.397；RMSE=20.4634；shape-MSE/RMSE=0.193268/0.386171；model-norm MSE/RMSE=0.00227455/0.0439813；cos=0.920455；r=0.903366；W1raw=7.728197；W1norm=0.062934
  平均谱：MSE=90.8605；cos=0.991281；r=0.989500
  train分布参照：generated/train MSE=199.768；held-out/train MSE=203.272；ratio=0.9828
  多样性MSE：train=633.442；generated=554.604；ratio=0.8755；Pearson-distance ratio=0.8730
  峰形多样性：position-std ratio=1.0788；height-IQR ratio=0.9759；width-IQR ratio=1.1671；position frozen=0.000%
  负值：min=-38.880；<-40点=0.000000%；<-40光谱=0.000%
  training逐点包络外：lower点/光谱=0.000000%/0.000%；upper点/光谱=0.011420%/6.000%
  QQ拟合：raw R2=0.995564, RMSE=6.45045；model-normalized R2=0.995564, RMSE=0.0138637；training-standardized R2=0.996825, RMSE=0.0786613
  QQ尾宽/oracle区间：lower=0.8785/[0.9068,1.1491]；upper=0.9636/[0.8146,1.3069]；overrun=False；underrun=True
  QQ四段比率[1-10,10-50,50-90,90-99]=[0.7457,1.0347,1.0592,0.8610]；尾部曲率RMSE(lower/upper)=0.1952/0.1412；oracle外分位点=0.99%
[120/126] DEL-S_water：MSE=951.43；RMSE=28.3181；shape-MSE/RMSE=0.224531/0.435655；model-norm MSE/RMSE=0.00439497/0.060863；cos=0.906044；r=0.887734；W1raw=8.694883；W1norm=0.062160
  平均谱：MSE=100.413；cos=0.978661；r=0.975546
  train分布参照：generated/train MSE=413.663；held-out/train MSE=315.792；ratio=1.3099
  多样性MSE：train=1215.97；generated=1041.51；ratio=0.8565；Pearson-distance ratio=0.9863
  峰形多样性：position-std ratio=0.8149；height-IQR ratio=1.0894；width-IQR ratio=1.0687；position frozen=0.000%
  负值：min=-76.163；<-40点=0.299786%；<-40光谱=28.000%
  training逐点包络外：lower点/光谱=0.000000%/0.000%；upper点/光谱=0.108494%/20.000%
  QQ拟合：raw R2=0.994845, RMSE=3.59244；model-normalized R2=0.994845, RMSE=0.0077211；training-standardized R2=0.995804, RMSE=0.199852
  QQ尾宽/oracle区间：lower=1.0567/[0.8657,1.3189]；upper=1.1510/[0.8900,1.1502]；overrun=True；underrun=False
  QQ四段比率[1-10,10-50,50-90,90-99]=[0.9382,1.2147,1.2668,1.0506]；尾部曲率RMSE(lower/upper)=0.2840/0.1461；oracle外分位点=18.81%
[121/126] TEB-H_soil：MSE=84.4387；RMSE=9.03154；shape-MSE/RMSE=0.0108411/0.101831；model-norm MSE/RMSE=0.000390051/0.0194112；cos=0.995178；r=0.994579；W1raw=4.665461；W1norm=0.025230
  平均谱：MSE=42.2512；cos=0.998460；r=0.998290
  train分布参照：generated/train MSE=41.831；held-out/train MSE=72.7135；ratio=0.5753
  多样性MSE：train=126.671；generated=125.552；ratio=0.9912；Pearson-distance ratio=0.9225
  峰形多样性：position-std ratio=0.9719；height-IQR ratio=1.0371；width-IQR ratio=0.9281；position frozen=0.000%
  负值：min=-42.896；<-40点=0.001428%；<-40光谱=2.000%
  training逐点包络外：lower点/光谱=0.000000%/0.000%；upper点/光谱=0.028551%/10.000%
  QQ拟合：raw R2=0.999031, RMSE=5.15174；model-normalized R2=0.999031, RMSE=0.0110725；training-standardized R2=0.989109, RMSE=0.468684
  QQ尾宽/oracle区间：lower=1.6276/[0.9152,1.1124]；upper=1.6909/[0.8444,1.1579]；overrun=True；underrun=False
  QQ四段比率[1-10,10-50,50-90,90-99]=[2.0173,1.2365,1.3500,2.0383]；尾部曲率RMSE(lower/upper)=0.4303/0.5140；oracle外分位点=49.50%
[122/126] TEB-H_water：MSE=99.0045；RMSE=9.76958；shape-MSE/RMSE=0.0129211/0.110785；model-norm MSE/RMSE=0.000457335/0.0209974；cos=0.994216；r=0.993539；W1raw=4.394375；W1norm=0.024577
  平均谱：MSE=40.8468；cos=0.997594；r=0.997304
  train分布参照：generated/train MSE=47.868；held-out/train MSE=62.3501；ratio=0.7677
  多样性MSE：train=131.554；generated=113.206；ratio=0.8605；Pearson-distance ratio=0.8955
  峰形多样性：position-std ratio=0.9405；height-IQR ratio=1.1080；width-IQR ratio=1.0787；position frozen=0.000%
  负值：min=-41.633；<-40点=0.002855%；<-40光谱=2.000%
  training逐点包络外：lower点/光谱=0.000000%/0.000%；upper点/光谱=0.008565%/10.000%
  QQ拟合：raw R2=0.999754, RMSE=2.63624；model-normalized R2=0.999754, RMSE=0.00566597；training-standardized R2=0.982115, RMSE=0.662541
  QQ尾宽/oracle区间：lower=1.9462/[0.8577,1.1396]；upper=1.9047/[0.8792,1.1576]；overrun=True；underrun=False
  QQ四段比率[1-10,10-50,50-90,90-99]=[2.4110,1.4359,1.4033,2.4130]；尾部曲率RMSE(lower/upper)=0.7642/0.7182；oracle外分位点=76.24%
[123/126] TEB-M_soil：MSE=116.022；RMSE=10.5639；shape-MSE/RMSE=0.0264642/0.16124；model-norm MSE/RMSE=0.000535946/0.0227046；cos=0.988301；r=0.986768；W1raw=4.199982；W1norm=0.031893
  平均谱：MSE=26.364；cos=0.996982；r=0.996558
  train分布参照：generated/train MSE=40.5338；held-out/train MSE=60.5251；ratio=0.6697
  多样性MSE：train=118.056；generated=101.988；ratio=0.8639；Pearson-distance ratio=0.9132
  峰形多样性：position-std ratio=0.8803；height-IQR ratio=1.0895；width-IQR ratio=1.1829；position frozen=0.000%
  负值：min=-36.805；<-40点=0.000000%；<-40光谱=0.000%
  training逐点包络外：lower点/光谱=0.002855%/2.000%；upper点/光谱=0.027123%/16.000%
  QQ拟合：raw R2=0.999296, RMSE=2.8115；model-normalized R2=0.999296, RMSE=0.00604264；training-standardized R2=0.986785, RMSE=0.408277
  QQ尾宽/oracle区间：lower=1.7117/[0.9048,1.1147]；upper=1.4506/[0.8945,1.0940]；overrun=True；underrun=False
  QQ四段比率[1-10,10-50,50-90,90-99]=[2.1550,1.3317,1.2049,1.7020]；尾部曲率RMSE(lower/upper)=0.6425/0.3268；oracle外分位点=37.62%
[124/126] TEB-M_water：MSE=111.642；RMSE=10.1616；shape-MSE/RMSE=0.0296419/0.167031；model-norm MSE/RMSE=0.000515714/0.0218401；cos=0.986792；r=0.985179；W1raw=4.039416；W1norm=0.033007
  平均谱：MSE=23.0985；cos=0.997594；r=0.997282
  train分布参照：generated/train MSE=43.5905；held-out/train MSE=56.2292；ratio=0.7752
  多样性MSE：train=122.381；generated=119.304；ratio=0.9749；Pearson-distance ratio=1.0026
  峰形多样性：position-std ratio=0.8711；height-IQR ratio=1.0137；width-IQR ratio=1.0326；position frozen=11.111%
  负值：min=-35.297；<-40点=0.000000%；<-40光谱=0.000%
  training逐点包络外：lower点/光谱=0.008565%/10.000%；upper点/光谱=0.021413%/20.000%
  QQ拟合：raw R2=0.999293, RMSE=2.97224；model-normalized R2=0.999293, RMSE=0.00638814；training-standardized R2=0.977369, RMSE=0.707242
  QQ尾宽/oracle区间：lower=2.0722/[0.9289,1.1112]；upper=2.0187/[0.8952,1.1233]；overrun=True；underrun=False
  QQ四段比率[1-10,10-50,50-90,90-99]=[2.6547,1.4499,1.4621,2.5769]；尾部曲率RMSE(lower/upper)=0.8550/0.7716；oracle外分位点=62.38%
[125/126] TEB-S_soil：MSE=95.0876；RMSE=9.53266；shape-MSE/RMSE=0.0843318/0.286145；model-norm MSE/RMSE=0.000439241/0.0204882；cos=0.963246；r=0.957834；W1raw=4.154974；W1norm=0.054465
  平均谱：MSE=24.6457；cos=0.987456；r=0.985730
  train分布参照：generated/train MSE=55.706；held-out/train MSE=91.6042；ratio=0.6081
  多样性MSE：train=136.046；generated=117.546；ratio=0.8640；Pearson-distance ratio=0.8093
  峰形多样性：position-std ratio=0.9492；height-IQR ratio=1.2121；width-IQR ratio=1.1534；position frozen=0.000%
  负值：min=-28.608；<-40点=0.000000%；<-40光谱=0.000%
  training逐点包络外：lower点/光谱=0.000000%/0.000%；upper点/光谱=0.015703%/16.000%
  QQ拟合：raw R2=0.997105, RMSE=1.94049；model-normalized R2=0.997105, RMSE=0.00417063；training-standardized R2=0.985319, RMSE=0.625261
  QQ尾宽/oracle区间：lower=1.7350/[0.8461,1.1439]；upper=1.9774/[0.8597,1.1236]；overrun=True；underrun=False
  QQ四段比率[1-10,10-50,50-90,90-99]=[1.9819,1.4161,1.4749,2.5217]；尾部曲率RMSE(lower/upper)=0.5872/0.7335；oracle外分位点=57.43%
[126/126] TEB-S_water：MSE=135.758；RMSE=11.4437；shape-MSE/RMSE=0.152075/0.376952；model-norm MSE/RMSE=0.000627111/0.0245956；cos=0.932644；r=0.923963；W1raw=4.572037；W1norm=0.077109
  平均谱：MSE=48.4234；cos=0.992222；r=0.990989
  train分布参照：generated/train MSE=57.2314；held-out/train MSE=86.8239；ratio=0.6592
  多样性MSE：train=135.243；generated=118.594；ratio=0.8769；Pearson-distance ratio=0.9242
  峰形多样性：position-std ratio=1.0311；height-IQR ratio=0.9448；width-IQR ratio=0.9659；position frozen=0.000%
  负值：min=-29.802；<-40点=0.000000%；<-40光谱=0.000%
  training逐点包络外：lower点/光谱=0.000000%/0.000%；upper点/光谱=0.001428%/2.000%
  QQ拟合：raw R2=0.994492, RMSE=5.74907；model-normalized R2=0.994492, RMSE=0.0123563；training-standardized R2=0.974466, RMSE=0.629177
  QQ尾宽/oracle区间：lower=2.2504/[0.9039,1.1190]；upper=1.7380/[0.9238,1.0973]；overrun=True；underrun=False
  QQ四段比率[1-10,10-50,50-90,90-99]=[2.9940,1.5653,1.3300,2.1115]；尾部曲率RMSE(lower/upper)=0.9467/0.4634；oracle外分位点=57.43%
===== 评价完成 =====
逐条件指标：/home/wqzheng/project/outputs/experiments/d4_3_2_9_joint_qq_peakshift_diversity_formal/metrics_all126_n50_tailoff/condition_metrics.csv
总体统计：/home/wqzheng/project/outputs/experiments/d4_3_2_9_joint_qq_peakshift_diversity_formal/metrics_all126_n50_tailoff/overall_metric_summary.csv
图像输出：已跳过（--plot-mode none，数值指标不受影响）
QQ分层汇总：/home/wqzheng/project/outputs/experiments/d4_3_2_9_joint_qq_peakshift_diversity_formal/metrics_all126_n50_tailoff/qq_stratified_summary.csv
全质量分层汇总：/home/wqzheng/project/outputs/experiments/d4_3_2_9_joint_qq_peakshift_diversity_formal/metrics_all126_n50_tailoff/quality_stratified_summary.csv
峰形多样性明细：/home/wqzheng/project/outputs/experiments/d4_3_2_9_joint_qq_peakshift_diversity_formal/metrics_all126_n50_tailoff/peak_morphology_details.csv
报告：/home/wqzheng/project/outputs/experiments/d4_3_2_9_joint_qq_peakshift_diversity_formal/metrics_all126_n50_tailoff/evaluation_report.txt
