===== D4条件生成核心指标评价 =====
checkpoint：/home/wqzheng/project/outputs/experiments/d4_3_2_9_joint_qq_peakshift_diversity_smoke/checkpoints/best.pt
真实参考子集：validation
条件数：126
[1/126] CHL-H_TEB-H_soil：MSE=202.503；RMSE=13.8711；shape-MSE/RMSE=0.0368255/0.186038；model-norm MSE/RMSE=0.000935429/0.0298126；cos=0.983675；r=0.981587；W1raw=5.601529；W1norm=0.028677
  平均谱：MSE=45.1903；cos=0.996451；r=0.996039
  train分布参照：generated/train MSE=108.877；held-out/train MSE=134.325；ratio=0.8106
  多样性MSE：train=212.941；generated=203.502；ratio=0.9557；Pearson-distance ratio=0.9831
  峰形多样性：position-std ratio=0.8061；height-IQR ratio=1.1236；width-IQR ratio=1.2545；position frozen=0.000%
  负值：min=-47.062；<-40点=0.026302%；<-40光谱=5.000%
  training逐点包络外：lower点/光谱=0.000000%/0.000%；upper点/光谱=0.036823%/15.000%
  QQ拟合：raw R2=0.998825, RMSE=4.28662；model-normalized R2=0.998825, RMSE=0.00921307；training-standardized R2=0.998400, RMSE=0.218684
  QQ尾宽/oracle区间：lower=0.9854/[0.8582,1.1820]；upper=0.9194/[0.7736,1.2615]；overrun=False；underrun=False
  QQ四段比率[1-10,10-50,50-90,90-99]=[0.9072,1.0752,1.0104,0.8407]；尾部曲率RMSE(lower/upper)=0.0717/0.1381；oracle外分位点=57.43%
[2/126] CHL-H_TEB-H_water：MSE=320.896；RMSE=17.6126；shape-MSE/RMSE=0.0347437/0.184207；model-norm MSE/RMSE=0.00148233/0.0378541；cos=0.984344；r=0.982628；W1raw=7.416143；W1norm=0.030102
  平均谱：MSE=85.2469；cos=0.995677；r=0.995203
  train分布参照：generated/train MSE=168.546；held-out/train MSE=241.679；ratio=0.6974
  多样性MSE：train=458.098；generated=373.328；ratio=0.8150；Pearson-distance ratio=0.7671
  峰形多样性：position-std ratio=1.1056；height-IQR ratio=1.0986；width-IQR ratio=0.9335；position frozen=0.000%
  负值：min=-107.978；<-40点=1.017885%；<-40光谱=100.000%
  training逐点包络外：lower点/光谱=0.000000%/0.000%；upper点/光谱=0.086796%/30.000%
  QQ拟合：raw R2=0.998917, RMSE=4.8145；model-normalized R2=0.998917, RMSE=0.0103476；training-standardized R2=0.992572, RMSE=0.0897871
  QQ尾宽/oracle区间：lower=0.9060/[0.8644,1.1724]；upper=0.8669/[0.8792,1.1740]；overrun=False；underrun=True
  QQ四段比率[1-10,10-50,50-90,90-99]=[0.8417,0.9686,1.0611,0.7051]；尾部曲率RMSE(lower/upper)=0.2962/0.2424；oracle外分位点=0.99%
[3/126] CHL-H_TEB-M_soil：MSE=208.119；RMSE=14.2149；shape-MSE/RMSE=0.05882/0.239674；model-norm MSE/RMSE=0.000961373/0.0305516；cos=0.974173；r=0.970590；W1raw=6.271351；W1norm=0.037470
  平均谱：MSE=58.5749；cos=0.992288；r=0.991149
  train分布参照：generated/train MSE=102.584；held-out/train MSE=142.93；ratio=0.7177
  多样性MSE：train=264.393；generated=256.244；ratio=0.9692；Pearson-distance ratio=0.9111
  峰形多样性：position-std ratio=1.0422；height-IQR ratio=1.1578；width-IQR ratio=0.9955；position frozen=0.000%
  负值：min=-41.107；<-40点=0.007891%；<-40光谱=5.000%
  training逐点包络外：lower点/光谱=0.031562%/10.000%；upper点/光谱=0.052604%/10.000%
  QQ拟合：raw R2=0.999718, RMSE=3.47162；model-normalized R2=0.999718, RMSE=0.00746143；training-standardized R2=0.995648, RMSE=0.173188
  QQ尾宽/oracle区间：lower=0.8057/[0.8974,1.1368]；upper=0.8180/[0.9135,1.1315]；overrun=False；underrun=True
  QQ四段比率[1-10,10-50,50-90,90-99]=[0.7188,0.8966,0.9378,0.7051]；尾部曲率RMSE(lower/upper)=0.2579/0.2084；oracle外分位点=8.91%
[4/126] CHL-H_TEB-M_water：MSE=177.477；RMSE=12.91；shape-MSE/RMSE=0.0452414/0.209751；model-norm MSE/RMSE=0.000819825/0.0277471；cos=0.979668；r=0.977379；W1raw=5.887961；W1norm=0.035307
  平均谱：MSE=42.7493；cos=0.993856；r=0.993052
  train分布参照：generated/train MSE=100.39；held-out/train MSE=129.064；ratio=0.7778
  多样性MSE：train=277.123；generated=238.033；ratio=0.8589；Pearson-distance ratio=0.6745
  峰形多样性：position-std ratio=0.9584；height-IQR ratio=1.0229；width-IQR ratio=0.8518；position frozen=0.000%
  负值：min=-71.556；<-40点=0.215676%；<-40光谱=55.000%
  training逐点包络外：lower点/光谱=0.047344%/15.000%；upper点/光谱=0.010521%/15.000%
  QQ拟合：raw R2=0.998824, RMSE=1.91956；model-normalized R2=0.998824, RMSE=0.00412564；training-standardized R2=0.998376, RMSE=0.106598
  QQ尾宽/oracle区间：lower=0.8739/[0.8807,1.1672]；upper=0.8653/[0.7959,1.1882]；overrun=False；underrun=True
  QQ四段比率[1-10,10-50,50-90,90-99]=[0.8253,0.9238,0.9847,0.7531]；尾部曲率RMSE(lower/upper)=0.1027/0.1100；oracle外分位点=0.99%
[5/126] CHL-H_TEB-S_soil：MSE=201.05；RMSE=13.7962；shape-MSE/RMSE=0.0736034/0.266152；model-norm MSE/RMSE=0.000928718/0.0296517；cos=0.967261；r=0.963198；W1raw=6.638417；W1norm=0.040735
  平均谱：MSE=69.808；cos=0.986549；r=0.984797
  train分布参照：generated/train MSE=107.999；held-out/train MSE=122.835；ratio=0.8792
  多样性MSE：train=294.869；generated=239.642；ratio=0.8127；Pearson-distance ratio=0.9148
  峰形多样性：position-std ratio=1.1415；height-IQR ratio=0.8283；width-IQR ratio=1.0736；position frozen=10.000%
  负值：min=-53.044；<-40点=0.068385%；<-40光谱=35.000%
  training逐点包络外：lower点/光谱=0.000000%/0.000%；upper点/光谱=0.015781%/5.000%
  QQ拟合：raw R2=0.998198, RMSE=2.18092；model-normalized R2=0.998198, RMSE=0.00468738；training-standardized R2=0.992032, RMSE=0.13596
  QQ尾宽/oracle区间：lower=0.9312/[0.8959,1.1217]；upper=0.9623/[0.8947,1.1224]；overrun=False；underrun=False
  QQ四段比率[1-10,10-50,50-90,90-99]=[0.7819,1.1139,1.1510,0.8019]；尾部曲率RMSE(lower/upper)=0.3381/0.3428；oracle外分位点=26.73%
[6/126] CHL-H_TEB-S_water：MSE=211.603；RMSE=13.8702；shape-MSE/RMSE=0.0606236/0.235593；model-norm MSE/RMSE=0.000977463/0.0298106；cos=0.972582；r=0.969688；W1raw=6.628928；W1norm=0.041741
  平均谱：MSE=79.4184；cos=0.991177；r=0.990332
  train分布参照：generated/train MSE=83.0749；held-out/train MSE=100.087；ratio=0.8300
  多样性MSE：train=217.753；generated=183.446；ratio=0.8425；Pearson-distance ratio=0.8236
  峰形多样性：position-std ratio=0.9268；height-IQR ratio=1.1253；width-IQR ratio=0.9323；position frozen=0.000%
  负值：min=-49.445；<-40点=0.102578%；<-40光谱=35.000%
  training逐点包络外：lower点/光谱=0.000000%/0.000%；upper点/光谱=0.057864%/25.000%
  QQ拟合：raw R2=0.997014, RMSE=5.04021；model-normalized R2=0.997014, RMSE=0.0108327；training-standardized R2=0.989823, RMSE=0.143415
  QQ尾宽/oracle区间：lower=0.7165/[0.9167,1.1170]；upper=0.9060/[0.9169,1.1165]；overrun=False；underrun=True
  QQ四段比率[1-10,10-50,50-90,90-99]=[0.6033,0.8518,1.0465,0.7771]；尾部曲率RMSE(lower/upper)=0.3712/0.0719；oracle外分位点=7.92%
[7/126] CHL-H_soil：MSE=415.997；RMSE=19.9939；shape-MSE/RMSE=0.0386819/0.19198；model-norm MSE/RMSE=0.00192163/0.0429721；cos=0.982526；r=0.980659；W1raw=8.366709；W1norm=0.034824
  平均谱：MSE=84.5631；cos=0.995822；r=0.995349
  train分布参照：generated/train MSE=202.229；held-out/train MSE=312.885；ratio=0.6463
  多样性MSE：train=605.175；generated=516.995；ratio=0.8543；Pearson-distance ratio=0.9069
  峰形多样性：position-std ratio=1.0706；height-IQR ratio=0.8008；width-IQR ratio=1.0460；position frozen=0.000%
  负值：min=-71.442；<-40点=0.318254%；<-40光谱=75.000%
  training逐点包络外：lower点/光谱=0.000000%/0.000%；upper点/光谱=0.078906%/40.000%
  QQ拟合：raw R2=0.999473, RMSE=3.11763；model-normalized R2=0.999473, RMSE=0.00670062；training-standardized R2=0.992258, RMSE=0.179957
  QQ尾宽/oracle区间：lower=0.7727/[0.8645,1.1905]；upper=0.7519/[0.9006,1.1303]；overrun=False；underrun=True
  QQ四段比率[1-10,10-50,50-90,90-99]=[0.6520,0.9123,0.9441,0.5862]；尾部曲率RMSE(lower/upper)=0.2769/0.3106；oracle外分位点=10.89%
[8/126] CHL-H_water：MSE=411.152；RMSE=20.0287；shape-MSE/RMSE=0.0281941/0.166204；model-norm MSE/RMSE=0.00189925/0.043047；cos=0.987035；r=0.985903；W1raw=8.551845；W1norm=0.028697
  平均谱：MSE=76.6556；cos=0.997497；r=0.997284
  train分布参照：generated/train MSE=197.259；held-out/train MSE=307.966；ratio=0.6405
  多样性MSE：train=587.892；generated=562.132；ratio=0.9562；Pearson-distance ratio=1.0075
  峰形多样性：position-std ratio=0.9394；height-IQR ratio=0.9796；width-IQR ratio=1.1386；position frozen=0.000%
  负值：min=-75.917；<-40点=0.376118%；<-40光谱=65.000%
  training逐点包络外：lower点/光谱=0.031562%/25.000%；upper点/光谱=0.168332%/50.000%
  QQ拟合：raw R2=0.999498, RMSE=3.86203；model-normalized R2=0.999498, RMSE=0.00830052；training-standardized R2=0.987358, RMSE=0.140746
  QQ尾宽/oracle区间：lower=0.9931/[0.8753,1.1768]；upper=0.7310/[0.8895,1.1916]；overrun=False；underrun=True
  QQ四段比率[1-10,10-50,50-90,90-99]=[0.8808,1.1081,1.0642,0.5074]；尾部曲率RMSE(lower/upper)=0.1512/0.4501；oracle外分位点=0.99%
[9/126] CHL-M_TEB-H_soil：MSE=108.69；RMSE=10.2607；shape-MSE/RMSE=0.0533752/0.226668；model-norm MSE/RMSE=0.000502077/0.0220529；cos=0.976453；r=0.973312；W1raw=5.183597；W1norm=0.040215
  平均谱：MSE=51.4336；cos=0.988209；r=0.986565
  train分布参照：generated/train MSE=44.1418；held-out/train MSE=118.034；ratio=0.3740
  多样性MSE：train=118.924；generated=107.882；ratio=0.9072；Pearson-distance ratio=0.9714
  峰形多样性：position-std ratio=0.7988；height-IQR ratio=1.2438；width-IQR ratio=1.0109；position frozen=0.000%
  负值：min=-34.685；<-40点=0.000000%；<-40光谱=0.000%
  training逐点包络外：lower点/光谱=0.000000%/0.000%；upper点/光谱=0.005260%/10.000%
  QQ拟合：raw R2=0.999214, RMSE=1.58918；model-normalized R2=0.999214, RMSE=0.00341557；training-standardized R2=0.988456, RMSE=0.255351
  QQ尾宽/oracle区间：lower=0.7038/[0.9394,1.0614]；upper=0.7392/[0.9100,1.1262]；overrun=False；underrun=True
  QQ四段比率[1-10,10-50,50-90,90-99]=[0.5579,0.9146,0.8700,0.6283]；尾部曲率RMSE(lower/upper)=0.4594/0.3082；oracle外分位点=14.85%
[10/126] CHL-M_TEB-H_water：MSE=96.866；RMSE=9.80896；shape-MSE/RMSE=0.0469108/0.216016；model-norm MSE/RMSE=0.000447457/0.021082；cos=0.979685；r=0.976545；W1raw=4.733832；W1norm=0.035853
  平均谱：MSE=29.0894；cos=0.993524；r=0.992488
  train分布参照：generated/train MSE=50.9168；held-out/train MSE=96.5628；ratio=0.5273
  多样性MSE：train=137.927；generated=120.026；ratio=0.8702；Pearson-distance ratio=0.8892
  峰形多样性：position-std ratio=0.9366；height-IQR ratio=0.9377；width-IQR ratio=0.9595；position frozen=0.000%
  负值：min=-29.460；<-40点=0.000000%；<-40光谱=0.000%
  training逐点包络外：lower点/光谱=0.005260%/5.000%；upper点/光谱=0.007891%/5.000%
  QQ拟合：raw R2=0.999391, RMSE=1.0129；model-normalized R2=0.999391, RMSE=0.00217699；training-standardized R2=0.992769, RMSE=0.119592
  QQ尾宽/oracle区间：lower=0.7779/[0.9200,1.1043]；upper=0.8067/[0.8468,1.1854]；overrun=False；underrun=True
  QQ四段比率[1-10,10-50,50-90,90-99]=[0.6387,0.9399,0.9955,0.6484]；尾部曲率RMSE(lower/upper)=0.2970/0.2562；oracle外分位点=6.93%
[11/126] CHL-M_TEB-M_soil：MSE=131.262；RMSE=11.277；shape-MSE/RMSE=0.0755434/0.270713；model-norm MSE/RMSE=0.000606344/0.0242373；cos=0.966851；r=0.962228；W1raw=5.834957；W1norm=0.046660
  平均谱：MSE=81.9221；cos=0.978885；r=0.975721
  train分布参照：generated/train MSE=59.4764；held-out/train MSE=125.881；ratio=0.4725
  多样性MSE：train=140.756；generated=142.672；ratio=1.0136；Pearson-distance ratio=1.0257
  峰形多样性：position-std ratio=0.9220；height-IQR ratio=1.1583；width-IQR ratio=0.9910；position frozen=0.000%
  负值：min=-33.296；<-40点=0.000000%；<-40光谱=0.000%
  training逐点包络外：lower点/光谱=0.000000%/0.000%；upper点/光谱=0.081536%/15.000%
  QQ拟合：raw R2=0.997665, RMSE=2.82498；model-normalized R2=0.997665, RMSE=0.00607164；training-standardized R2=0.992313, RMSE=0.333194
  QQ尾宽/oracle区间：lower=0.7398/[0.8338,1.1619]；upper=0.6682/[0.7855,1.2318]；overrun=False；underrun=True
  QQ四段比率[1-10,10-50,50-90,90-99]=[0.6536,0.8365,0.7534,0.5940]；尾部曲率RMSE(lower/upper)=0.2422/0.3706；oracle外分位点=37.62%
[12/126] CHL-M_TEB-M_water：MSE=199.374；RMSE=13.7631；shape-MSE/RMSE=0.0993649/0.310386；model-norm MSE/RMSE=0.000920976/0.0295806；cos=0.956597；r=0.950318；W1raw=6.069233；W1norm=0.045058
  平均谱：MSE=53.9857；cos=0.986634；r=0.984485
  train分布参照：generated/train MSE=95.1195；held-out/train MSE=106.19；ratio=0.8957
  多样性MSE：train=284.656；generated=239.129；ratio=0.8401；Pearson-distance ratio=0.9887
  峰形多样性：position-std ratio=1.0023；height-IQR ratio=1.0674；width-IQR ratio=1.1429；position frozen=0.000%
  负值：min=-39.109；<-40点=0.000000%；<-40光谱=0.000%
  training逐点包络外：lower点/光谱=0.002630%/5.000%；upper点/光谱=0.055234%/20.000%
  QQ拟合：raw R2=0.995304, RMSE=3.69261；model-normalized R2=0.995304, RMSE=0.0079364；training-standardized R2=0.989875, RMSE=0.108199
  QQ尾宽/oracle区间：lower=0.9644/[0.8463,1.1766]；upper=0.8011/[0.8670,1.1546]；overrun=False；underrun=True
  QQ四段比率[1-10,10-50,50-90,90-99]=[0.8456,1.0764,1.0871,0.5720]；尾部曲率RMSE(lower/upper)=0.2113/0.4235；oracle外分位点=0.99%
[13/126] CHL-M_TEB-S_soil：MSE=159.388；RMSE=12.1782；shape-MSE/RMSE=0.109361/0.323823；model-norm MSE/RMSE=0.000736268/0.0261741；cos=0.951092；r=0.945320；W1raw=4.847940；W1norm=0.046377
  平均谱：MSE=15.6101；cos=0.993371；r=0.992508
  train分布参照：generated/train MSE=92.5384；held-out/train MSE=64.4618；ratio=1.4356
  多样性MSE：train=205.812；generated=210.808；ratio=1.0243；Pearson-distance ratio=0.9071
  峰形多样性：position-std ratio=0.8690；height-IQR ratio=1.0527；width-IQR ratio=1.0689；position frozen=10.000%
  负值：min=-38.163；<-40点=0.000000%；<-40光谱=0.000%
  training逐点包络外：lower点/光谱=0.018411%/15.000%；upper点/光谱=0.015781%/10.000%
  QQ拟合：raw R2=0.998939, RMSE=2.42264；model-normalized R2=0.998939, RMSE=0.00520688；training-standardized R2=0.987367, RMSE=0.104664
  QQ尾宽/oracle区间：lower=0.8495/[0.8485,1.2750]；upper=0.8062/[0.8422,1.2375]；overrun=False；underrun=True
  QQ四段比率[1-10,10-50,50-90,90-99]=[0.6634,1.0589,1.0578,0.6145]；尾部曲率RMSE(lower/upper)=0.3350/0.3670；oracle外分位点=2.97%
[14/126] CHL-M_TEB-S_water：MSE=189.441；RMSE=13.5191；shape-MSE/RMSE=0.111981/0.318911；model-norm MSE/RMSE=0.000875091/0.0290561；cos=0.949760；r=0.944010；W1raw=6.052172；W1norm=0.054881
  平均谱：MSE=30.2552；cos=0.990467；r=0.989113
  train分布参照：generated/train MSE=151.712；held-out/train MSE=71.9217；ratio=2.1094
  多样性MSE：train=430.014；generated=356.498；ratio=0.8290；Pearson-distance ratio=0.9513
  峰形多样性：position-std ratio=0.8734；height-IQR ratio=0.9182；width-IQR ratio=1.0663；position frozen=11.111%
  负值：min=-48.771；<-40点=0.123619%；<-40光谱=40.000%
  training逐点包络外：lower点/光谱=0.065755%/20.000%；upper点/光谱=0.042083%/20.000%
  QQ拟合：raw R2=0.998189, RMSE=3.14939；model-normalized R2=0.998189, RMSE=0.00676886；training-standardized R2=0.993363, RMSE=0.155483
  QQ尾宽/oracle区间：lower=1.0016/[0.8645,1.1680]；upper=0.9396/[0.9109,1.1501]；overrun=False；underrun=False
  QQ四段比率[1-10,10-50,50-90,90-99]=[0.7468,1.3046,1.1431,0.7371]；尾部曲率RMSE(lower/upper)=0.1755/0.2373；oracle外分位点=20.79%
[15/126] CHL-M_soil：MSE=479.568；RMSE=21.4597；shape-MSE/RMSE=0.0574687/0.236818；model-norm MSE/RMSE=0.00221528/0.0461226；cos=0.973787；r=0.971266；W1raw=9.259902；W1norm=0.050590
  平均谱：MSE=236.228；cos=0.989192；r=0.988095
  train分布参照：generated/train MSE=151.229；held-out/train MSE=315.367；ratio=0.4795
  多样性MSE：train=433.746；generated=356.186；ratio=0.8212；Pearson-distance ratio=0.7959
  峰形多样性：position-std ratio=1.0573；height-IQR ratio=1.0394；width-IQR ratio=1.0322；position frozen=0.000%
  负值：min=-73.520；<-40点=0.741715%；<-40光谱=90.000%
  training逐点包络外：lower点/光谱=0.036823%/20.000%；upper点/光谱=0.018411%/15.000%
  QQ拟合：raw R2=0.998000, RMSE=8.95147；model-normalized R2=0.998000, RMSE=0.0192391；training-standardized R2=0.997092, RMSE=0.250281
  QQ尾宽/oracle区间：lower=0.7489/[0.9089,1.0846]；upper=0.7684/[0.9162,1.1052]；overrun=False；underrun=True
  QQ四段比率[1-10,10-50,50-90,90-99]=[0.6669,0.8267,0.8688,0.6679]；尾部曲率RMSE(lower/upper)=0.2046/0.1305；oracle外分位点=63.37%
[16/126] CHL-M_water：MSE=423.871；RMSE=20.2093；shape-MSE/RMSE=0.0407679/0.198412；model-norm MSE/RMSE=0.001958/0.0434351；cos=0.981228；r=0.979616；W1raw=9.017837；W1norm=0.033174
  平均谱：MSE=108.254；cos=0.995310；r=0.994902
  train分布参照：generated/train MSE=212.538；held-out/train MSE=359.47；ratio=0.5913
  多样性MSE：train=617.756；generated=514.515；ratio=0.8329；Pearson-distance ratio=0.8867
  峰形多样性：position-std ratio=0.6968；height-IQR ratio=0.8481；width-IQR ratio=1.0877；position frozen=11.111%
  负值：min=-74.012；<-40点=0.544450%；<-40光谱=55.000%
  training逐点包络外：lower点/光谱=0.000000%/0.000%；upper点/光谱=0.049974%/30.000%
  QQ拟合：raw R2=0.999555, RMSE=4.23072；model-normalized R2=0.999555, RMSE=0.00909294；training-standardized R2=0.992475, RMSE=0.134883
  QQ尾宽/oracle区间：lower=0.8307/[0.9008,1.1776]；upper=0.7844/[0.8759,1.1509]；overrun=False；underrun=True
  QQ四段比率[1-10,10-50,50-90,90-99]=[0.6711,1.0329,0.9922,0.6129]；尾部曲率RMSE(lower/upper)=0.2337/0.3004；oracle外分位点=2.97%
[17/126] CHL-S_TEB-H_soil：MSE=161.156；RMSE=12.449；shape-MSE/RMSE=0.0855679/0.286484；model-norm MSE/RMSE=0.000744433/0.0267561；cos=0.962063；r=0.957216；W1raw=6.259397；W1norm=0.052112
  平均谱：MSE=70.9901；cos=0.982941；r=0.980505
  train分布参照：generated/train MSE=81.9128；held-out/train MSE=106.761；ratio=0.7673
  多样性MSE：train=192.351；generated=160.616；ratio=0.8350；Pearson-distance ratio=0.8086
  峰形多样性：position-std ratio=0.9620；height-IQR ratio=1.1386；width-IQR ratio=0.8734；position frozen=0.000%
  负值：min=-40.130；<-40点=0.002630%；<-40光谱=5.000%
  training逐点包络外：lower点/光谱=0.000000%/0.000%；upper点/光谱=0.000000%/0.000%
  QQ拟合：raw R2=0.998596, RMSE=2.15738；model-normalized R2=0.998596, RMSE=0.00463677；training-standardized R2=0.992576, RMSE=0.113621
  QQ尾宽/oracle区间：lower=0.8364/[0.9217,1.0882]；upper=0.8793/[0.8933,1.1151]；overrun=False；underrun=True
  QQ四段比率[1-10,10-50,50-90,90-99]=[0.7492,0.9261,1.0873,0.7118]；尾部曲率RMSE(lower/upper)=0.3341/0.1915；oracle外分位点=4.95%
[18/126] CHL-S_TEB-H_water：MSE=200.612；RMSE=13.9839；shape-MSE/RMSE=0.1129/0.330727；model-norm MSE/RMSE=0.000926693/0.0300551；cos=0.948652；r=0.943550；W1raw=6.213194；W1norm=0.052353
  平均谱：MSE=50.9922；cos=0.986518；r=0.985532
  train分布参照：generated/train MSE=99.0125；held-out/train MSE=133.213；ratio=0.7433
  多样性MSE：train=273.256；generated=230.668；ratio=0.8441；Pearson-distance ratio=0.8055
  峰形多样性：position-std ratio=0.8444；height-IQR ratio=1.0732；width-IQR ratio=0.8718；position frozen=0.000%
  负值：min=-54.606；<-40点=0.197265%；<-40光谱=35.000%
  training逐点包络外：lower点/光谱=0.000000%/0.000%；upper点/光谱=0.013151%/5.000%
  QQ拟合：raw R2=0.996813, RMSE=3.67401；model-normalized R2=0.996813, RMSE=0.00789642；training-standardized R2=0.995958, RMSE=0.208954
  QQ尾宽/oracle区间：lower=0.8821/[0.9039,1.1109]；upper=0.8320/[0.9095,1.1166]；overrun=False；underrun=True
  QQ四段比率[1-10,10-50,50-90,90-99]=[0.7930,0.9714,0.9743,0.6900]；尾部曲率RMSE(lower/upper)=0.1457/0.2567；oracle外分位点=22.77%
[19/126] CHL-S_TEB-M_soil：MSE=135.955；RMSE=11.4963；shape-MSE/RMSE=0.0797681/0.278087；model-norm MSE/RMSE=0.000628023/0.0247085；cos=0.965041；r=0.960116；W1raw=5.209124；W1norm=0.044451
  平均谱：MSE=54.5106；cos=0.985262；r=0.983075
  train分布参照：generated/train MSE=52.1977；held-out/train MSE=77.1032；ratio=0.6770
  多样性MSE：train=139.97；generated=122.395；ratio=0.8744；Pearson-distance ratio=0.9287
  峰形多样性：position-std ratio=0.8335；height-IQR ratio=1.2058；width-IQR ratio=1.0274；position frozen=22.222%
  负值：min=-30.958；<-40点=0.000000%；<-40光谱=0.000%
  training逐点包络外：lower点/光谱=0.000000%/0.000%；upper点/光谱=0.023672%/10.000%
  QQ拟合：raw R2=0.998168, RMSE=2.63862；model-normalized R2=0.998168, RMSE=0.0056711；training-standardized R2=0.994422, RMSE=0.123504
  QQ尾宽/oracle区间：lower=0.8582/[0.8416,1.1973]；upper=0.9238/[0.9039,1.1413]；overrun=False；underrun=False
  QQ四段比率[1-10,10-50,50-90,90-99]=[0.7889,0.9343,0.9949,0.8531]；尾部曲率RMSE(lower/upper)=0.3155/0.1719；oracle外分位点=24.75%
[20/126] CHL-S_TEB-M_water：MSE=122.562；RMSE=10.8912；shape-MSE/RMSE=0.077055/0.272632；model-norm MSE/RMSE=0.000566157/0.0234081；cos=0.966296；r=0.961473；W1raw=5.824665；W1norm=0.052489
  平均谱：MSE=55.0496；cos=0.985922；r=0.983749
  train分布参照：generated/train MSE=65.3574；held-out/train MSE=99.0335；ratio=0.6600
  多样性MSE：train=184.764；generated=154.803；ratio=0.8378；Pearson-distance ratio=0.8333
  峰形多样性：position-std ratio=0.9249；height-IQR ratio=0.9078；width-IQR ratio=0.8271；position frozen=0.000%
  负值：min=-41.298；<-40点=0.007891%；<-40光谱=5.000%
  training逐点包络外：lower点/光谱=0.000000%/0.000%；upper点/光谱=0.026302%/20.000%
  QQ拟合：raw R2=0.999004, RMSE=2.65669；model-normalized R2=0.999004, RMSE=0.00570994；training-standardized R2=0.994044, RMSE=0.0916641
  QQ尾宽/oracle区间：lower=0.9009/[0.8563,1.1301]；upper=0.7903/[0.8887,1.1414]；overrun=False；underrun=True
  QQ四段比率[1-10,10-50,50-90,90-99]=[0.8285,0.9709,1.0323,0.6152]；尾部曲率RMSE(lower/upper)=0.1550/0.2695；oracle外分位点=0.99%
[21/126] CHL-S_TEB-S_soil：MSE=108.786；RMSE=10.1863；shape-MSE/RMSE=0.119413/0.340687；model-norm MSE/RMSE=0.000502518/0.021893；cos=0.946370；r=0.940294；W1raw=4.316383；W1norm=0.046026
  平均谱：MSE=19.1883；cos=0.990027；r=0.988750
  train分布参照：generated/train MSE=60.0917；held-out/train MSE=55.5337；ratio=1.0821
  多样性MSE：train=149.453；generated=163.353；ratio=1.0930；Pearson-distance ratio=1.1136
  峰形多样性：position-std ratio=1.1131；height-IQR ratio=1.3819；width-IQR ratio=1.1900；position frozen=0.000%
  负值：min=-34.310；<-40点=0.000000%；<-40光谱=0.000%
  training逐点包络外：lower点/光谱=0.044713%/10.000%；upper点/光谱=0.052604%/20.000%
  QQ拟合：raw R2=0.999062, RMSE=1.90432；model-normalized R2=0.999062, RMSE=0.00409289；training-standardized R2=0.992261, RMSE=0.114386
  QQ尾宽/oracle区间：lower=0.9179/[0.8959,1.1210]；upper=1.0540/[0.8565,1.1599]；overrun=False；underrun=False
  QQ四段比率[1-10,10-50,50-90,90-99]=[0.7673,1.0861,1.1785,0.9283]；尾部曲率RMSE(lower/upper)=0.3533/0.1799；oracle外分位点=2.97%
[22/126] CHL-S_TEB-S_water：MSE=114.068；RMSE=10.4177；shape-MSE/RMSE=0.131296/0.355476；model-norm MSE/RMSE=0.000526916/0.0223904；cos=0.942332；r=0.934352；W1raw=4.464740；W1norm=0.051298
  平均谱：MSE=20.088；cos=0.988333；r=0.986492
  train分布参照：generated/train MSE=58.6889；held-out/train MSE=61.0776；ratio=0.9609
  多样性MSE：train=119.051；generated=132.421；ratio=1.1123；Pearson-distance ratio=0.9010
  峰形多样性：position-std ratio=0.9940；height-IQR ratio=1.0017；width-IQR ratio=1.0499；position frozen=0.000%
  负值：min=-32.320；<-40点=0.000000%；<-40光谱=0.000%
  training逐点包络外：lower点/光谱=0.018411%/10.000%；upper点/光谱=0.000000%/0.000%
  QQ拟合：raw R2=0.998033, RMSE=1.53258；model-normalized R2=0.998033, RMSE=0.00329392；training-standardized R2=0.988566, RMSE=0.170194
  QQ尾宽/oracle区间：lower=0.7878/[0.8776,1.1183]；upper=0.6861/[0.7879,1.2371]；overrun=False；underrun=True
  QQ四段比率[1-10,10-50,50-90,90-99]=[0.6421,0.9565,0.9510,0.5059]；尾部曲率RMSE(lower/upper)=0.2645/0.4055；oracle外分位点=4.95%
[23/126] CHL-S_soil：MSE=44.1321；RMSE=6.57421；shape-MSE/RMSE=0.018937/0.136202；model-norm MSE/RMSE=0.000203861/0.0141297；cos=0.991249；r=0.990531；W1raw=2.872132；W1norm=0.023375
  平均谱：MSE=8.06435；cos=0.998328；r=0.998170
  train分布参照：generated/train MSE=27.4372；held-out/train MSE=35.88；ratio=0.7647
  多样性MSE：train=74.8947；generated=63.7512；ratio=0.8512；Pearson-distance ratio=0.8094
  峰形多样性：position-std ratio=0.9591；height-IQR ratio=1.0925；width-IQR ratio=0.8398；position frozen=10.000%
  负值：min=-28.690；<-40点=0.000000%；<-40光谱=0.000%
  training逐点包络外：lower点/光谱=0.000000%/0.000%；upper点/光谱=0.089427%/30.000%
  QQ拟合：raw R2=0.999167, RMSE=1.19501；model-normalized R2=0.999167, RMSE=0.00256839；training-standardized R2=0.991956, RMSE=0.0934511
  QQ尾宽/oracle区间：lower=0.7800/[0.8688,1.1265]；upper=0.9293/[0.9231,1.0738]；overrun=False；underrun=True
  QQ四段比率[1-10,10-50,50-90,90-99]=[0.6187,1.0010,1.0534,0.8094]；尾部曲率RMSE(lower/upper)=0.3682/0.1679；oracle外分位点=2.97%
[24/126] CHL-S_water：MSE=85.45；RMSE=9.06425；shape-MSE/RMSE=0.0442311/0.207209；model-norm MSE/RMSE=0.000394722/0.0194815；cos=0.979627；r=0.977884；W1raw=4.163085；W1norm=0.035966
  平均谱：MSE=28.9835；cos=0.992460；r=0.991692
  train分布参照：generated/train MSE=41.3294；held-out/train MSE=51.3122；ratio=0.8054
  多样性MSE：train=115.52；generated=101.153；ratio=0.8756；Pearson-distance ratio=0.8805
  峰形多样性：position-std ratio=0.7828；height-IQR ratio=0.7004；width-IQR ratio=0.9137；position frozen=0.000%
  负值：min=-40.603；<-40点=0.005260%；<-40光谱=5.000%
  training逐点包络外：lower点/光谱=0.000000%/0.000%；upper点/光谱=0.000000%/0.000%
  QQ拟合：raw R2=0.999408, RMSE=1.36884；model-normalized R2=0.999408, RMSE=0.002942；training-standardized R2=0.989923, RMSE=0.159215
  QQ尾宽/oracle区间：lower=0.8523/[0.9474,1.1145]；upper=0.7110/[0.8888,1.1135]；overrun=False；underrun=True
  QQ四段比率[1-10,10-50,50-90,90-99]=[0.8033,0.8957,0.9485,0.5298]；尾部曲率RMSE(lower/upper)=0.2017/0.3796；oracle外分位点=6.93%
[25/126] DEL-H_CHL-H_soil：MSE=231.826；RMSE=14.7394；shape-MSE/RMSE=0.0374315/0.187552；model-norm MSE/RMSE=0.00107088/0.0316789；cos=0.983409；r=0.981284；W1raw=6.209273；W1norm=0.028740
  平均谱：MSE=39.84；cos=0.997034；r=0.996608
  train分布参照：generated/train MSE=136.248；held-out/train MSE=166.001；ratio=0.8208
  多样性MSE：train=429.308；generated=371.988；ratio=0.8665；Pearson-distance ratio=0.8209
  峰形多样性：position-std ratio=0.8193；height-IQR ratio=1.0771；width-IQR ratio=0.8817；position frozen=0.000%
  负值：min=-60.010；<-40点=0.168332%；<-40光谱=40.000%
  training逐点包络外：lower点/光谱=0.000000%/0.000%；upper点/光谱=0.007891%/10.000%
  QQ拟合：raw R2=0.999582, RMSE=2.79428；model-normalized R2=0.999582, RMSE=0.00600565；training-standardized R2=0.975605, RMSE=0.156025
  QQ尾宽/oracle区间：lower=0.7197/[0.8663,1.1395]；upper=0.7636/[0.8972,1.1200]；overrun=False；underrun=True
  QQ四段比率[1-10,10-50,50-90,90-99]=[0.4897,1.1344,1.0590,0.5590]；尾部曲率RMSE(lower/upper)=0.5357/0.4497；oracle外分位点=4.95%
[26/126] DEL-H_CHL-H_water：MSE=316.707；RMSE=17.4371；shape-MSE/RMSE=0.0457086/0.209631；model-norm MSE/RMSE=0.00146298/0.0374769；cos=0.979912；r=0.977146；W1raw=7.743010；W1norm=0.037067
  平均谱：MSE=93.0785；cos=0.993087；r=0.992114
  train分布参照：generated/train MSE=160.029；held-out/train MSE=229.161；ratio=0.6983
  多样性MSE：train=409.016；generated=355.566；ratio=0.8693；Pearson-distance ratio=0.8927
  峰形多样性：position-std ratio=1.0201；height-IQR ratio=0.9889；width-IQR ratio=0.9117；position frozen=11.111%
  负值：min=-55.499；<-40点=0.042083%；<-40光谱=15.000%
  training逐点包络外：lower点/光谱=0.057864%/15.000%；upper点/光谱=0.099947%/20.000%
  QQ拟合：raw R2=0.999114, RMSE=4.22714；model-normalized R2=0.999114, RMSE=0.00908524；training-standardized R2=0.994306, RMSE=0.213547
  QQ尾宽/oracle区间：lower=0.7379/[0.8651,1.1226]；upper=0.8030/[0.8926,1.0855]；overrun=False；underrun=True
  QQ四段比率[1-10,10-50,50-90,90-99]=[0.5815,0.9592,0.9572,0.6680]；尾部曲率RMSE(lower/upper)=0.2196/0.1727；oracle外分位点=66.34%
[27/126] DEL-H_CHL-M_soil：MSE=222.211；RMSE=14.7994；shape-MSE/RMSE=0.0379173/0.193512；model-norm MSE/RMSE=0.00102647/0.0318079；cos=0.983088；r=0.981041；W1raw=5.917611；W1norm=0.030256
  平均谱：MSE=34.7521；cos=0.996630；r=0.996322
  train分布参照：generated/train MSE=101.538；held-out/train MSE=152.307；ratio=0.6667
  多样性MSE：train=320.599；generated=282.322；ratio=0.8806；Pearson-distance ratio=0.8343
  峰形多样性：position-std ratio=0.8583；height-IQR ratio=1.0506；width-IQR ratio=0.9363；position frozen=0.000%
  负值：min=-47.062；<-40点=0.126249%；<-40光谱=40.000%
  training逐点包络外：lower点/光谱=0.000000%/0.000%；upper点/光谱=0.055234%/10.000%
  QQ拟合：raw R2=0.999394, RMSE=2.07459；model-normalized R2=0.999394, RMSE=0.00445884；training-standardized R2=0.992581, RMSE=0.22128
  QQ尾宽/oracle区间：lower=0.7876/[0.9292,1.0933]；upper=0.7230/[0.8696,1.1207]；overrun=False；underrun=True
  QQ四段比率[1-10,10-50,50-90,90-99]=[0.6238,1.0189,0.8683,0.6023]；尾部曲率RMSE(lower/upper)=0.1847/0.2539；oracle外分位点=47.52%
[28/126] DEL-H_CHL-M_water：MSE=406.452；RMSE=19.6036；shape-MSE/RMSE=0.0485362/0.215523；model-norm MSE/RMSE=0.00187754/0.0421334；cos=0.978582；r=0.975732；W1raw=6.927933；W1norm=0.037466
  平均谱：MSE=108.319；cos=0.993786；r=0.992885
  train分布参照：generated/train MSE=113.314；held-out/train MSE=334.869；ratio=0.3384
  多样性MSE：train=262.946；generated=224.261；ratio=0.8529；Pearson-distance ratio=0.9432
  峰形多样性：position-std ratio=0.8707；height-IQR ratio=0.9120；width-IQR ratio=0.8777；position frozen=10.000%
  负值：min=-46.563；<-40点=0.013151%；<-40光谱=5.000%
  training逐点包络外：lower点/光谱=0.000000%/0.000%；upper点/光谱=0.000000%/0.000%
  QQ拟合：raw R2=0.998689, RMSE=7.82332；model-normalized R2=0.998689, RMSE=0.0168144；training-standardized R2=0.991675, RMSE=0.262253
  QQ尾宽/oracle区间：lower=0.7713/[0.8855,1.1108]；upper=0.7300/[0.9161,1.1203]；overrun=False；underrun=True
  QQ四段比率[1-10,10-50,50-90,90-99]=[0.6195,0.9787,0.7693,0.6911]；尾部曲率RMSE(lower/upper)=0.1787/0.2934；oracle外分位点=25.74%
[29/126] DEL-H_CHL-S_soil：MSE=351.216；RMSE=18.5715；shape-MSE/RMSE=0.0591099/0.237195；model-norm MSE/RMSE=0.00162238/0.0399152；cos=0.973448；r=0.970445；W1raw=6.768911；W1norm=0.040735
  平均谱：MSE=45.4576；cos=0.994177；r=0.993404
  train分布参照：generated/train MSE=117.035；held-out/train MSE=245.658；ratio=0.4764
  多样性MSE：train=337.225；generated=284.557；ratio=0.8438；Pearson-distance ratio=0.7514
  峰形多样性：position-std ratio=0.9625；height-IQR ratio=1.0671；width-IQR ratio=1.0734；position frozen=0.000%
  负值：min=-47.088；<-40点=0.086796%；<-40光谱=30.000%
  training逐点包络外：lower点/光谱=0.007891%/10.000%；upper点/光谱=0.010521%/15.000%
  QQ拟合：raw R2=0.998313, RMSE=2.52285；model-normalized R2=0.998313, RMSE=0.00542226；training-standardized R2=0.990442, RMSE=0.163678
  QQ尾宽/oracle区间：lower=0.8339/[0.8809,1.1449]；upper=0.7775/[0.9305,1.1108]；overrun=False；underrun=True
  QQ四段比率[1-10,10-50,50-90,90-99]=[0.7222,0.9588,1.0229,0.5984]；尾部曲率RMSE(lower/upper)=0.2733/0.3725；oracle外分位点=6.93%
[30/126] DEL-H_CHL-S_water：MSE=226.087；RMSE=14.787；shape-MSE/RMSE=0.0508185/0.222698；model-norm MSE/RMSE=0.00104437/0.0317812；cos=0.977649；r=0.974591；W1raw=7.107130；W1norm=0.042943
  平均谱：MSE=91.6885；cos=0.992579；r=0.991515
  train分布参照：generated/train MSE=111.006；held-out/train MSE=186.728；ratio=0.5945
  多样性MSE：train=285.607；generated=243.819；ratio=0.8537；Pearson-distance ratio=0.7620
  峰形多样性：position-std ratio=0.9101；height-IQR ratio=0.9973；width-IQR ratio=0.6995；position frozen=0.000%
  负值：min=-42.898；<-40点=0.013151%；<-40光谱=10.000%
  training逐点包络外：lower点/光谱=0.000000%/0.000%；upper点/光谱=0.002630%/5.000%
  QQ拟合：raw R2=0.997300, RMSE=6.86037；model-normalized R2=0.997300, RMSE=0.0147448；training-standardized R2=0.988108, RMSE=0.151734
  QQ尾宽/oracle区间：lower=0.8315/[0.9221,1.1086]；upper=0.7188/[0.9248,1.1250]；overrun=False；underrun=True
  QQ四段比率[1-10,10-50,50-90,90-99]=[0.7096,0.9649,0.9198,0.5599]；尾部曲率RMSE(lower/upper)=0.2783/0.4263；oracle外分位点=10.89%
[31/126] DEL-H_TEB-H_CHL-H_soil：MSE=200.888；RMSE=13.7055；shape-MSE/RMSE=0.0134155/0.114717；model-norm MSE/RMSE=0.000927969/0.0294567；cos=0.994239；r=0.993292；W1raw=5.598706；W1norm=0.020329
  平均谱：MSE=32.7676；cos=0.998707；r=0.998501
  train分布参照：generated/train MSE=161.266；held-out/train MSE=124.676；ratio=1.2935
  多样性MSE：train=291.451；generated=253.627；ratio=0.8702；Pearson-distance ratio=0.8513
  峰形多样性：position-std ratio=0.9131；height-IQR ratio=1.2436；width-IQR ratio=0.9272；position frozen=0.000%
  负值：min=-46.175；<-40点=0.023672%；<-40光谱=10.000%
  training逐点包络外：lower点/光谱=0.000000%/0.000%；upper点/光谱=0.000000%/0.000%
  QQ拟合：raw R2=0.999673, RMSE=2.7352；model-normalized R2=0.999673, RMSE=0.00587867；training-standardized R2=0.997463, RMSE=0.0477309
  QQ尾宽/oracle区间：lower=1.0419/[0.8915,1.1610]；upper=0.9130/[0.8541,1.1952]；overrun=False；underrun=False
  QQ四段比率[1-10,10-50,50-90,90-99]=[1.0745,1.0159,1.0292,0.7947]；尾部曲率RMSE(lower/upper)=0.0309/0.1835；oracle外分位点=0.00%
[32/126] DEL-H_TEB-H_CHL-H_water：MSE=179.552；RMSE=13.1964；shape-MSE/RMSE=0.0142812/0.117211；model-norm MSE/RMSE=0.000829413/0.0283625；cos=0.994152；r=0.992859；W1raw=6.001636；W1norm=0.020822
  平均谱：MSE=40.0068；cos=0.998636；r=0.998327
  train分布参照：generated/train MSE=141.714；held-out/train MSE=198.996；ratio=0.7121
  多样性MSE：train=261.045；generated=229.202；ratio=0.8780；Pearson-distance ratio=0.8347
  峰形多样性：position-std ratio=0.8075；height-IQR ratio=1.2951；width-IQR ratio=0.8479；position frozen=0.000%
  负值：min=-42.640；<-40点=0.010521%；<-40光谱=5.000%
  training逐点包络外：lower点/光谱=0.000000%/0.000%；upper点/光谱=0.000000%/0.000%
  QQ拟合：raw R2=0.999723, RMSE=1.81523；model-normalized R2=0.999723, RMSE=0.0039014；training-standardized R2=0.997176, RMSE=0.123943
  QQ尾宽/oracle区间：lower=0.7766/[0.8924,1.1394]；upper=0.8107/[0.8666,1.1882]；overrun=False；underrun=True
  QQ四段比率[1-10,10-50,50-90,90-99]=[0.6694,0.8920,0.9327,0.7093]；尾部曲率RMSE(lower/upper)=0.1266/0.1104；oracle外分位点=1.98%
[33/126] DEL-H_TEB-H_CHL-M_soil：MSE=570.786；RMSE=22.5567；shape-MSE/RMSE=0.0169228/0.127393；model-norm MSE/RMSE=0.00263665/0.0484802；cos=0.992836；r=0.991539；W1raw=6.865820；W1norm=0.024830
  平均谱：MSE=52.2066；cos=0.998067；r=0.997710
  train分布参照：generated/train MSE=199.816；held-out/train MSE=395.736；ratio=0.5049
  多样性MSE：train=346.835；generated=303.224；ratio=0.8743；Pearson-distance ratio=1.0174
  峰形多样性：position-std ratio=0.8765；height-IQR ratio=1.1715；width-IQR ratio=1.1241；position frozen=0.000%
  负值：min=-57.767；<-40点=0.057864%；<-40光谱=10.000%
  training逐点包络外：lower点/光谱=0.000000%/0.000%；upper点/光谱=0.021042%/10.000%
  QQ拟合：raw R2=0.999671, RMSE=4.61881；model-normalized R2=0.999671, RMSE=0.00992704；training-standardized R2=0.998797, RMSE=0.0742924
  QQ尾宽/oracle区间：lower=1.0292/[0.8287,1.2080]；upper=0.9935/[0.7494,1.2706]；overrun=False；underrun=False
  QQ四段比率[1-10,10-50,50-90,90-99]=[1.0294,1.0291,0.9941,0.9929]；尾部曲率RMSE(lower/upper)=0.0321/0.1159；oracle外分位点=0.00%
[34/126] DEL-H_TEB-H_CHL-M_water：MSE=323.324；RMSE=17.6842；shape-MSE/RMSE=0.0164181/0.12664；model-norm MSE/RMSE=0.00149354/0.0380079；cos=0.993222；r=0.991791；W1raw=7.677920；W1norm=0.027708
  平均谱：MSE=104.564；cos=0.996653；r=0.995989
  train分布参照：generated/train MSE=127.557；held-out/train MSE=269.722；ratio=0.4729
  多样性MSE：train=231.158；generated=235.546；ratio=1.0190；Pearson-distance ratio=0.9931
  峰形多样性：position-std ratio=0.9371；height-IQR ratio=1.3644；width-IQR ratio=0.8087；position frozen=0.000%
  负值：min=-43.562；<-40点=0.010521%；<-40光谱=5.000%
  training逐点包络外：lower点/光谱=0.000000%/0.000%；upper点/光谱=0.000000%/0.000%
  QQ拟合：raw R2=0.998830, RMSE=4.80207；model-normalized R2=0.998830, RMSE=0.0103209；training-standardized R2=0.994711, RMSE=0.317517
  QQ尾宽/oracle区间：lower=0.6266/[0.9206,1.0814]；upper=0.7400/[0.9419,1.0672]；overrun=False；underrun=True
  QQ四段比率[1-10,10-50,50-90,90-99]=[0.5064,0.7750,0.8041,0.6695]；尾部曲率RMSE(lower/upper)=0.2760/0.1323；oracle外分位点=40.59%
[35/126] DEL-H_TEB-H_CHL-S_soil：MSE=458.085；RMSE=19.2974；shape-MSE/RMSE=0.01374/0.115991；model-norm MSE/RMSE=0.00211605/0.0414752；cos=0.994052；r=0.993130；W1raw=5.940592；W1norm=0.021396
  平均谱：MSE=31.3319；cos=0.998337；r=0.998070
  train分布参照：generated/train MSE=139.874；held-out/train MSE=265.611；ratio=0.5266
  多样性MSE：train=265.277；generated=275.549；ratio=1.0387；Pearson-distance ratio=0.8882
  峰形多样性：position-std ratio=0.9151；height-IQR ratio=1.2576；width-IQR ratio=0.8920；position frozen=0.000%
  负值：min=-47.409；<-40点=0.049974%；<-40光谱=20.000%
  training逐点包络外：lower点/光谱=0.013151%/10.000%；upper点/光谱=0.042083%/20.000%
  QQ拟合：raw R2=0.999427, RMSE=2.14772；model-normalized R2=0.999427, RMSE=0.00461601；training-standardized R2=0.989404, RMSE=0.147696
  QQ尾宽/oracle区间：lower=0.8840/[0.9283,1.0773]；upper=0.8140/[0.9135,1.1300]；overrun=False；underrun=True
  QQ四段比率[1-10,10-50,50-90,90-99]=[0.6903,1.1304,0.8743,0.7459]；尾部曲率RMSE(lower/upper)=0.1586/0.3751；oracle外分位点=1.98%
[36/126] DEL-H_TEB-H_CHL-S_water：MSE=290.38；RMSE=16.1943；shape-MSE/RMSE=0.0142165/0.118053；model-norm MSE/RMSE=0.00134136/0.0348058；cos=0.994081；r=0.992892；W1raw=6.551926；W1norm=0.023911
  平均谱：MSE=69.8965；cos=0.998876；r=0.998660
  train分布参照：generated/train MSE=192.298；held-out/train MSE=224.098；ratio=0.8581
  多样性MSE：train=295.71；generated=259.865；ratio=0.8788；Pearson-distance ratio=0.7469
  峰形多样性：position-std ratio=0.7564；height-IQR ratio=0.9896；width-IQR ratio=0.8558；position frozen=33.333%
  负值：min=-39.898；<-40点=0.000000%；<-40光谱=0.000%
  training逐点包络外：lower点/光谱=0.000000%/0.000%；upper点/光谱=0.000000%/0.000%
  QQ拟合：raw R2=0.999492, RMSE=6.15272；model-normalized R2=0.999492, RMSE=0.0132238；training-standardized R2=0.996535, RMSE=0.135319
  QQ尾宽/oracle区间：lower=0.8484/[0.8739,1.1357]；upper=0.7649/[0.8339,1.2183]；overrun=False；underrun=True
  QQ四段比率[1-10,10-50,50-90,90-99]=[0.8217,0.8715,0.9437,0.6122]；尾部曲率RMSE(lower/upper)=0.1122/0.1612；oracle外分位点=9.90%
[37/126] DEL-H_TEB-H_soil：MSE=49.2556；RMSE=6.9864；shape-MSE/RMSE=0.0354951/0.187393；model-norm MSE/RMSE=0.000227528/0.0150156；cos=0.983578；r=0.982252；W1raw=2.622392；W1norm=0.031319
  平均谱：MSE=9.04049；cos=0.997527；r=0.997317
  train分布参照：generated/train MSE=18.4622；held-out/train MSE=38.1245；ratio=0.4843
  多样性MSE：train=68.462；generated=63.9796；ratio=0.9345；Pearson-distance ratio=0.9144
  峰形多样性：position-std ratio=0.9313；height-IQR ratio=1.2392；width-IQR ratio=0.9167；position frozen=11.111%
  负值：min=-22.466；<-40点=0.000000%；<-40光谱=0.000%
  training逐点包络外：lower点/光谱=0.000000%/0.000%；upper点/光谱=0.014276%/5.000%
  QQ拟合：raw R2=0.998814, RMSE=1.90699；model-normalized R2=0.998814, RMSE=0.00409863；training-standardized R2=0.987046, RMSE=0.187545
  QQ尾宽/oracle区间：lower=0.8508/[0.8939,1.1482]；upper=0.6856/[0.8882,1.1613]；overrun=False；underrun=True
  QQ四段比率[1-10,10-50,50-90,90-99]=[0.7764,0.9245,0.8934,0.5459]；尾部曲率RMSE(lower/upper)=0.2135/0.5185；oracle外分位点=14.85%
[38/126] DEL-H_TEB-H_water：MSE=35.2246；RMSE=5.88153；shape-MSE/RMSE=0.0249794/0.156798；model-norm MSE/RMSE=0.000162714/0.012641；cos=0.988507；r=0.987510；W1raw=2.508035；W1norm=0.028055
  平均谱：MSE=14.4747；cos=0.995121；r=0.994678
  train分布参照：generated/train MSE=14.8962；held-out/train MSE=27.336；ratio=0.5449
  多样性MSE：train=45.1112；generated=40.7932；ratio=0.9043；Pearson-distance ratio=0.8960
  峰形多样性：position-std ratio=0.8457；height-IQR ratio=0.9345；width-IQR ratio=0.9712；position frozen=11.111%
  负值：min=-24.358；<-40点=0.000000%；<-40光谱=0.000%
  training逐点包络外：lower点/光谱=0.000000%/0.000%；upper点/光谱=0.000000%/0.000%
  QQ拟合：raw R2=0.998526, RMSE=1.76055；model-normalized R2=0.998526, RMSE=0.00378388；training-standardized R2=0.987905, RMSE=0.132035
  QQ尾宽/oracle区间：lower=0.8451/[0.8574,1.2019]；upper=0.8167/[0.9241,1.1348]；overrun=False；underrun=True
  QQ四段比率[1-10,10-50,50-90,90-99]=[0.6547,1.0859,0.9496,0.7021]；尾部曲率RMSE(lower/upper)=0.3279/0.4355；oracle外分位点=4.95%
[39/126] DEL-H_TEB-M_CHL-H_soil：MSE=194.614；RMSE=13.5939；shape-MSE/RMSE=0.0231447/0.150763；model-norm MSE/RMSE=0.000898986/0.0292169；cos=0.990151；r=0.988428；W1raw=5.033537；W1norm=0.022992
  平均谱：MSE=23.3618；cos=0.997934；r=0.997561
  train分布参照：generated/train MSE=72.6749；held-out/train MSE=152.289；ratio=0.4772
  多样性MSE：train=175.832；generated=152.101；ratio=0.8650；Pearson-distance ratio=0.8478
  峰形多样性：position-std ratio=0.9258；height-IQR ratio=1.2226；width-IQR ratio=1.1072；position frozen=0.000%
  负值：min=-36.186；<-40点=0.000000%；<-40光谱=0.000%
  training逐点包络外：lower点/光谱=0.000000%/0.000%；upper点/光谱=0.000000%/0.000%
  QQ拟合：raw R2=0.999722, RMSE=1.42541；model-normalized R2=0.999722, RMSE=0.00306359；training-standardized R2=0.990524, RMSE=0.201982
  QQ尾宽/oracle区间：lower=0.6791/[0.9167,1.0955]；upper=0.8277/[0.9169,1.1037]；overrun=False；underrun=True
  QQ四段比率[1-10,10-50,50-90,90-99]=[0.5498,0.8351,0.8829,0.7722]；尾部曲率RMSE(lower/upper)=0.3777/0.1315；oracle外分位点=19.80%
[40/126] DEL-H_TEB-M_CHL-H_water：MSE=257.081；RMSE=15.7348；shape-MSE/RMSE=0.0184911/0.133807；model-norm MSE/RMSE=0.00118754/0.0338183；cos=0.992462；r=0.990754；W1raw=6.596907；W1norm=0.028068
  平均谱：MSE=70.5124；cos=0.997561；r=0.996992
  train分布参照：generated/train MSE=66.56；held-out/train MSE=179.247；ratio=0.3713
  多样性MSE：train=220.626；generated=191.675；ratio=0.8688；Pearson-distance ratio=0.8363
  峰形多样性：position-std ratio=0.9761；height-IQR ratio=1.0986；width-IQR ratio=0.9297；position frozen=0.000%
  负值：min=-30.130；<-40点=0.000000%；<-40光谱=0.000%
  training逐点包络外：lower点/光谱=0.000000%/0.000%；upper点/光谱=0.013151%/15.000%
  QQ拟合：raw R2=0.999902, RMSE=4.87875；model-normalized R2=0.999902, RMSE=0.0104857；training-standardized R2=0.994773, RMSE=0.285141
  QQ尾宽/oracle区间：lower=0.8410/[0.9151,1.1061]；upper=0.7254/[0.9135,1.0772]；overrun=False；underrun=True
  QQ四段比率[1-10,10-50,50-90,90-99]=[0.7601,0.9149,0.8453,0.6039]；尾部曲率RMSE(lower/upper)=0.0935/0.2872；oracle外分位点=82.18%
[41/126] DEL-H_TEB-M_CHL-M_soil：MSE=236.466；RMSE=14.8532；shape-MSE/RMSE=0.0292677/0.167223；model-norm MSE/RMSE=0.00109231/0.0319234；cos=0.987470；r=0.985366；W1raw=6.497218；W1norm=0.030549
  平均谱：MSE=75.8983；cos=0.995214；r=0.994348
  train分布参照：generated/train MSE=69.5448；held-out/train MSE=180.249；ratio=0.3858
  多样性MSE：train=208.845；generated=175.965；ratio=0.8426；Pearson-distance ratio=0.8809
  峰形多样性：position-std ratio=0.8991；height-IQR ratio=1.2067；width-IQR ratio=0.9698；position frozen=0.000%
  负值：min=-37.123；<-40点=0.000000%；<-40光谱=0.000%
  training逐点包络外：lower点/光谱=0.002630%/5.000%；upper点/光谱=0.005260%/10.000%
  QQ拟合：raw R2=0.999808, RMSE=4.79256；model-normalized R2=0.999808, RMSE=0.0103005；training-standardized R2=0.993495, RMSE=0.255987
  QQ尾宽/oracle区间：lower=0.6806/[0.9075,1.1420]；upper=0.7839/[0.9142,1.1154]；overrun=False；underrun=True
  QQ四段比率[1-10,10-50,50-90,90-99]=[0.5233,0.9169,0.7994,0.7670]；尾部曲率RMSE(lower/upper)=0.2624/0.1035；oracle外分位点=33.66%
[42/126] DEL-H_TEB-M_CHL-M_water：MSE=213.701；RMSE=14.2644；shape-MSE/RMSE=0.0221083/0.145488；model-norm MSE/RMSE=0.000987157/0.0306579；cos=0.990880；r=0.988946；W1raw=6.396750；W1norm=0.027905
  平均谱：MSE=58.1885；cos=0.997972；r=0.997513
  train分布参照：generated/train MSE=88.395；held-out/train MSE=143.264；ratio=0.6170
  多样性MSE：train=255.895；generated=221.93；ratio=0.8673；Pearson-distance ratio=1.0051
  峰形多样性：position-std ratio=0.8063；height-IQR ratio=0.8655；width-IQR ratio=1.0810；position frozen=10.000%
  负值：min=-38.189；<-40点=0.000000%；<-40光谱=0.000%
  training逐点包络外：lower点/光谱=0.000000%/0.000%；upper点/光谱=0.000000%/0.000%
  QQ拟合：raw R2=0.999539, RMSE=4.58008；model-normalized R2=0.999539, RMSE=0.00984381；training-standardized R2=0.996739, RMSE=0.217414
  QQ尾宽/oracle区间：lower=0.8624/[0.8833,1.1283]；upper=0.9054/[0.8726,1.1486]；overrun=False；underrun=True
  QQ四段比率[1-10,10-50,50-90,90-99]=[0.8439,0.8780,1.0470,0.7601]；尾部曲率RMSE(lower/upper)=0.1944/0.0829；oracle外分位点=2.97%
[43/126] DEL-H_TEB-M_CHL-S_soil：MSE=172.101；RMSE=12.9265；shape-MSE/RMSE=0.0253385/0.157656；model-norm MSE/RMSE=0.00079499/0.0277826；cos=0.989188；r=0.987331；W1raw=4.980964；W1norm=0.023465
  平均谱：MSE=24.6954；cos=0.997716；r=0.997376
  train分布参照：generated/train MSE=77.4538；held-out/train MSE=152.395；ratio=0.5082
  多样性MSE：train=182.966；generated=155.321；ratio=0.8489；Pearson-distance ratio=0.7295
  峰形多样性：position-std ratio=0.9503；height-IQR ratio=0.9783；width-IQR ratio=0.9058；position frozen=0.000%
  负值：min=-31.897；<-40点=0.000000%；<-40光谱=0.000%
  training逐点包络外：lower点/光谱=0.000000%/0.000%；upper点/光谱=0.057864%/20.000%
  QQ拟合：raw R2=0.999759, RMSE=1.43288；model-normalized R2=0.999759, RMSE=0.00307964；training-standardized R2=0.995845, RMSE=0.175307
  QQ尾宽/oracle区间：lower=0.8347/[0.9203,1.1126]；upper=0.7751/[0.8827,1.1226]；overrun=False；underrun=True
  QQ四段比率[1-10,10-50,50-90,90-99]=[0.7111,0.9793,0.8655,0.6814]；尾部曲率RMSE(lower/upper)=0.1303/0.2030；oracle外分位点=22.77%
[44/126] DEL-H_TEB-M_CHL-S_water：MSE=302.918；RMSE=16.9432；shape-MSE/RMSE=0.0255217/0.158524；model-norm MSE/RMSE=0.00139928/0.0364155；cos=0.989444；r=0.987239；W1raw=6.487992；W1norm=0.028558
  平均谱：MSE=61.2902；cos=0.997854；r=0.997411
  train分布参照：generated/train MSE=135.305；held-out/train MSE=191.789；ratio=0.7055
  多样性MSE：train=314.181；generated=275.721；ratio=0.8776；Pearson-distance ratio=0.9319
  峰形多样性：position-std ratio=0.8744；height-IQR ratio=0.9479；width-IQR ratio=1.3966；position frozen=10.000%
  负值：min=-29.135；<-40点=0.000000%；<-40光谱=0.000%
  training逐点包络外：lower点/光谱=0.000000%/0.000%；upper点/光谱=0.010521%/5.000%
  QQ拟合：raw R2=0.999439, RMSE=5.32543；model-normalized R2=0.999439, RMSE=0.0114457；training-standardized R2=0.991021, RMSE=0.20335
  QQ尾宽/oracle区间：lower=0.8602/[0.7896,1.2801]；upper=0.8320/[0.8225,1.2193]；overrun=False；underrun=False
  QQ四段比率[1-10,10-50,50-90,90-99]=[0.7271,1.0027,1.0849,0.6152]；尾部曲率RMSE(lower/upper)=0.2892/0.2863；oracle外分位点=25.74%
[45/126] DEL-H_TEB-M_soil：MSE=42.5727；RMSE=6.42722；shape-MSE/RMSE=0.0361967/0.187637；model-norm MSE/RMSE=0.000196658/0.0138138；cos=0.983265；r=0.981902；W1raw=2.188558；W1norm=0.026702
  平均谱：MSE=6.27885；cos=0.997235；r=0.996987
  train分布参照：generated/train MSE=18.1365；held-out/train MSE=28.6848；ratio=0.6323
  多样性MSE：train=57.8552；generated=50.3215；ratio=0.8698；Pearson-distance ratio=0.8705
  峰形多样性：position-std ratio=0.9828；height-IQR ratio=0.8589；width-IQR ratio=1.0444；position frozen=0.000%
  负值：min=-39.700；<-40点=0.000000%；<-40光谱=0.000%
  training逐点包络外：lower点/光谱=0.010707%/5.000%；upper点/光谱=0.028551%/10.000%
  QQ拟合：raw R2=0.999730, RMSE=0.656556；model-normalized R2=0.999730, RMSE=0.00141111；training-standardized R2=0.991478, RMSE=0.106088
  QQ尾宽/oracle区间：lower=0.9772/[0.8301,1.2207]；upper=0.7870/[0.9066,1.1048]；overrun=False；underrun=True
  QQ四段比率[1-10,10-50,50-90,90-99]=[0.8742,1.0922,0.8995,0.6962]；尾部曲率RMSE(lower/upper)=0.0720/0.3885；oracle外分位点=2.97%
[46/126] DEL-H_TEB-M_water：MSE=35.6678；RMSE=5.91151；shape-MSE/RMSE=0.0293712/0.169191；model-norm MSE/RMSE=0.000164762/0.0127054；cos=0.986582；r=0.985314；W1raw=2.204811；W1norm=0.024941
  平均谱：MSE=6.07506；cos=0.997474；r=0.997221
  train分布参照：generated/train MSE=18.5981；held-out/train MSE=33.1693；ratio=0.5607
  多样性MSE：train=56.7881；generated=47.625；ratio=0.8386；Pearson-distance ratio=0.8560
  峰形多样性：position-std ratio=0.9637；height-IQR ratio=1.0928；width-IQR ratio=1.1289；position frozen=0.000%
  负值：min=-15.691；<-40点=0.000000%；<-40光谱=0.000%
  training逐点包络外：lower点/光谱=0.000000%/0.000%；upper点/光谱=0.000000%/0.000%
  QQ拟合：raw R2=0.999666, RMSE=0.649905；model-normalized R2=0.999666, RMSE=0.00139682；training-standardized R2=0.989586, RMSE=0.104474
  QQ尾宽/oracle区间：lower=0.8374/[0.9074,1.1258]；upper=0.8553/[0.8943,1.1323]；overrun=False；underrun=True
  QQ四段比率[1-10,10-50,50-90,90-99]=[0.6994,0.9885,1.0868,0.6625]；尾部曲率RMSE(lower/upper)=0.3894/0.3053；oracle外分位点=5.94%
[47/126] DEL-H_TEB-S_CHL-H_soil：MSE=152.42；RMSE=12.0545；shape-MSE/RMSE=0.0432195/0.204606；model-norm MSE/RMSE=0.000704079/0.0259083；cos=0.981504；r=0.978390；W1raw=5.406585；W1norm=0.029946
  平均谱：MSE=29.6574；cos=0.996023；r=0.995313
  train分布参照：generated/train MSE=86.8572；held-out/train MSE=119.258；ratio=0.7283
  多样性MSE：train=208.091；generated=179.147；ratio=0.8609；Pearson-distance ratio=0.8537
  峰形多样性：position-std ratio=0.9761；height-IQR ratio=0.8692；width-IQR ratio=0.8613；position frozen=0.000%
  负值：min=-46.522；<-40点=0.081536%；<-40光谱=25.000%
  training逐点包络外：lower点/光谱=0.073645%/20.000%；upper点/光谱=0.018411%/15.000%
  QQ拟合：raw R2=0.999404, RMSE=1.86961；model-normalized R2=0.999404, RMSE=0.00401828；training-standardized R2=0.995556, RMSE=0.0867984
  QQ尾宽/oracle区间：lower=0.9549/[0.8611,1.1479]；upper=0.9940/[0.8769,1.1108]；overrun=False；underrun=False
  QQ四段比率[1-10,10-50,50-90,90-99]=[0.8882,1.0173,1.1138,0.8687]；尾部曲率RMSE(lower/upper)=0.2366/0.1491；oracle外分位点=0.00%
[48/126] DEL-H_TEB-S_CHL-H_water：MSE=201.334；RMSE=13.9822；shape-MSE/RMSE=0.0361393/0.186444；model-norm MSE/RMSE=0.000930029/0.0300514；cos=0.985263；r=0.981930；W1raw=7.094513；W1norm=0.036474
  平均谱：MSE=60.3309；cos=0.995490；r=0.994468
  train分布参照：generated/train MSE=100.033；held-out/train MSE=301.974；ratio=0.3313
  多样性MSE：train=248.097；generated=211.167；ratio=0.8511；Pearson-distance ratio=0.8817
  峰形多样性：position-std ratio=0.7853；height-IQR ratio=1.0846；width-IQR ratio=0.9687；position frozen=0.000%
  负值：min=-36.169；<-40点=0.000000%；<-40光谱=0.000%
  training逐点包络外：lower点/光谱=0.005260%/10.000%；upper点/光谱=0.036823%/25.000%
  QQ拟合：raw R2=0.999067, RMSE=2.92107；model-normalized R2=0.999067, RMSE=0.00627815；training-standardized R2=0.970981, RMSE=0.235885
  QQ尾宽/oracle区间：lower=0.6409/[0.8595,1.1470]；upper=0.6856/[0.8447,1.1529]；overrun=False；underrun=True
  QQ四段比率[1-10,10-50,50-90,90-99]=[0.4939,0.8540,1.0187,0.4808]；尾部曲率RMSE(lower/upper)=0.6840/0.4059；oracle外分位点=9.90%
[49/126] DEL-H_TEB-S_CHL-M_soil：MSE=135.294；RMSE=11.437；shape-MSE/RMSE=0.0300008/0.171792；model-norm MSE/RMSE=0.00062497/0.0245811；cos=0.987089；r=0.985000；W1raw=5.997431；W1norm=0.032222
  平均谱：MSE=53.6795；cos=0.995056；r=0.994164
  train分布参照：generated/train MSE=84.0914；held-out/train MSE=151.289；ratio=0.5558
  多样性MSE：train=180.771；generated=152.601；ratio=0.8442；Pearson-distance ratio=0.8008
  峰形多样性：position-std ratio=0.9029；height-IQR ratio=1.0377；width-IQR ratio=0.7612；position frozen=0.000%
  负值：min=-31.275；<-40点=0.000000%；<-40光谱=0.000%
  training逐点包络外：lower点/光谱=0.000000%/0.000%；upper点/光谱=0.028932%/10.000%
  QQ拟合：raw R2=0.998833, RMSE=4.43656；model-normalized R2=0.998833, RMSE=0.00953535；training-standardized R2=0.989206, RMSE=0.1956
  QQ尾宽/oracle区间：lower=0.6856/[0.9404,1.0878]；upper=0.7911/[0.8874,1.0860]；overrun=False；underrun=True
  QQ四段比率[1-10,10-50,50-90,90-99]=[0.5631,0.8304,0.9969,0.6247]；尾部曲率RMSE(lower/upper)=0.3827/0.2455；oracle外分位点=13.86%
[50/126] DEL-H_TEB-S_CHL-M_water：MSE=255.993；RMSE=15.8128；shape-MSE/RMSE=0.0370926/0.190793；model-norm MSE/RMSE=0.00118252/0.0339858；cos=0.984768；r=0.981454；W1raw=7.111558；W1norm=0.038112
  平均谱：MSE=56.7418；cos=0.996350；r=0.995553
  train分布参照：generated/train MSE=83.6695；held-out/train MSE=252.983；ratio=0.3307
  多样性MSE：train=229.127；generated=200.543；ratio=0.8752；Pearson-distance ratio=0.8769
  峰形多样性：position-std ratio=0.8943；height-IQR ratio=0.9311；width-IQR ratio=1.2899；position frozen=10.000%
  负值：min=-33.529；<-40点=0.000000%；<-40光谱=0.000%
  training逐点包络外：lower点/光谱=0.010521%/10.000%；upper点/光谱=0.042083%/20.000%
  QQ拟合：raw R2=0.999424, RMSE=4.527；model-normalized R2=0.999424, RMSE=0.00972971；training-standardized R2=0.993412, RMSE=0.419087
  QQ尾宽/oracle区间：lower=0.5938/[0.8903,1.1391]；upper=0.6674/[0.7658,1.2715]；overrun=False；underrun=True
  QQ四段比率[1-10,10-50,50-90,90-99]=[0.4623,0.7787,0.7441,0.5919]；尾部曲率RMSE(lower/upper)=0.2764/0.1610；oracle外分位点=67.33%
[51/126] DEL-H_TEB-S_CHL-S_soil：MSE=190.218；RMSE=13.574；shape-MSE/RMSE=0.0455313/0.211234；model-norm MSE/RMSE=0.000878681/0.0291741；cos=0.980486；r=0.977234；W1raw=5.449141；W1norm=0.030988
  平均谱：MSE=30.5509；cos=0.996428；r=0.995790
  train分布参照：generated/train MSE=127.175；held-out/train MSE=153.046；ratio=0.8310
  多样性MSE：train=262.555；generated=229.247；ratio=0.8731；Pearson-distance ratio=0.8902
  峰形多样性：position-std ratio=0.8197；height-IQR ratio=0.9363；width-IQR ratio=1.2938；position frozen=0.000%
  负值：min=-50.513；<-40点=0.021042%；<-40光谱=10.000%
  training逐点包络外：lower点/光谱=0.021042%/5.000%；upper点/光谱=0.000000%/0.000%
  QQ拟合：raw R2=0.999629, RMSE=2.69761；model-normalized R2=0.999629, RMSE=0.00579787；training-standardized R2=0.996022, RMSE=0.112935
  QQ尾宽/oracle区间：lower=0.9132/[0.8840,1.1233]；upper=0.7926/[0.8419,1.1938]；overrun=False；underrun=True
  QQ四段比率[1-10,10-50,50-90,90-99]=[0.8855,0.9369,0.9317,0.6695]；尾部曲率RMSE(lower/upper)=0.1332/0.2493；oracle外分位点=10.89%
[52/126] DEL-H_TEB-S_CHL-S_water：MSE=270.49；RMSE=15.8606；shape-MSE/RMSE=0.0361517/0.188948；model-norm MSE/RMSE=0.00124949/0.0340887；cos=0.985075；r=0.981924；W1raw=6.640456；W1norm=0.035833
  平均谱：MSE=65.5815；cos=0.996487；r=0.995783
  train分布参照：generated/train MSE=130.423；held-out/train MSE=386.383；ratio=0.3375
  多样性MSE：train=244.831；generated=213.738；ratio=0.8730；Pearson-distance ratio=0.7545
  峰形多样性：position-std ratio=0.8035；height-IQR ratio=0.9957；width-IQR ratio=0.8815；position frozen=0.000%
  负值：min=-41.475；<-40点=0.007891%；<-40光谱=5.000%
  training逐点包络外：lower点/光谱=0.000000%/0.000%；upper点/光谱=0.047344%/10.000%
  QQ拟合：raw R2=0.999476, RMSE=5.74098；model-normalized R2=0.999476, RMSE=0.0123389；training-standardized R2=0.994525, RMSE=0.330394
  QQ尾宽/oracle区间：lower=0.7045/[0.8535,1.1552]；upper=0.6638/[0.9250,1.0969]；overrun=False；underrun=True
  QQ四段比率[1-10,10-50,50-90,90-99]=[0.6276,0.7857,0.8328,0.5207]；尾部曲率RMSE(lower/upper)=0.1448/0.2443；oracle外分位点=59.41%
[53/126] DEL-H_TEB-S_soil：MSE=47.2562；RMSE=6.74009；shape-MSE/RMSE=0.0455305/0.209454；model-norm MSE/RMSE=0.000218292/0.0144862；cos=0.978985；r=0.977235；W1raw=2.585178；W1norm=0.033442
  平均谱：MSE=17.0711；cos=0.992602；r=0.991954
  train分布参照：generated/train MSE=19.3667；held-out/train MSE=28.2464；ratio=0.6856
  多样性MSE：train=57.5561；generated=49.8522；ratio=0.8662；Pearson-distance ratio=0.8794
  峰形多样性：position-std ratio=0.9391；height-IQR ratio=1.0780；width-IQR ratio=1.2500；position frozen=0.000%
  负值：min=-25.295；<-40点=0.000000%；<-40光谱=0.000%
  training逐点包络外：lower点/光谱=0.000000%/0.000%；upper点/光谱=0.000000%/0.000%
  QQ拟合：raw R2=0.998302, RMSE=1.94252；model-normalized R2=0.998302, RMSE=0.00417498；training-standardized R2=0.997223, RMSE=0.159472
  QQ尾宽/oracle区间：lower=0.8273/[0.8665,1.1256]；upper=0.8248/[0.8877,1.1737]；overrun=False；underrun=True
  QQ四段比率[1-10,10-50,50-90,90-99]=[0.7947,0.8582,0.9478,0.7048]；尾部曲率RMSE(lower/upper)=0.1806/0.0978；oracle外分位点=14.85%
[54/126] DEL-H_TEB-S_water：MSE=40.4348；RMSE=6.2205；shape-MSE/RMSE=0.0411644/0.198184；model-norm MSE/RMSE=0.000186782/0.0133695；cos=0.981313；r=0.979418；W1raw=2.652496；W1norm=0.031105
  平均谱：MSE=13.578；cos=0.994391；r=0.993812
  train分布参照：generated/train MSE=22.8061；held-out/train MSE=33.0999；ratio=0.6890
  多样性MSE：train=65.2821；generated=53.2212；ratio=0.8153；Pearson-distance ratio=0.8245
  峰形多样性：position-std ratio=0.9243；height-IQR ratio=0.9036；width-IQR ratio=1.2860；position frozen=0.000%
  负值：min=-23.429；<-40点=0.000000%；<-40光谱=0.000%
  training逐点包络外：lower点/光谱=0.000000%/0.000%；upper点/光谱=0.046395%/10.000%
  QQ拟合：raw R2=0.998768, RMSE=1.76907；model-normalized R2=0.998768, RMSE=0.0038022；training-standardized R2=0.987445, RMSE=0.123076
  QQ尾宽/oracle区间：lower=0.8482/[0.8627,1.2204]；upper=0.8105/[0.9055,1.0973]；overrun=False；underrun=True
  QQ四段比率[1-10,10-50,50-90,90-99]=[0.6939,1.0562,1.0724,0.6312]；尾部曲率RMSE(lower/upper)=0.3516/0.4708；oracle外分位点=3.96%
[55/126] DEL-H_soil：MSE=349.153；RMSE=17.5056；shape-MSE/RMSE=0.0324969/0.172881；model-norm MSE/RMSE=0.00161285/0.0376241；cos=0.986438；r=0.983752；W1raw=7.352735；W1norm=0.032039
  平均谱：MSE=70.6248；cos=0.996399；r=0.995812
  train分布参照：generated/train MSE=203.947；held-out/train MSE=210.758；ratio=0.9677
  多样性MSE：train=585.45；generated=560.53；ratio=0.9574；Pearson-distance ratio=0.8444
  峰形多样性：position-std ratio=0.8968；height-IQR ratio=0.9826；width-IQR ratio=0.9813；position frozen=0.000%
  负值：min=-54.076；<-40点=0.167737%；<-40光谱=30.000%
  training逐点包络外：lower点/光谱=0.003569%/5.000%；upper点/光谱=0.114204%/10.000%
  QQ拟合：raw R2=0.999130, RMSE=4.33574；model-normalized R2=0.999130, RMSE=0.00931866；training-standardized R2=0.994692, RMSE=0.246334
  QQ尾宽/oracle区间：lower=0.6887/[0.7368,1.3373]；upper=0.8146/[0.8313,1.3110]；overrun=False；underrun=True
  QQ四段比率[1-10,10-50,50-90,90-99]=[0.5650,0.8232,0.9383,0.7089]；尾部曲率RMSE(lower/upper)=0.2405/0.0763；oracle外分位点=23.76%
[56/126] DEL-H_water：MSE=2744.73；RMSE=45.458；shape-MSE/RMSE=0.121535/0.295512；model-norm MSE/RMSE=0.0126789/0.0977012；cos=0.947131；r=0.939232；W1raw=15.382489；W1norm=0.047031
  平均谱：MSE=333.72；cos=0.992379；r=0.990653
  train分布参照：generated/train MSE=1269.84；held-out/train MSE=1256.96；ratio=1.0103
  多样性MSE：train=3363.77；generated=3141.9；ratio=0.9340；Pearson-distance ratio=1.1950
  峰形多样性：position-std ratio=1.1736；height-IQR ratio=0.8171；width-IQR ratio=0.9590；position frozen=0.000%
  负值：min=-137.864；<-40点=0.835118%；<-40光谱=35.000%
  training逐点包络外：lower点/光谱=0.356888%/30.000%；upper点/光谱=0.121342%/25.000%
  QQ拟合：raw R2=0.993459, RMSE=11.5861；model-normalized R2=0.993459, RMSE=0.0249017；training-standardized R2=0.979650, RMSE=0.165975
  QQ尾宽/oracle区间：lower=0.7621/[0.7406,1.3886]；upper=0.7278/[0.8769,1.1886]；overrun=False；underrun=True
  QQ四段比率[1-10,10-50,50-90,90-99]=[0.5158,1.1488,0.9451,0.5695]；尾部曲率RMSE(lower/upper)=0.3712/0.4823；oracle外分位点=5.94%
[57/126] DEL-M_CHL-H_soil：MSE=201.052；RMSE=14.0556；shape-MSE/RMSE=0.0708464/0.263074；model-norm MSE/RMSE=0.000928728/0.0302091；cos=0.968413；r=0.964577；W1raw=6.658859；W1norm=0.043450
  平均谱：MSE=41.0125；cos=0.993231；r=0.992344
  train分布参照：generated/train MSE=113.576；held-out/train MSE=127.41；ratio=0.8914
  多样性MSE：train=331.378；generated=270.806；ratio=0.8172；Pearson-distance ratio=1.0410
  峰形多样性：position-std ratio=0.9359；height-IQR ratio=0.9308；width-IQR ratio=1.2448；position frozen=0.000%
  负值：min=-44.109；<-40点=0.042083%；<-40光谱=20.000%
  training逐点包络外：lower点/光谱=0.199895%/20.000%；upper点/光谱=0.078906%/35.000%
  QQ拟合：raw R2=0.998281, RMSE=2.07803；model-normalized R2=0.998281, RMSE=0.00446624；training-standardized R2=0.990221, RMSE=0.192294
  QQ尾宽/oracle区间：lower=0.7797/[0.9098,1.1492]；upper=0.7285/[0.9101,1.1532]；overrun=False；underrun=True
  QQ四段比率[1-10,10-50,50-90,90-99]=[0.6420,0.9555,0.8847,0.5856]；尾部曲率RMSE(lower/upper)=0.3210/0.3534；oracle外分位点=10.89%
[58/126] DEL-M_CHL-H_water：MSE=159.552；RMSE=12.4945；shape-MSE/RMSE=0.0429912/0.205277；model-norm MSE/RMSE=0.000737024/0.026854；cos=0.980636；r=0.978504；W1raw=5.705768；W1norm=0.033725
  平均谱：MSE=29.2724；cos=0.996134；r=0.995724
  train分布参照：generated/train MSE=106.454；held-out/train MSE=136.791；ratio=0.7782
  多样性MSE：train=305.126；generated=266.395；ratio=0.8731；Pearson-distance ratio=0.9204
  峰形多样性：position-std ratio=0.9371；height-IQR ratio=1.0396；width-IQR ratio=0.9022；position frozen=0.000%
  负值：min=-87.282；<-40点=0.247238%；<-40光谱=65.000%
  training逐点包络外：lower点/光谱=0.076276%/25.000%；upper点/光谱=0.034193%/35.000%
  QQ拟合：raw R2=0.998654, RMSE=2.289；model-normalized R2=0.998654, RMSE=0.00491966；training-standardized R2=0.980784, RMSE=0.170186
  QQ尾宽/oracle区间：lower=0.9145/[0.8634,1.1530]；upper=0.6965/[0.8927,1.1615]；overrun=False；underrun=True
  QQ四段比率[1-10,10-50,50-90,90-99]=[0.7828,1.0550,0.9305,0.5335]；尾部曲率RMSE(lower/upper)=0.1777/0.5986；oracle外分位点=12.87%
[59/126] DEL-M_CHL-M_soil：MSE=202.583；RMSE=13.8771；shape-MSE/RMSE=0.0573306/0.23779；model-norm MSE/RMSE=0.000935798/0.0298255；cos=0.974555；r=0.971335；W1raw=5.734489；W1norm=0.037230
  平均谱：MSE=41.3557；cos=0.994406；r=0.993671
  train分布参照：generated/train MSE=131.957；held-out/train MSE=150.511；ratio=0.8767
  多样性MSE：train=291.103；generated=247.948；ratio=0.8518；Pearson-distance ratio=0.7617
  峰形多样性：position-std ratio=0.8276；height-IQR ratio=1.0386；width-IQR ratio=0.9825；position frozen=0.000%
  负值：min=-38.297；<-40点=0.000000%；<-40光谱=0.000%
  training逐点包络外：lower点/光谱=0.000000%/0.000%；upper点/光谱=0.018411%/10.000%
  QQ拟合：raw R2=0.996716, RMSE=4.67253；model-normalized R2=0.996716, RMSE=0.0100425；training-standardized R2=0.996686, RMSE=0.0743522
  QQ尾宽/oracle区间：lower=1.0412/[0.9153,1.1291]；upper=0.9355/[0.8809,1.0912]；overrun=False；underrun=False
  QQ四段比率[1-10,10-50,50-90,90-99]=[1.0300,1.0518,1.0694,0.8195]；尾部曲率RMSE(lower/upper)=0.1130/0.2347；oracle外分位点=0.00%
[60/126] DEL-M_CHL-M_water：MSE=273.102；RMSE=16.09；shape-MSE/RMSE=0.0844887/0.284124；model-norm MSE/RMSE=0.00126155/0.0345817；cos=0.962765；r=0.957756；W1raw=6.198986；W1norm=0.044051
  平均谱：MSE=30.1365；cos=0.994530；r=0.993694
  train分布参照：generated/train MSE=145.806；held-out/train MSE=168.792；ratio=0.8638
  多样性MSE：train=379.101；generated=330.424；ratio=0.8716；Pearson-distance ratio=0.8537
  峰形多样性：position-std ratio=0.9831；height-IQR ratio=0.9292；width-IQR ratio=0.9686；position frozen=0.000%
  负值：min=-63.136；<-40点=0.034193%；<-40光谱=10.000%
  training逐点包络外：lower点/光谱=0.000000%/0.000%；upper点/光谱=0.076276%/20.000%
  QQ拟合：raw R2=0.998667, RMSE=1.6779；model-normalized R2=0.998667, RMSE=0.00360624；training-standardized R2=0.991310, RMSE=0.0907133
  QQ尾宽/oracle区间：lower=0.8368/[0.9205,1.1174]；upper=0.9527/[0.9312,1.1124]；overrun=False；underrun=True
  QQ四段比率[1-10,10-50,50-90,90-99]=[0.6691,1.0407,1.0791,0.8331]；尾部曲率RMSE(lower/upper)=0.3769/0.2046；oracle外分位点=1.98%
[61/126] DEL-M_CHL-S_soil：MSE=146.059；RMSE=11.9048；shape-MSE/RMSE=0.0552897/0.232104；model-norm MSE/RMSE=0.000674694/0.0255866；cos=0.975319；r=0.972355；W1raw=5.402733；W1norm=0.038449
  平均谱：MSE=30.7837；cos=0.993924；r=0.993135
  train分布参照：generated/train MSE=79.6693；held-out/train MSE=143.886；ratio=0.5537
  多样性MSE：train=224.011；generated=198.312；ratio=0.8853；Pearson-distance ratio=0.8111
  峰形多样性：position-std ratio=0.8263；height-IQR ratio=1.1667；width-IQR ratio=0.9136；position frozen=0.000%
  负值：min=-52.261；<-40点=0.057864%；<-40光谱=15.000%
  training逐点包络外：lower点/光谱=0.000000%/0.000%；upper点/光谱=0.007891%/10.000%
  QQ拟合：raw R2=0.998953, RMSE=1.53324；model-normalized R2=0.998953, RMSE=0.00329534；training-standardized R2=0.990531, RMSE=0.137748
  QQ尾宽/oracle区间：lower=0.7637/[0.8896,1.0939]；upper=0.8617/[0.8958,1.0910]；overrun=False；underrun=True
  QQ四段比率[1-10,10-50,50-90,90-99]=[0.6320,0.9572,0.8904,0.8315]；尾部曲率RMSE(lower/upper)=0.3785/0.2459；oracle外分位点=10.89%
[62/126] DEL-M_CHL-S_water：MSE=221.188；RMSE=14.6269；shape-MSE/RMSE=0.098512/0.30748；model-norm MSE/RMSE=0.00102174/0.0314372；cos=0.956147；r=0.950744；W1raw=5.778171；W1norm=0.043941
  平均谱：MSE=23.4525；cos=0.994585；r=0.993825
  train分布参照：generated/train MSE=135.626；held-out/train MSE=161.488；ratio=0.8399
  多样性MSE：train=355.551；generated=304.087；ratio=0.8553；Pearson-distance ratio=0.8358
  峰形多样性：position-std ratio=0.9185；height-IQR ratio=0.9838；width-IQR ratio=0.7726；position frozen=0.000%
  负值：min=-64.883；<-40点=0.039453%；<-40光谱=10.000%
  training逐点包络外：lower点/光谱=0.010521%/5.000%；upper点/光谱=0.000000%/0.000%
  QQ拟合：raw R2=0.999116, RMSE=1.22052；model-normalized R2=0.999116, RMSE=0.00262321；training-standardized R2=0.984806, RMSE=0.150695
  QQ尾宽/oracle区间：lower=0.8703/[0.8796,1.1079]；upper=0.6919/[0.9332,1.1016]；overrun=False；underrun=True
  QQ四段比率[1-10,10-50,50-90,90-99]=[0.7427,1.0221,0.9285,0.5169]；尾部曲率RMSE(lower/upper)=0.2767/0.5016；oracle外分位点=5.94%
[63/126] DEL-M_TEB-H_CHL-H_soil：MSE=209.406；RMSE=14.1204；shape-MSE/RMSE=0.0213946/0.144952；model-norm MSE/RMSE=0.000967316/0.0303486；cos=0.990895；r=0.989303；W1raw=5.386244；W1norm=0.024374
  平均谱：MSE=35.6594；cos=0.997679；r=0.997302
  train分布参照：generated/train MSE=112.701；held-out/train MSE=237.343；ratio=0.4748
  多样性MSE：train=189.477；generated=165.779；ratio=0.8749；Pearson-distance ratio=0.9151
  峰形多样性：position-std ratio=0.7333；height-IQR ratio=0.7956；width-IQR ratio=0.9590；position frozen=0.000%
  负值：min=-39.575；<-40点=0.000000%；<-40光谱=0.000%
  training逐点包络外：lower点/光谱=0.000000%/0.000%；upper点/光谱=0.018411%/10.000%
  QQ拟合：raw R2=0.999634, RMSE=2.73734；model-normalized R2=0.999634, RMSE=0.00588327；training-standardized R2=0.987034, RMSE=0.24308
  QQ尾宽/oracle区间：lower=0.9714/[0.9074,1.1467]；upper=0.6733/[0.8702,1.1610]；overrun=False；underrun=True
  QQ四段比率[1-10,10-50,50-90,90-99]=[0.9027,1.0331,0.8535,0.5216]；尾部曲率RMSE(lower/upper)=0.0646/0.4036；oracle外分位点=28.71%
[64/126] DEL-M_TEB-H_CHL-H_water：MSE=201.119；RMSE=13.9336；shape-MSE/RMSE=0.017725/0.131545；model-norm MSE/RMSE=0.000929034/0.029947；cos=0.992648；r=0.991138；W1raw=6.167747；W1norm=0.025938
  平均谱：MSE=48.2182；cos=0.998540；r=0.998231
  train分布参照：generated/train MSE=82.3458；held-out/train MSE=167.772；ratio=0.4908
  多样性MSE：train=221.469；generated=240.224；ratio=1.0847；Pearson-distance ratio=0.8817
  峰形多样性：position-std ratio=0.9498；height-IQR ratio=1.3933；width-IQR ratio=1.0281；position frozen=0.000%
  负值：min=-41.417；<-40点=0.005260%；<-40光谱=5.000%
  training逐点包络外：lower点/光谱=0.000000%/0.000%；upper点/光谱=0.136770%/30.000%
  QQ拟合：raw R2=0.999812, RMSE=3.58458；model-normalized R2=0.999812, RMSE=0.0077042；training-standardized R2=0.991273, RMSE=0.178411
  QQ尾宽/oracle区间：lower=0.7660/[0.9098,1.1174]；upper=0.7762/[0.9133,1.0980]；overrun=False；underrun=True
  QQ四段比率[1-10,10-50,50-90,90-99]=[0.5987,0.9685,0.8785,0.6628]；尾部曲率RMSE(lower/upper)=0.3629/0.2454；oracle外分位点=8.91%
[65/126] DEL-M_TEB-H_CHL-M_soil：MSE=153.815；RMSE=12.0979；shape-MSE/RMSE=0.0204109/0.140745；model-norm MSE/RMSE=0.000710522/0.0260016；cos=0.991309；r=0.989795；W1raw=5.398994；W1norm=0.024809
  平均谱：MSE=35.536；cos=0.997498；r=0.997059
  train分布参照：generated/train MSE=55.8217；held-out/train MSE=197.463；ratio=0.2827
  多样性MSE：train=155.406；generated=129.395；ratio=0.8326；Pearson-distance ratio=0.8023
  峰形多样性：position-std ratio=0.9162；height-IQR ratio=1.1602；width-IQR ratio=1.0084；position frozen=11.111%
  负值：min=-32.214；<-40点=0.000000%；<-40光谱=0.000%
  training逐点包络外：lower点/光谱=0.000000%/0.000%；upper点/光谱=0.007891%/10.000%
  QQ拟合：raw R2=0.999741, RMSE=2.45201；model-normalized R2=0.999741, RMSE=0.00527001；training-standardized R2=0.991999, RMSE=0.234509
  QQ尾宽/oracle区间：lower=0.6766/[0.9164,1.0964]；upper=0.7974/[0.8999,1.1322]；overrun=False；underrun=True
  QQ四段比率[1-10,10-50,50-90,90-99]=[0.5977,0.7601,0.9439,0.6661]；尾部曲率RMSE(lower/upper)=0.3208/0.1152；oracle外分位点=21.78%
[66/126] DEL-M_TEB-H_CHL-M_water：MSE=255.239；RMSE=15.6835；shape-MSE/RMSE=0.0270739/0.162088；model-norm MSE/RMSE=0.00117903/0.033708；cos=0.988770；r=0.986463；W1raw=6.923989；W1norm=0.030631
  平均谱：MSE=79.5877；cos=0.995384；r=0.994393
  train分布参照：generated/train MSE=104.893；held-out/train MSE=169.943；ratio=0.6172
  多样性MSE：train=266.583；generated=230.858；ratio=0.8660；Pearson-distance ratio=0.9634
  峰形多样性：position-std ratio=0.8683；height-IQR ratio=1.0095；width-IQR ratio=1.0619；position frozen=0.000%
  负值：min=-45.107；<-40点=0.015781%；<-40光谱=10.000%
  training逐点包络外：lower点/光谱=0.000000%/0.000%；upper点/光谱=0.000000%/0.000%
  QQ拟合：raw R2=0.999419, RMSE=2.80064；model-normalized R2=0.999419, RMSE=0.00601931；training-standardized R2=0.991295, RMSE=0.192835
  QQ尾宽/oracle区间：lower=0.6836/[0.9031,1.1226]；upper=0.9646/[0.8957,1.0745]；overrun=False；underrun=True
  QQ四段比率[1-10,10-50,50-90,90-99]=[0.5609,0.8158,0.9478,0.9858]；尾部曲率RMSE(lower/upper)=0.3350/0.0477；oracle外分位点=10.89%
[67/126] DEL-M_TEB-H_CHL-S_soil：MSE=128.514；RMSE=11.2639；shape-MSE/RMSE=0.0204895/0.141882；model-norm MSE/RMSE=0.00059365/0.024209；cos=0.991264；r=0.989755；W1raw=5.556623；W1norm=0.024952
  平均谱：MSE=42.2015；cos=0.996893；r=0.996351
  train分布参照：generated/train MSE=81.4605；held-out/train MSE=102.368；ratio=0.7958
  多样性MSE：train=166.302；generated=143.212；ratio=0.8612；Pearson-distance ratio=0.7397
  峰形多样性：position-std ratio=0.8137；height-IQR ratio=1.2007；width-IQR ratio=0.9750；position frozen=0.000%
  负值：min=-32.637；<-40点=0.000000%；<-40光谱=0.000%
  training逐点包络外：lower点/光谱=0.000000%/0.000%；upper点/光谱=0.002630%/5.000%
  QQ拟合：raw R2=0.999368, RMSE=2.62428；model-normalized R2=0.999368, RMSE=0.00564028；training-standardized R2=0.989574, RMSE=0.137407
  QQ尾宽/oracle区间：lower=0.8733/[0.8844,1.1150]；upper=0.7313/[0.9322,1.0815]；overrun=False；underrun=True
  QQ四段比率[1-10,10-50,50-90,90-99]=[0.8479,0.8955,1.0339,0.5217]；尾部曲率RMSE(lower/upper)=0.2490/0.3652；oracle外分位点=5.94%
[68/126] DEL-M_TEB-H_CHL-S_water：MSE=203.395；RMSE=14.0048；shape-MSE/RMSE=0.0211514/0.143167；model-norm MSE/RMSE=0.000939548/0.0300999；cos=0.991130；r=0.989424；W1raw=5.806613；W1norm=0.025428
  平均谱：MSE=44.739；cos=0.997681；r=0.997227
  train分布参照：generated/train MSE=98.5198；held-out/train MSE=129.061；ratio=0.7634
  多样性MSE：train=247.108；generated=258.393；ratio=1.0457；Pearson-distance ratio=1.0048
  峰形多样性：position-std ratio=0.8859；height-IQR ratio=0.9795；width-IQR ratio=1.0070；position frozen=11.111%
  负值：min=-41.186；<-40点=0.002630%；<-40光谱=5.000%
  training逐点包络外：lower点/光谱=0.000000%/0.000%；upper点/光谱=0.120989%/40.000%
  QQ拟合：raw R2=0.999146, RMSE=3.2143；model-normalized R2=0.999146, RMSE=0.00690838；training-standardized R2=0.998607, RMSE=0.0952517
  QQ尾宽/oracle区间：lower=0.9174/[0.9088,1.1179]；upper=0.8905/[0.9301,1.1045]；overrun=False；underrun=True
  QQ四段比率[1-10,10-50,50-90,90-99]=[0.8613,0.9653,0.9987,0.7729]；尾部曲率RMSE(lower/upper)=0.0945/0.0828；oracle外分位点=4.95%
[69/126] DEL-M_TEB-H_soil：MSE=35.3647；RMSE=5.81552；shape-MSE/RMSE=0.0329793/0.177269；model-norm MSE/RMSE=0.000163362/0.0124991；cos=0.984738；r=0.983510；W1raw=2.289913；W1norm=0.029572
  平均谱：MSE=6.75803；cos=0.997134；r=0.996898
  train分布参照：generated/train MSE=17.7634；held-out/train MSE=24.3661；ratio=0.7290
  多样性MSE：train=56.4475；generated=46.2869；ratio=0.8200；Pearson-distance ratio=0.8397
  峰形多样性：position-std ratio=1.0980；height-IQR ratio=0.9142；width-IQR ratio=1.0026；position frozen=0.000%
  负值：min=-18.694；<-40点=0.000000%；<-40光谱=0.000%
  training逐点包络外：lower点/光谱=0.000000%/0.000%；upper点/光谱=0.000000%/0.000%
  QQ拟合：raw R2=0.999623, RMSE=0.679631；model-normalized R2=0.999623, RMSE=0.00146071；training-standardized R2=0.985008, RMSE=0.258887
  QQ尾宽/oracle区间：lower=0.6974/[0.9144,1.1113]；upper=0.7711/[0.8758,1.1639]；overrun=False；underrun=True
  QQ四段比率[1-10,10-50,50-90,90-99]=[0.5124,0.9998,0.8844,0.6665]；尾部曲率RMSE(lower/upper)=0.4125/0.3733；oracle外分位点=87.13%
[70/126] DEL-M_TEB-H_water：MSE=32.2744；RMSE=5.59678；shape-MSE/RMSE=0.0278081/0.164346；model-norm MSE/RMSE=0.000149086/0.012029；cos=0.987268；r=0.986096；W1raw=2.473669；W1norm=0.027656
  平均谱：MSE=11.9258；cos=0.995104；r=0.994634
  train分布参照：generated/train MSE=15.7477；held-out/train MSE=24.039；ratio=0.6551
  多样性MSE：train=46.0111；generated=43.6902；ratio=0.9496；Pearson-distance ratio=0.9244
  峰形多样性：position-std ratio=0.8491；height-IQR ratio=1.0232；width-IQR ratio=1.1994；position frozen=0.000%
  负值：min=-17.466；<-40点=0.000000%；<-40光谱=0.000%
  training逐点包络外：lower点/光谱=0.000000%/0.000%；upper点/光谱=0.000000%/0.000%
  QQ拟合：raw R2=0.998700, RMSE=1.65687；model-normalized R2=0.998700, RMSE=0.00356105；training-standardized R2=0.988985, RMSE=0.170176
  QQ尾宽/oracle区间：lower=0.8776/[0.8730,1.1961]；upper=0.7855/[0.9062,1.1030]；overrun=False；underrun=True
  QQ四段比率[1-10,10-50,50-90,90-99]=[0.7594,1.0004,1.0243,0.5909]；尾部曲率RMSE(lower/upper)=0.3614/0.3904；oracle外分位点=34.65%
[71/126] DEL-M_TEB-M_CHL-H_soil：MSE=145.424；RMSE=11.9239；shape-MSE/RMSE=0.0402624/0.196848；model-norm MSE/RMSE=0.000671764/0.0256276；cos=0.982899；r=0.979869；W1raw=5.674551；W1norm=0.030567
  平均谱：MSE=45.6091；cos=0.994463；r=0.993407
  train分布参照：generated/train MSE=88.6475；held-out/train MSE=202.478；ratio=0.4378
  多样性MSE：train=222.892；generated=200.608；ratio=0.9000；Pearson-distance ratio=0.9252
  峰形多样性：position-std ratio=0.9682；height-IQR ratio=1.2145；width-IQR ratio=0.8824；position frozen=0.000%
  负值：min=-32.824；<-40点=0.000000%；<-40光谱=0.000%
  training逐点包络外：lower点/光谱=0.000000%/0.000%；upper点/光谱=0.000000%/0.000%
  QQ拟合：raw R2=0.999536, RMSE=2.14921；model-normalized R2=0.999536, RMSE=0.00461921；training-standardized R2=0.986630, RMSE=0.131443
  QQ尾宽/oracle区间：lower=0.7430/[0.8689,1.1427]；upper=0.8959/[0.8549,1.1453]；overrun=False；underrun=True
  QQ四段比率[1-10,10-50,50-90,90-99]=[0.5767,0.9578,1.0085,0.7879]；尾部曲率RMSE(lower/upper)=0.4752/0.2405；oracle外分位点=3.96%
[72/126] DEL-M_TEB-M_CHL-H_water：MSE=231.178；RMSE=15.0275；shape-MSE/RMSE=0.0375963/0.192779；model-norm MSE/RMSE=0.00106789/0.032298；cos=0.984353；r=0.981202；W1raw=6.889217；W1norm=0.035674
  平均谱：MSE=58.6686；cos=0.995163；r=0.994120
  train分布参照：generated/train MSE=117.827；held-out/train MSE=209.442；ratio=0.5626
  多样性MSE：train=253.82；generated=217.033；ratio=0.8551；Pearson-distance ratio=0.7134
  峰形多样性：position-std ratio=0.7199；height-IQR ratio=0.9366；width-IQR ratio=0.9168；position frozen=12.500%
  负值：min=-33.370；<-40点=0.000000%；<-40光谱=0.000%
  training逐点包络外：lower点/光谱=0.000000%/0.000%；upper点/光谱=0.021042%/10.000%
  QQ拟合：raw R2=0.999500, RMSE=1.50343；model-normalized R2=0.999500, RMSE=0.00323126；training-standardized R2=0.993286, RMSE=0.347983
  QQ尾宽/oracle区间：lower=0.6826/[0.8578,1.1791]；upper=0.6343/[0.8906,1.1232]；overrun=False；underrun=True
  QQ四段比率[1-10,10-50,50-90,90-99]=[0.6108,0.7603,0.7555,0.5319]；尾部曲率RMSE(lower/upper)=0.1967/0.3180；oracle外分位点=32.67%
[73/126] DEL-M_TEB-M_CHL-M_soil：MSE=167.802；RMSE=12.6408；shape-MSE/RMSE=0.0439085/0.205153；model-norm MSE/RMSE=0.000775132/0.0271685；cos=0.981407；r=0.978046；W1raw=5.928048；W1norm=0.034033
  平均谱：MSE=50.3909；cos=0.993723；r=0.992571
  train分布参照：generated/train MSE=84.2136；held-out/train MSE=154.367；ratio=0.5455
  多样性MSE：train=203.681；generated=173.055；ratio=0.8496；Pearson-distance ratio=0.8373
  峰形多样性：position-std ratio=0.9027；height-IQR ratio=1.0039；width-IQR ratio=0.8970；position frozen=11.111%
  负值：min=-37.291；<-40点=0.000000%；<-40光谱=0.000%
  training逐点包络外：lower点/光谱=0.015781%/10.000%；upper点/光谱=0.007891%/5.000%
  QQ拟合：raw R2=0.999730, RMSE=2.56916；model-normalized R2=0.999730, RMSE=0.00552181；training-standardized R2=0.996614, RMSE=0.177067
  QQ尾宽/oracle区间：lower=0.8782/[0.9097,1.1007]；upper=0.7921/[0.9083,1.0972]；overrun=False；underrun=True
  QQ四段比率[1-10,10-50,50-90,90-99]=[0.7957,0.9663,0.9158,0.6781]；尾部曲率RMSE(lower/upper)=0.1282/0.1985；oracle外分位点=12.87%
[74/126] DEL-M_TEB-M_CHL-M_water：MSE=162.959；RMSE=12.5653；shape-MSE/RMSE=0.0266447/0.161919；model-norm MSE/RMSE=0.000752764/0.0270062；cos=0.988809；r=0.986678；W1raw=5.532127；W1norm=0.029984
  平均谱：MSE=29.4451；cos=0.997940；r=0.997559
  train分布参照：generated/train MSE=83.2184；held-out/train MSE=140.861；ratio=0.5908
  多样性MSE：train=233.986；generated=201.936；ratio=0.8630；Pearson-distance ratio=0.8708
  峰形多样性：position-std ratio=0.8601；height-IQR ratio=1.1256；width-IQR ratio=0.9363；position frozen=0.000%
  负值：min=-38.086；<-40点=0.000000%；<-40光谱=0.000%
  training逐点包络外：lower点/光谱=0.000000%/0.000%；upper点/光谱=0.013151%/20.000%
  QQ拟合：raw R2=0.999824, RMSE=1.94661；model-normalized R2=0.999824, RMSE=0.00418379；training-standardized R2=0.993796, RMSE=0.0755048
  QQ尾宽/oracle区间：lower=0.9384/[0.9288,1.0776]；upper=0.8683/[0.9222,1.0937]；overrun=False；underrun=True
  QQ四段比率[1-10,10-50,50-90,90-99]=[0.8519,1.0243,0.9988,0.7457]；尾部曲率RMSE(lower/upper)=0.2000/0.3042；oracle外分位点=2.97%
[75/126] DEL-M_TEB-M_CHL-S_soil：MSE=128.95；RMSE=11.1594；shape-MSE/RMSE=0.0342264/0.183202；model-norm MSE/RMSE=0.000595663/0.0239846；cos=0.985478；r=0.982887；W1raw=5.448560；W1norm=0.030956
  平均谱：MSE=44.0858；cos=0.994055；r=0.992931
  train分布参照：generated/train MSE=71.2678；held-out/train MSE=137.359；ratio=0.5188
  多样性MSE：train=171.445；generated=146.667；ratio=0.8555；Pearson-distance ratio=0.8426
  峰形多样性：position-std ratio=0.9811；height-IQR ratio=0.9734；width-IQR ratio=1.1360；position frozen=11.111%
  负值：min=-31.565；<-40点=0.000000%；<-40光谱=0.000%
  training逐点包络外：lower点/光谱=0.000000%/0.000%；upper点/光谱=0.086796%/30.000%
  QQ拟合：raw R2=0.999294, RMSE=1.84329；model-normalized R2=0.999294, RMSE=0.00396172；training-standardized R2=0.996423, RMSE=0.0901902
  QQ尾宽/oracle区间：lower=0.8663/[0.9132,1.1148]；upper=0.8400/[0.9180,1.1085]；overrun=False；underrun=True
  QQ四段比率[1-10,10-50,50-90,90-99]=[0.7822,0.9498,0.9733,0.7077]；尾部曲率RMSE(lower/upper)=0.1854/0.1947；oracle外分位点=5.94%
[76/126] DEL-M_TEB-M_CHL-S_water：MSE=201.376；RMSE=13.8548；shape-MSE/RMSE=0.0332713/0.178993；model-norm MSE/RMSE=0.000930225/0.0297776；cos=0.986211；r=0.983364；W1raw=5.870508；W1norm=0.031752
  平均谱：MSE=44.2876；cos=0.996786；r=0.996176
  train分布参照：generated/train MSE=114.802；held-out/train MSE=182.567；ratio=0.6288
  多样性MSE：train=306.272；generated=266.043；ratio=0.8686；Pearson-distance ratio=0.8614
  峰形多样性：position-std ratio=0.8618；height-IQR ratio=1.0293；width-IQR ratio=0.6964；position frozen=10.000%
  负值：min=-38.161；<-40点=0.000000%；<-40光谱=0.000%
  training逐点包络外：lower点/光谱=0.000000%/0.000%；upper点/光谱=0.000000%/0.000%
  QQ拟合：raw R2=0.999672, RMSE=2.07562；model-normalized R2=0.999672, RMSE=0.00446106；training-standardized R2=0.993854, RMSE=0.09626
  QQ尾宽/oracle区间：lower=0.8593/[0.9247,1.1325]；upper=0.8287/[0.8846,1.2090]；overrun=False；underrun=True
  QQ四段比率[1-10,10-50,50-90,90-99]=[0.7175,1.0224,0.9374,0.7193]；尾部曲率RMSE(lower/upper)=0.2042/0.2806；oracle外分位点=4.95%
[77/126] DEL-M_TEB-M_soil：MSE=38.8538；RMSE=6.10238；shape-MSE/RMSE=0.037998/0.192091；model-norm MSE/RMSE=0.000179479/0.0131156；cos=0.982524；r=0.981001；W1raw=2.406759；W1norm=0.031973
  平均谱：MSE=9.28234；cos=0.995420；r=0.995042
  train分布参照：generated/train MSE=18.9819；held-out/train MSE=28.4381；ratio=0.6675
  多样性MSE：train=61.6437；generated=52.9964；ratio=0.8597；Pearson-distance ratio=0.8039
  峰形多样性：position-std ratio=0.8604；height-IQR ratio=1.0404；width-IQR ratio=0.9138；position frozen=10.000%
  负值：min=-16.159；<-40点=0.000000%；<-40光谱=0.000%
  training逐点包络外：lower点/光谱=0.000000%/0.000%；upper点/光谱=0.035689%/15.000%
  QQ拟合：raw R2=0.998671, RMSE=1.03478；model-normalized R2=0.998671, RMSE=0.00222401；training-standardized R2=0.985460, RMSE=0.130042
  QQ尾宽/oracle区间：lower=0.8365/[0.8869,1.1403]；upper=0.7961/[0.9137,1.1454]；overrun=False；underrun=True
  QQ四段比率[1-10,10-50,50-90,90-99]=[0.6734,1.0355,1.0726,0.6057]；尾部曲率RMSE(lower/upper)=0.3352/0.5039；oracle外分位点=4.95%
[78/126] DEL-M_TEB-M_water：MSE=36.8393；RMSE=6.00063；shape-MSE/RMSE=0.0345521/0.183953；model-norm MSE/RMSE=0.000170173/0.0128969；cos=0.984308；r=0.982724；W1raw=2.484631；W1norm=0.028521
  平均谱：MSE=10.1852；cos=0.995518；r=0.995041
  train分布参照：generated/train MSE=20.5789；held-out/train MSE=24.3038；ratio=0.8467
  多样性MSE：train=57.5829；generated=50.0998；ratio=0.8700；Pearson-distance ratio=0.8542
  峰形多样性：position-std ratio=1.0773；height-IQR ratio=1.3712；width-IQR ratio=1.1123；position frozen=10.000%
  负值：min=-23.997；<-40点=0.000000%；<-40光谱=0.000%
  training逐点包络外：lower点/光谱=0.000000%/0.000%；upper点/光谱=0.049964%/5.000%
  QQ拟合：raw R2=0.999454, RMSE=1.00762；model-normalized R2=0.999454, RMSE=0.00216565；training-standardized R2=0.994030, RMSE=0.104123
  QQ尾宽/oracle区间：lower=0.9854/[0.8059,1.2442]；upper=0.8787/[0.9019,1.1286]；overrun=False；underrun=True
  QQ四段比率[1-10,10-50,50-90,90-99]=[0.8842,1.0925,0.9993,0.7527]；尾部曲率RMSE(lower/upper)=0.1846/0.3282；oracle外分位点=0.99%
[79/126] DEL-M_TEB-S_CHL-H_soil：MSE=173.057；RMSE=12.8742；shape-MSE/RMSE=0.064936/0.250021；model-norm MSE/RMSE=0.00079941/0.0276701；cos=0.972039；r=0.967532；W1raw=5.719298；W1norm=0.040284
  平均谱：MSE=41.8382；cos=0.991063；r=0.989458
  train分布参照：generated/train MSE=93.203；held-out/train MSE=219.61；ratio=0.4244
  多样性MSE：train=222.001；generated=186.772；ratio=0.8413；Pearson-distance ratio=0.8396
  峰形多样性：position-std ratio=0.9839；height-IQR ratio=0.7708；width-IQR ratio=0.8765；position frozen=0.000%
  负值：min=-37.716；<-40点=0.000000%；<-40光谱=0.000%
  training逐点包络外：lower点/光谱=0.000000%/0.000%；upper点/光谱=0.065755%/20.000%
  QQ拟合：raw R2=0.999108, RMSE=2.02979；model-normalized R2=0.999108, RMSE=0.00436257；training-standardized R2=0.990842, RMSE=0.149095
  QQ尾宽/oracle区间：lower=0.7890/[0.8433,1.1461]；upper=0.7549/[0.9121,1.1151]；overrun=False；underrun=True
  QQ四段比率[1-10,10-50,50-90,90-99]=[0.6576,0.9412,0.9769,0.5975]；尾部曲率RMSE(lower/upper)=0.2623/0.3536；oracle外分位点=7.92%
[80/126] DEL-M_TEB-S_CHL-H_water：MSE=202.142；RMSE=13.7916；shape-MSE/RMSE=0.0493834/0.218401；model-norm MSE/RMSE=0.000933762/0.0296418；cos=0.979523；r=0.975308；W1raw=6.093549；W1norm=0.038977
  平均谱：MSE=37.1105；cos=0.995045；r=0.993951
  train分布参照：generated/train MSE=93.7144；held-out/train MSE=218.575；ratio=0.4288
  多样性MSE：train=281.834；generated=237.979；ratio=0.8444；Pearson-distance ratio=1.0963
  峰形多样性：position-std ratio=0.8909；height-IQR ratio=1.0239；width-IQR ratio=1.1602；position frozen=10.000%
  负值：min=-60.103；<-40点=0.044713%；<-40光谱=10.000%
  training逐点包络外：lower点/光谱=0.002630%/5.000%；upper点/光谱=0.028932%/5.000%
  QQ拟合：raw R2=0.998412, RMSE=2.24626；model-normalized R2=0.998412, RMSE=0.0048278；training-standardized R2=0.994746, RMSE=0.105683
  QQ尾宽/oracle区间：lower=0.9301/[0.9167,1.1565]；upper=0.8055/[0.9282,1.0752]；overrun=False；underrun=True
  QQ四段比率[1-10,10-50,50-90,90-99]=[0.8879,0.9653,0.9854,0.6435]；尾部曲率RMSE(lower/upper)=0.1969/0.2420；oracle外分位点=3.96%
[81/126] DEL-M_TEB-S_CHL-M_soil：MSE=154.687；RMSE=12.1739；shape-MSE/RMSE=0.0645488/0.250244；model-norm MSE/RMSE=0.000714552/0.026165；cos=0.972290；r=0.967726；W1raw=6.087557；W1norm=0.045833
  平均谱：MSE=44.0403；cos=0.989733；r=0.987930
  train分布参照：generated/train MSE=83.2228；held-out/train MSE=215.191；ratio=0.3867
  多样性MSE：train=161.038；generated=137.424；ratio=0.8534；Pearson-distance ratio=0.8430
  峰形多样性：position-std ratio=1.0815；height-IQR ratio=1.1825；width-IQR ratio=0.7996；position frozen=0.000%
  负值：min=-32.581；<-40点=0.000000%；<-40光谱=0.000%
  training逐点包络外：lower点/光谱=0.007891%/5.000%；upper点/光谱=0.044713%/20.000%
  QQ拟合：raw R2=0.998320, RMSE=2.42093；model-normalized R2=0.998320, RMSE=0.00520322；training-standardized R2=0.991454, RMSE=0.292532
  QQ尾宽/oracle区间：lower=0.6715/[0.8987,1.0963]；upper=0.7988/[0.8965,1.1482]；overrun=False；underrun=True
  QQ四段比率[1-10,10-50,50-90,90-99]=[0.6109,0.7352,0.9039,0.6939]；尾部曲率RMSE(lower/upper)=0.3603/0.0659；oracle外分位点=62.38%
[82/126] DEL-M_TEB-S_CHL-M_water：MSE=372.664；RMSE=18.387；shape-MSE/RMSE=0.0722568/0.263822；model-norm MSE/RMSE=0.00172146/0.0395186；cos=0.970384；r=0.963872；W1raw=6.852208；W1norm=0.048162
  平均谱：MSE=79.9014；cos=0.994390；r=0.993118
  train分布参照：generated/train MSE=168.805；held-out/train MSE=181.091；ratio=0.9322
  多样性MSE：train=323.778；generated=282.769；ratio=0.8733；Pearson-distance ratio=0.9127
  峰形多样性：position-std ratio=0.9522；height-IQR ratio=1.1161；width-IQR ratio=1.1058；position frozen=0.000%
  负值：min=-35.324；<-40点=0.000000%；<-40光谱=0.000%
  training逐点包络外：lower点/光谱=0.000000%/0.000%；upper点/光谱=0.000000%/0.000%
  QQ拟合：raw R2=0.999479, RMSE=6.05253；model-normalized R2=0.999479, RMSE=0.0130085；training-standardized R2=0.993107, RMSE=0.302867
  QQ尾宽/oracle区间：lower=0.8972/[0.8903,1.1002]；upper=0.7639/[0.8926,1.1148]；overrun=False；underrun=True
  QQ四段比率[1-10,10-50,50-90,90-99]=[0.8359,0.9532,0.8475,0.6780]；尾部曲率RMSE(lower/upper)=0.1579/0.3015；oracle外分位点=65.35%
[83/126] DEL-M_TEB-S_CHL-S_soil：MSE=224.475；RMSE=14.8247；shape-MSE/RMSE=0.0874541/0.292798；model-norm MSE/RMSE=0.00103692/0.0318622；cos=0.962625；r=0.956273；W1raw=5.958215；W1norm=0.050991
  平均谱：MSE=57.3959；cos=0.986729；r=0.984400
  train分布参照：generated/train MSE=81.0475；held-out/train MSE=148.957；ratio=0.5441
  多样性MSE：train=176.481；generated=149.514；ratio=0.8472；Pearson-distance ratio=0.8331
  峰形多样性：position-std ratio=0.8145；height-IQR ratio=0.9016；width-IQR ratio=1.0465；position frozen=10.000%
  负值：min=-32.048；<-40点=0.000000%；<-40光谱=0.000%
  training逐点包络外：lower点/光谱=0.000000%/0.000%；upper点/光谱=0.002630%/5.000%
  QQ拟合：raw R2=0.997507, RMSE=4.14547；model-normalized R2=0.997507, RMSE=0.0089097；training-standardized R2=0.990598, RMSE=0.255811
  QQ尾宽/oracle区间：lower=0.8563/[0.9334,1.1076]；upper=0.7248/[0.9111,1.1302]；overrun=False；underrun=True
  QQ四段比率[1-10,10-50,50-90,90-99]=[0.7389,0.9867,0.8417,0.6154]；尾部曲率RMSE(lower/upper)=0.1637/0.3979；oracle外分位点=44.55%
[84/126] DEL-M_TEB-S_CHL-S_water：MSE=253.57；RMSE=15.507；shape-MSE/RMSE=0.0489114/0.213498；model-norm MSE/RMSE=0.00117132/0.0333285；cos=0.979878；r=0.975544；W1raw=7.087040；W1norm=0.047383
  平均谱：MSE=73.1076；cos=0.991761；r=0.990021
  train分布参照：generated/train MSE=83.864；held-out/train MSE=304.795；ratio=0.2751
  多样性MSE：train=231.474；generated=199.16；ratio=0.8604；Pearson-distance ratio=0.8136
  峰形多样性：position-std ratio=0.6558；height-IQR ratio=0.8867；width-IQR ratio=0.8298；position frozen=10.000%
  负值：min=-28.019；<-40点=0.000000%；<-40光谱=0.000%
  training逐点包络外：lower点/光谱=0.000000%/0.000%；upper点/光谱=0.013151%/10.000%
  QQ拟合：raw R2=0.997374, RMSE=4.86406；model-normalized R2=0.997374, RMSE=0.0104541；training-standardized R2=0.997653, RMSE=0.308439
  QQ尾宽/oracle区间：lower=0.7493/[0.9239,1.1061]；upper=0.7092/[0.8879,1.1627]；overrun=False；underrun=True
  QQ四段比率[1-10,10-50,50-90,90-99]=[0.7254,0.7718,0.8110,0.6152]；尾部曲率RMSE(lower/upper)=0.1165/0.1703；oracle外分位点=31.68%
[85/126] DEL-M_TEB-S_soil：MSE=37.523；RMSE=6.01407；shape-MSE/RMSE=0.0387278/0.193755；model-norm MSE/RMSE=0.000173332/0.0129258；cos=0.982090；r=0.980636；W1raw=2.495539；W1norm=0.032845
  平均谱：MSE=12.0753；cos=0.993952；r=0.993395
  train分布参照：generated/train MSE=18.5463；held-out/train MSE=28.9974；ratio=0.6396
  多样性MSE：train=62.5652；generated=58.2216；ratio=0.9306；Pearson-distance ratio=0.9168
  峰形多样性：position-std ratio=0.9272；height-IQR ratio=1.1249；width-IQR ratio=1.0551；position frozen=10.000%
  负值：min=-20.049；<-40点=0.000000%；<-40光谱=0.000%
  training逐点包络外：lower点/光谱=0.000000%/0.000%；upper点/光谱=0.000000%/0.000%
  QQ拟合：raw R2=0.998955, RMSE=1.30473；model-normalized R2=0.998955, RMSE=0.00280421；training-standardized R2=0.988832, RMSE=0.130083
  QQ尾宽/oracle区间：lower=0.8446/[0.8425,1.1324]；upper=0.8087/[0.8780,1.1443]；overrun=False；underrun=True
  QQ四段比率[1-10,10-50,50-90,90-99]=[0.6526,1.0824,0.9678,0.6880]；尾部曲率RMSE(lower/upper)=0.2861/0.4128；oracle外分位点=5.94%
[86/126] DEL-M_TEB-S_water：MSE=41.6214；RMSE=6.30821；shape-MSE/RMSE=0.0453721/0.208208；model-norm MSE/RMSE=0.000192263/0.013558；cos=0.979335；r=0.977314；W1raw=3.012379；W1norm=0.035586
  平均谱：MSE=24.8467；cos=0.988070；r=0.986808
  train分布参照：generated/train MSE=15.8683；held-out/train MSE=31.4406；ratio=0.5047
  多样性MSE：train=46.5944；generated=38.8422；ratio=0.8336；Pearson-distance ratio=0.8511
  峰形多样性：position-std ratio=0.8524；height-IQR ratio=0.9611；width-IQR ratio=0.9565；position frozen=10.000%
  负值：min=-19.006；<-40点=0.000000%；<-40光谱=0.000%
  training逐点包络外：lower点/光谱=0.000000%/0.000%；upper点/光谱=0.000000%/0.000%
  QQ拟合：raw R2=0.998003, RMSE=1.84926；model-normalized R2=0.998003, RMSE=0.00397455；training-standardized R2=0.986164, RMSE=0.178408
  QQ尾宽/oracle区间：lower=0.7372/[0.9019,1.0636]；upper=0.8745/[0.8996,1.1617]；overrun=False；underrun=True
  QQ四段比率[1-10,10-50,50-90,90-99]=[0.5647,0.9411,1.0262,0.7326]；尾部曲率RMSE(lower/upper)=0.5307/0.3600；oracle外分位点=10.89%
[87/126] DEL-M_soil：MSE=642.669；RMSE=23.7431；shape-MSE/RMSE=0.125675/0.331524；model-norm MSE/RMSE=0.0029687/0.0510302；cos=0.948658；r=0.937162；W1raw=12.267892；W1norm=0.083268
  平均谱：MSE=506.496；cos=0.986080；r=0.982609
  train分布参照：generated/train MSE=262.955；held-out/train MSE=305.084；ratio=0.8619
  多样性MSE：train=609.855；generated=585.181；ratio=0.9595；Pearson-distance ratio=1.1616
  峰形多样性：position-std ratio=0.9242；height-IQR ratio=0.9195；width-IQR ratio=1.2445；position frozen=10.000%
  负值：min=-71.407；<-40点=0.096360%；<-40光谱=10.000%
  training逐点包络外：lower点/光谱=0.199857%/15.000%；upper点/光谱=0.074946%/15.000%
  QQ拟合：raw R2=0.997967, RMSE=18.6239；model-normalized R2=0.997967, RMSE=0.0400277；training-standardized R2=0.998481, RMSE=0.305791
  QQ尾宽/oracle区间：lower=0.7819/[0.7974,1.2772]；upper=0.7965/[0.6572,1.5232]；overrun=False；underrun=True
  QQ四段比率[1-10,10-50,50-90,90-99]=[0.7004,0.8857,0.7969,0.7960]；尾部曲率RMSE(lower/upper)=0.0710/0.0386；oracle外分位点=34.65%
[88/126] DEL-M_water：MSE=1965.05；RMSE=41.3376；shape-MSE/RMSE=0.0937267/0.299695；model-norm MSE/RMSE=0.00907724/0.0888453；cos=0.961093；r=0.953137；W1raw=12.414246；W1norm=0.050848
  平均谱：MSE=145.924；cos=0.991160；r=0.989211
  train分布参照：generated/train MSE=490.377；held-out/train MSE=891.132；ratio=0.5503
  多样性MSE：train=1950；generated=1675.94；ratio=0.8595；Pearson-distance ratio=1.1698
  峰形多样性：position-std ratio=1.1406；height-IQR ratio=1.1754；width-IQR ratio=0.9995；position frozen=0.000%
  负值：min=-44.495；<-40点=0.060671%；<-40光谱=10.000%
  training逐点包络外：lower点/光谱=0.017844%/10.000%；upper点/光谱=0.157031%/25.000%
  QQ拟合：raw R2=0.985716, RMSE=11.3408；model-normalized R2=0.985716, RMSE=0.0243744；training-standardized R2=0.993195, RMSE=0.241029
  QQ尾宽/oracle区间：lower=0.8080/[0.8280,1.1511]；upper=0.6583/[0.8550,1.1713]；overrun=False；underrun=True
  QQ四段比率[1-10,10-50,50-90,90-99]=[0.7754,0.8368,0.8097,0.5294]；尾部曲率RMSE(lower/upper)=0.0270/0.2931；oracle外分位点=14.85%
[89/126] DEL-S_CHL-H_soil：MSE=186.027；RMSE=13.3904；shape-MSE/RMSE=0.0732693/0.267573；model-norm MSE/RMSE=0.00085932/0.0287794；cos=0.966846；r=0.963365；W1raw=5.939535；W1norm=0.044362
  平均谱：MSE=37.7123；cos=0.992458；r=0.991623
  train分布参照：generated/train MSE=98.5028；held-out/train MSE=142.618；ratio=0.6907
  多样性MSE：train=255.223；generated=249.101；ratio=0.9760；Pearson-distance ratio=0.9068
  峰形多样性：position-std ratio=0.9184；height-IQR ratio=0.9511；width-IQR ratio=0.9202；position frozen=0.000%
  负值：min=-40.779；<-40点=0.007891%；<-40光谱=10.000%
  training逐点包络外：lower点/光谱=0.023672%/10.000%；upper点/光谱=0.026302%/5.000%
  QQ拟合：raw R2=0.997348, RMSE=2.63083；model-normalized R2=0.997348, RMSE=0.00565435；training-standardized R2=0.982716, RMSE=0.215216
  QQ尾宽/oracle区间：lower=0.6687/[0.8540,1.1369]；upper=0.6716/[0.8660,1.1432]；overrun=False；underrun=True
  QQ四段比率[1-10,10-50,50-90,90-99]=[0.4769,0.9706,0.8984,0.5099]；尾部曲率RMSE(lower/upper)=0.3888/0.3944；oracle外分位点=7.92%
[90/126] DEL-S_CHL-H_water：MSE=288.756；RMSE=16.5484；shape-MSE/RMSE=0.0860542/0.28861；model-norm MSE/RMSE=0.00133386/0.0355669；cos=0.961631；r=0.956973；W1raw=7.285932；W1norm=0.054845
  平均谱：MSE=97.9707；cos=0.984514；r=0.982716
  train分布参照：generated/train MSE=97.987；held-out/train MSE=166.982；ratio=0.5868
  多样性MSE：train=278.835；generated=232.375；ratio=0.8334；Pearson-distance ratio=0.8128
  峰形多样性：position-std ratio=0.9227；height-IQR ratio=1.0037；width-IQR ratio=0.7372；position frozen=0.000%
  负值：min=-47.095；<-40点=0.026302%；<-40光谱=10.000%
  training逐点包络外：lower点/光谱=0.021042%/10.000%；upper点/光谱=0.047344%/35.000%
  QQ拟合：raw R2=0.993546, RMSE=5.526；model-normalized R2=0.993546, RMSE=0.0118768；training-standardized R2=0.988194, RMSE=0.238068
  QQ尾宽/oracle区间：lower=0.7386/[0.8508,1.1423]；upper=0.6941/[0.9121,1.1010]；overrun=False；underrun=True
  QQ四段比率[1-10,10-50,50-90,90-99]=[0.5869,0.9615,0.8184,0.5824]；尾部曲率RMSE(lower/upper)=0.2631/0.4105；oracle外分位点=19.80%
[91/126] DEL-S_CHL-M_soil：MSE=162.463；RMSE=12.4415；shape-MSE/RMSE=0.0959758/0.295591；model-norm MSE/RMSE=0.000750472/0.0267402；cos=0.956753；r=0.952012；W1raw=5.546308；W1norm=0.048118
  平均谱：MSE=25.1632；cos=0.992892；r=0.992289
  train分布参照：generated/train MSE=85.0897；held-out/train MSE=174.244；ratio=0.4883
  多样性MSE：train=252.584；generated=219.056；ratio=0.8673；Pearson-distance ratio=0.8022
  峰形多样性：position-std ratio=1.0192；height-IQR ratio=1.1721；width-IQR ratio=1.2456；position frozen=0.000%
  负值：min=-40.842；<-40点=0.002630%；<-40光谱=5.000%
  training逐点包络外：lower点/光谱=0.026302%/5.000%；upper点/光谱=0.000000%/0.000%
  QQ拟合：raw R2=0.998048, RMSE=2.44646；model-normalized R2=0.998048, RMSE=0.00525809；training-standardized R2=0.982537, RMSE=0.173236
  QQ尾宽/oracle区间：lower=0.6621/[0.8959,1.1526]；upper=0.8673/[0.8250,1.1783]；overrun=False；underrun=True
  QQ四段比率[1-10,10-50,50-90,90-99]=[0.4885,0.9574,0.9340,0.7970]；尾部曲率RMSE(lower/upper)=0.5255/0.2151；oracle外分位点=11.88%
[92/126] DEL-S_CHL-M_water：MSE=235.05；RMSE=15.1172；shape-MSE/RMSE=0.119257/0.339927；model-norm MSE/RMSE=0.00108578/0.0324909；cos=0.945861；r=0.940372；W1raw=7.184504；W1norm=0.064343
  平均谱：MSE=130.459；cos=0.966713；r=0.962485
  train分布参照：generated/train MSE=101.772；held-out/train MSE=235.796；ratio=0.4316
  多样性MSE：train=293.192；generated=250.575；ratio=0.8546；Pearson-distance ratio=0.7169
  峰形多样性：position-std ratio=0.8581；height-IQR ratio=0.8491；width-IQR ratio=1.0662；position frozen=0.000%
  负值：min=-67.843；<-40点=0.142031%；<-40光谱=35.000%
  training逐点包络外：lower点/光谱=0.000000%/0.000%；upper点/光谱=0.010521%/10.000%
  QQ拟合：raw R2=0.995530, RMSE=5.57946；model-normalized R2=0.995530, RMSE=0.0119917；training-standardized R2=0.997052, RMSE=0.148687
  QQ尾宽/oracle区间：lower=0.8498/[0.8945,1.1196]；upper=0.7989/[0.8594,1.2193]；overrun=False；underrun=True
  QQ四段比率[1-10,10-50,50-90,90-99]=[0.7649,0.9438,0.8554,0.7455]；尾部曲率RMSE(lower/upper)=0.1553/0.1602；oracle外分位点=7.92%
[93/126] DEL-S_CHL-S_soil：MSE=212.853；RMSE=14.359；shape-MSE/RMSE=0.121154/0.34144；model-norm MSE/RMSE=0.000983237/0.0308612；cos=0.945246；r=0.939423；W1raw=6.064412；W1norm=0.064719
  平均谱：MSE=43.7858；cos=0.990841；r=0.989896
  train分布参照：generated/train MSE=93.5544；held-out/train MSE=132.246；ratio=0.7074
  多样性MSE：train=267.606；generated=235.059；ratio=0.8784；Pearson-distance ratio=0.9513
  峰形多样性：position-std ratio=0.9092；height-IQR ratio=0.8710；width-IQR ratio=0.8546；position frozen=0.000%
  负值：min=-64.848；<-40点=0.107838%；<-40光谱=20.000%
  training逐点包络外：lower点/光谱=0.023672%/15.000%；upper点/光谱=0.010521%/5.000%
  QQ拟合：raw R2=0.997768, RMSE=4.61785；model-normalized R2=0.997768, RMSE=0.00992499；training-standardized R2=0.991944, RMSE=0.147394
  QQ尾宽/oracle区间：lower=0.6991/[0.8659,1.1435]；upper=0.8326/[0.9274,1.0851]；overrun=False；underrun=True
  QQ四段比率[1-10,10-50,50-90,90-99]=[0.5315,0.9521,0.9136,0.7491]；尾部曲率RMSE(lower/upper)=0.3201/0.1250；oracle外分位点=4.95%
[94/126] DEL-S_CHL-S_water：MSE=200.027；RMSE=13.7217；shape-MSE/RMSE=0.161/0.388712；model-norm MSE/RMSE=0.00092399/0.0294915；cos=0.927860；r=0.919500；W1raw=6.139486；W1norm=0.069412
  平均谱：MSE=68.6842；cos=0.978142；r=0.975187
  train分布参照：generated/train MSE=103.471；held-out/train MSE=154.484；ratio=0.6698
  多样性MSE：train=273.902；generated=260.101；ratio=0.9496；Pearson-distance ratio=0.9268
  峰形多样性：position-std ratio=1.0268；height-IQR ratio=0.9935；width-IQR ratio=1.1021；position frozen=0.000%
  负值：min=-44.462；<-40点=0.055234%；<-40光谱=15.000%
  training逐点包络外：lower点/光谱=0.005260%/10.000%；upper点/光谱=0.000000%/0.000%
  QQ拟合：raw R2=0.997943, RMSE=3.83797；model-normalized R2=0.997943, RMSE=0.0082488；training-standardized R2=0.993125, RMSE=0.123689
  QQ尾宽/oracle区间：lower=0.8424/[0.9088,1.0985]；upper=0.8425/[0.9192,1.0668]；overrun=False；underrun=True
  QQ四段比率[1-10,10-50,50-90,90-99]=[0.6822,1.0367,0.9529,0.7425]；尾部曲率RMSE(lower/upper)=0.2841/0.2382；oracle外分位点=26.73%
[95/126] DEL-S_TEB-H_CHL-H_soil：MSE=179.245；RMSE=13.1406；shape-MSE/RMSE=0.044311/0.206522；model-norm MSE/RMSE=0.000827992/0.0282427；cos=0.981078；r=0.977844；W1raw=6.055210；W1norm=0.032639
  平均谱：MSE=50.6916；cos=0.994222；r=0.993227
  train分布参照：generated/train MSE=96.9672；held-out/train MSE=173.254；ratio=0.5597
  多样性MSE：train=239.819；generated=203.144；ratio=0.8471；Pearson-distance ratio=1.0631
  峰形多样性：position-std ratio=0.7032；height-IQR ratio=0.9023；width-IQR ratio=0.9200；position frozen=11.111%
  负值：min=-42.516；<-40点=0.010521%；<-40光谱=5.000%
  training逐点包络外：lower点/光谱=0.000000%/0.000%；upper点/光谱=0.021042%/10.000%
  QQ拟合：raw R2=0.999738, RMSE=2.69617；model-normalized R2=0.999738, RMSE=0.00579478；training-standardized R2=0.993201, RMSE=0.159194
  QQ尾宽/oracle区间：lower=0.8349/[0.8290,1.2284]；upper=0.6999/[0.8951,1.1043]；overrun=False；underrun=True
  QQ四段比率[1-10,10-50,50-90,90-99]=[0.7475,0.9202,0.9158,0.5409]；尾部曲率RMSE(lower/upper)=0.1149/0.2955；oracle外分位点=9.90%
[96/126] DEL-S_TEB-H_CHL-H_water：MSE=334.094；RMSE=17.7228；shape-MSE/RMSE=0.0318539/0.174833；model-norm MSE/RMSE=0.00154329/0.038091；cos=0.986678；r=0.984073；W1raw=7.805548；W1norm=0.040162
  平均谱：MSE=135.019；cos=0.993850；r=0.992545
  train分布参照：generated/train MSE=116.711；held-out/train MSE=256.421；ratio=0.4552
  多样性MSE：train=279.189；generated=239.838；ratio=0.8591；Pearson-distance ratio=0.9011
  峰形多样性：position-std ratio=0.7936；height-IQR ratio=0.9906；width-IQR ratio=0.8038；position frozen=10.000%
  负值：min=-47.790；<-40点=0.015781%；<-40光谱=5.000%
  training逐点包络外：lower点/光谱=0.000000%/0.000%；upper点/光谱=0.000000%/0.000%
  QQ拟合：raw R2=0.998496, RMSE=6.76262；model-normalized R2=0.998496, RMSE=0.0145347；training-standardized R2=0.996324, RMSE=0.15483
  QQ尾宽/oracle区间：lower=0.8512/[0.8744,1.1279]；upper=1.0010/[0.8783,1.1158]；overrun=False；underrun=True
  QQ四段比率[1-10,10-50,50-90,90-99]=[0.8443,0.8576,1.0208,0.9781]；尾部曲率RMSE(lower/upper)=0.1774/0.0364；oracle外分位点=0.99%
[97/126] DEL-S_TEB-H_CHL-M_soil：MSE=171.315；RMSE=12.9519；shape-MSE/RMSE=0.0428552/0.205217；model-norm MSE/RMSE=0.000791361/0.0278371；cos=0.981832；r=0.978572；W1raw=5.976854；W1norm=0.033118
  平均谱：MSE=37.5719；cos=0.995707；r=0.994861
  train分布参照：generated/train MSE=89.1877；held-out/train MSE=219.793；ratio=0.4058
  多样性MSE：train=210.78；generated=201.257；ratio=0.9548；Pearson-distance ratio=0.9597
  峰形多样性：position-std ratio=1.1113；height-IQR ratio=1.1331；width-IQR ratio=1.1226；position frozen=0.000%
  负值：min=-36.793；<-40点=0.000000%；<-40光谱=0.000%
  training逐点包络外：lower点/光谱=0.000000%/0.000%；upper点/光谱=0.049974%/15.000%
  QQ拟合：raw R2=0.999630, RMSE=1.61812；model-normalized R2=0.999630, RMSE=0.00347777；training-standardized R2=0.996247, RMSE=0.166953
  QQ尾宽/oracle区间：lower=0.8340/[0.9391,1.0759]；upper=0.7900/[0.9079,1.1276]；overrun=False；underrun=True
  QQ四段比率[1-10,10-50,50-90,90-99]=[0.8228,0.8432,0.9111,0.6663]；尾部曲率RMSE(lower/upper)=0.1508/0.1776；oracle外分位点=25.74%
[98/126] DEL-S_TEB-H_CHL-M_water：MSE=163.435；RMSE=12.6447；shape-MSE/RMSE=0.0265599/0.160685；model-norm MSE/RMSE=0.000754962/0.0271767；cos=0.988864；r=0.986720；W1raw=6.074540；W1norm=0.032505
  平均谱：MSE=66.6127；cos=0.994660；r=0.993549
  train分布参照：generated/train MSE=94.3912；held-out/train MSE=305.764；ratio=0.3087
  多样性MSE：train=214.897；generated=195.832；ratio=0.9113；Pearson-distance ratio=0.8291
  峰形多样性：position-std ratio=1.0034；height-IQR ratio=1.2186；width-IQR ratio=0.9288；position frozen=0.000%
  负值：min=-41.253；<-40点=0.005260%；<-40光谱=5.000%
  training逐点包络外：lower点/光谱=0.000000%/0.000%；upper点/光谱=0.000000%/0.000%
  QQ拟合：raw R2=0.999023, RMSE=2.80643；model-normalized R2=0.999023, RMSE=0.00603175；training-standardized R2=0.977212, RMSE=0.232726
  QQ尾宽/oracle区间：lower=0.5896/[0.8401,1.1982]；upper=0.8730/[0.8896,1.1030]；overrun=False；underrun=True
  QQ四段比率[1-10,10-50,50-90,90-99]=[0.4328,0.8592,0.9610,0.7812]；尾部曲率RMSE(lower/upper)=0.6278/0.1406；oracle外分位点=10.89%
[99/126] DEL-S_TEB-H_CHL-S_soil：MSE=172.62；RMSE=12.8511；shape-MSE/RMSE=0.0450773/0.20987；model-norm MSE/RMSE=0.00079739/0.0276204；cos=0.980742；r=0.977461；W1raw=5.431731；W1norm=0.031972
  平均谱：MSE=30.103；cos=0.995648；r=0.994813
  train分布参照：generated/train MSE=119.898；held-out/train MSE=187.755；ratio=0.6386
  多样性MSE：train=231.258；generated=196.214；ratio=0.8485；Pearson-distance ratio=1.0268
  峰形多样性：position-std ratio=0.8335；height-IQR ratio=0.8071；width-IQR ratio=1.0947；position frozen=0.000%
  负值：min=-40.080；<-40点=0.002630%；<-40光谱=5.000%
  training逐点包络外：lower点/光谱=0.000000%/0.000%；upper点/光谱=0.013151%/15.000%
  QQ拟合：raw R2=0.998373, RMSE=2.90077；model-normalized R2=0.998373, RMSE=0.00623452；training-standardized R2=0.994542, RMSE=0.0967264
  QQ尾宽/oracle区间：lower=0.8424/[0.8974,1.1723]；upper=0.8876/[0.9328,1.0983]；overrun=False；underrun=True
  QQ四段比率[1-10,10-50,50-90,90-99]=[0.7829,0.8977,1.0440,0.7349]；尾部曲率RMSE(lower/upper)=0.2445/0.1619；oracle外分位点=3.96%
[100/126] DEL-S_TEB-H_CHL-S_water：MSE=343.922；RMSE=17.4402；shape-MSE/RMSE=0.0385021/0.192481；model-norm MSE/RMSE=0.00158869/0.0374835；cos=0.983949；r=0.980749；W1raw=6.752392；W1norm=0.039231
  平均谱：MSE=74.794；cos=0.994614；r=0.993488
  train分布参照：generated/train MSE=114.043；held-out/train MSE=234.514；ratio=0.4863
  多样性MSE：train=234.555；generated=202.987；ratio=0.8654；Pearson-distance ratio=0.8439
  峰形多样性：position-std ratio=0.9774；height-IQR ratio=0.9912；width-IQR ratio=1.0523；position frozen=0.000%
  负值：min=-38.333；<-40点=0.000000%；<-40光谱=0.000%
  training逐点包络外：lower点/光谱=0.013151%/10.000%；upper点/光谱=0.052604%/10.000%
  QQ拟合：raw R2=0.998565, RMSE=4.37948；model-normalized R2=0.998565, RMSE=0.00941265；training-standardized R2=0.990196, RMSE=0.235437
  QQ尾宽/oracle区间：lower=0.8619/[0.8417,1.1496]；upper=0.6746/[0.8917,1.1299]；overrun=False；underrun=True
  QQ四段比率[1-10,10-50,50-90,90-99]=[0.8253,0.8971,0.8702,0.5270]；尾部曲率RMSE(lower/upper)=0.0631/0.4014；oracle外分位点=6.93%
[101/126] DEL-S_TEB-H_soil：MSE=39.2914；RMSE=6.11944；shape-MSE/RMSE=0.0390323/0.192874；model-norm MSE/RMSE=0.0001815/0.0131523；cos=0.982093；r=0.980484；W1raw=2.492339；W1norm=0.033318
  平均谱：MSE=9.15353；cos=0.996066；r=0.995701
  train分布参照：generated/train MSE=19.1531；held-out/train MSE=29.5199；ratio=0.6488
  多样性MSE：train=57.3686；generated=49.7352；ratio=0.8669；Pearson-distance ratio=0.8842
  峰形多样性：position-std ratio=0.8808；height-IQR ratio=0.9712；width-IQR ratio=1.0198；position frozen=0.000%
  负值：min=-19.365；<-40点=0.000000%；<-40光谱=0.000%
  training逐点包络外：lower点/光谱=0.000000%/0.000%；upper点/光谱=0.039258%/10.000%
  QQ拟合：raw R2=0.996904, RMSE=1.51435；model-normalized R2=0.996904, RMSE=0.00325474；training-standardized R2=0.993836, RMSE=0.170009
  QQ尾宽/oracle区间：lower=0.9511/[0.8994,1.2153]；upper=0.7859/[0.9044,1.1538]；overrun=False；underrun=True
  QQ四段比率[1-10,10-50,50-90,90-99]=[0.8762,1.0322,0.7911,0.7803]；尾部曲率RMSE(lower/upper)=0.0464/0.2584；oracle外分位点=29.70%
[102/126] DEL-S_TEB-H_water：MSE=46.6163；RMSE=6.67972；shape-MSE/RMSE=0.0423381/0.201501；model-norm MSE/RMSE=0.000215336/0.0143565；cos=0.980706；r=0.978831；W1raw=2.557363；W1norm=0.030495
  平均谱：MSE=12.8096；cos=0.994394；r=0.993841
  train分布参照：generated/train MSE=23.3706；held-out/train MSE=32.7199；ratio=0.7143
  多样性MSE：train=67.2656；generated=58.9029；ratio=0.8757；Pearson-distance ratio=0.8490
  峰形多样性：position-std ratio=0.8173；height-IQR ratio=0.8488；width-IQR ratio=0.9100；position frozen=0.000%
  负值：min=-20.677；<-40点=0.000000%；<-40光谱=0.000%
  training逐点包络外：lower点/光谱=0.000000%/0.000%；upper点/光谱=0.000000%/0.000%
  QQ拟合：raw R2=0.998963, RMSE=0.972712；model-normalized R2=0.998963, RMSE=0.00209061；training-standardized R2=0.989778, RMSE=0.160984
  QQ尾宽/oracle区间：lower=0.7615/[0.9025,1.0979]；upper=0.8594/[0.9016,1.1030]；overrun=False；underrun=True
  QQ四段比率[1-10,10-50,50-90,90-99]=[0.5875,0.9960,1.0159,0.7243]；尾部曲率RMSE(lower/upper)=0.3785/0.2982；oracle外分位点=45.54%
[103/126] DEL-S_TEB-M_CHL-H_soil：MSE=151.664；RMSE=12.0601；shape-MSE/RMSE=0.0462506/0.2123；model-norm MSE/RMSE=0.000700587/0.0259203；cos=0.980590；r=0.976875；W1raw=5.314922；W1norm=0.034271
  平均谱：MSE=33.2507；cos=0.993916；r=0.992869
  train分布参照：generated/train MSE=82.6821；held-out/train MSE=114.691；ratio=0.7209
  多样性MSE：train=161.888；generated=138.237；ratio=0.8539；Pearson-distance ratio=0.8725
  峰形多样性：position-std ratio=0.9525；height-IQR ratio=1.0873；width-IQR ratio=1.0024；position frozen=12.500%
  负值：min=-32.179；<-40点=0.000000%；<-40光谱=0.000%
  training逐点包络外：lower点/光谱=0.000000%/0.000%；upper点/光谱=0.005260%/10.000%
  QQ拟合：raw R2=0.999303, RMSE=1.39791；model-normalized R2=0.999303, RMSE=0.00300447；training-standardized R2=0.994841, RMSE=0.140783
  QQ尾宽/oracle区间：lower=0.7809/[0.9194,1.0680]；upper=0.8337/[0.8510,1.2366]；overrun=False；underrun=True
  QQ四段比率[1-10,10-50,50-90,90-99]=[0.6534,0.9267,0.9680,0.7141]；尾部曲率RMSE(lower/upper)=0.2623/0.1500；oracle外分位点=9.90%
[104/126] DEL-S_TEB-M_CHL-H_water：MSE=208.002；RMSE=14.2027；shape-MSE/RMSE=0.047322/0.214357；model-norm MSE/RMSE=0.000960831/0.0305253；cos=0.980152；r=0.976339；W1raw=5.605259；W1norm=0.034794
  平均谱：MSE=34.9084；cos=0.995661；r=0.994789
  train分布参照：generated/train MSE=87.8912；held-out/train MSE=153.458；ratio=0.5727
  多样性MSE：train=227.025；generated=201.93；ratio=0.8895；Pearson-distance ratio=0.7594
  峰形多样性：position-std ratio=0.7892；height-IQR ratio=0.9634；width-IQR ratio=0.7033；position frozen=10.000%
  负值：min=-49.597；<-40点=0.044713%；<-40光谱=10.000%
  training逐点包络外：lower点/光谱=0.015781%/10.000%；upper点/光谱=0.000000%/0.000%
  QQ拟合：raw R2=0.999013, RMSE=1.79103；model-normalized R2=0.999013, RMSE=0.00384939；training-standardized R2=0.994115, RMSE=0.195304
  QQ尾宽/oracle区间：lower=0.8165/[0.8688,1.1581]；upper=0.7265/[0.8258,1.2136]；overrun=False；underrun=True
  QQ四段比率[1-10,10-50,50-90,90-99]=[0.7369,0.8996,0.8705,0.6034]；尾部曲率RMSE(lower/upper)=0.1370/0.2864；oracle外分位点=9.90%
[105/126] DEL-S_TEB-M_CHL-M_soil：MSE=175.526；RMSE=13.0399；shape-MSE/RMSE=0.0650086/0.252985；model-norm MSE/RMSE=0.000810813/0.0280261；cos=0.972476；r=0.967496；W1raw=5.590506；W1norm=0.040759
  平均谱：MSE=33.0375；cos=0.992569；r=0.991149
  train分布参照：generated/train MSE=72.7569；held-out/train MSE=129.886；ratio=0.5602
  多样性MSE：train=184.173；generated=155.617；ratio=0.8449；Pearson-distance ratio=0.8571
  峰形多样性：position-std ratio=0.8678；height-IQR ratio=0.8764；width-IQR ratio=1.0465；position frozen=0.000%
  负值：min=-41.058；<-40点=0.013151%；<-40光谱=10.000%
  training逐点包络外：lower点/光谱=0.000000%/0.000%；upper点/光谱=0.000000%/0.000%
  QQ拟合：raw R2=0.999606, RMSE=0.848437；model-normalized R2=0.999606, RMSE=0.00182352；training-standardized R2=0.996156, RMSE=0.180612
  QQ尾宽/oracle区间：lower=0.7675/[0.9242,1.1330]；upper=0.7999/[0.9456,1.0962]；overrun=False；underrun=True
  QQ四段比率[1-10,10-50,50-90,90-99]=[0.6801,0.8569,0.9085,0.6936]；尾部曲率RMSE(lower/upper)=0.2350/0.1393；oracle外分位点=26.73%
[106/126] DEL-S_TEB-M_CHL-M_water：MSE=157.189；RMSE=12.3435；shape-MSE/RMSE=0.041051/0.199783；model-norm MSE/RMSE=0.000726107/0.0265294；cos=0.982914；r=0.979474；W1raw=5.954961；W1norm=0.039374
  平均谱：MSE=38.8581；cos=0.994942；r=0.993870
  train分布参照：generated/train MSE=101.858；held-out/train MSE=196.977；ratio=0.5171
  多样性MSE：train=236.158；generated=202.808；ratio=0.8588；Pearson-distance ratio=0.8327
  峰形多样性：position-std ratio=0.8584；height-IQR ratio=0.9785；width-IQR ratio=1.1380；position frozen=10.000%
  负值：min=-32.459；<-40点=0.000000%；<-40光谱=0.000%
  training逐点包络外：lower点/光谱=0.000000%/0.000%；upper点/光谱=0.007891%/5.000%
  QQ拟合：raw R2=0.998786, RMSE=2.18144；model-normalized R2=0.998786, RMSE=0.00468848；training-standardized R2=0.997207, RMSE=0.197096
  QQ尾宽/oracle区间：lower=0.7828/[0.9205,1.1096]；upper=0.8067/[0.8681,1.1777]；overrun=False；underrun=True
  QQ四段比率[1-10,10-50,50-90,90-99]=[0.7347,0.8290,0.8840,0.7292]；尾部曲率RMSE(lower/upper)=0.1905/0.0926；oracle外分位点=35.64%
[107/126] DEL-S_TEB-M_CHL-S_soil：MSE=205.699；RMSE=14.1009；shape-MSE/RMSE=0.0810386/0.281313；model-norm MSE/RMSE=0.000950193/0.0303066；cos=0.965295；r=0.959481；W1raw=6.035596；W1norm=0.046239
  平均谱：MSE=45.7793；cos=0.988803；r=0.986793
  train分布参照：generated/train MSE=67.8431；held-out/train MSE=185.871；ratio=0.3650
  多样性MSE：train=208.421；generated=181.345；ratio=0.8701；Pearson-distance ratio=0.9005
  峰形多样性：position-std ratio=0.8638；height-IQR ratio=0.9079；width-IQR ratio=1.1286；position frozen=10.000%
  负值：min=-44.873；<-40点=0.013151%；<-40光谱=5.000%
  training逐点包络外：lower点/光谱=0.021042%/10.000%；upper点/光谱=0.044713%/15.000%
  QQ拟合：raw R2=0.998754, RMSE=1.83062；model-normalized R2=0.998754, RMSE=0.00393447；training-standardized R2=0.987169, RMSE=0.264285
  QQ尾宽/oracle区间：lower=0.6531/[0.8995,1.1392]；upper=0.6398/[0.8993,1.0908]；overrun=False；underrun=True
  QQ四段比率[1-10,10-50,50-90,90-99]=[0.4967,0.8508,0.8394,0.4869]；尾部曲率RMSE(lower/upper)=0.2884/0.3728；oracle外分位点=30.69%
[108/126] DEL-S_TEB-M_CHL-S_water：MSE=187.483；RMSE=13.4164；shape-MSE/RMSE=0.0595034/0.238786；model-norm MSE/RMSE=0.000866048/0.0288354；cos=0.974664；r=0.970248；W1raw=6.262506；W1norm=0.044163
  平均谱：MSE=58.4615；cos=0.990658；r=0.989009
  train分布参照：generated/train MSE=112.535；held-out/train MSE=236.386；ratio=0.4761
  多样性MSE：train=230.998；generated=187.913；ratio=0.8135；Pearson-distance ratio=0.8416
  峰形多样性：position-std ratio=0.8773；height-IQR ratio=1.1447；width-IQR ratio=0.9201；position frozen=0.000%
  负值：min=-34.071；<-40点=0.000000%；<-40光谱=0.000%
  training逐点包络外：lower点/光谱=0.000000%/0.000%；upper点/光谱=0.031562%/5.000%
  QQ拟合：raw R2=0.996239, RMSE=3.11895；model-normalized R2=0.996239, RMSE=0.00670345；training-standardized R2=0.984845, RMSE=0.242393
  QQ尾宽/oracle区间：lower=0.7944/[0.9033,1.1010]；upper=0.6714/[0.8399,1.1718]；overrun=False；underrun=True
  QQ四段比率[1-10,10-50,50-90,90-99]=[0.6137,1.0464,0.8264,0.5459]；尾部曲率RMSE(lower/upper)=0.2111/0.4507；oracle外分位点=12.87%
[109/126] DEL-S_TEB-M_soil：MSE=31.1462；RMSE=5.46821；shape-MSE/RMSE=0.0314823/0.174318；model-norm MSE/RMSE=0.000143875/0.0117526；cos=0.985547；r=0.984259；W1raw=2.694666；W1norm=0.036176
  平均谱：MSE=20.3226；cos=0.989945；r=0.989014
  train分布参照：generated/train MSE=17.5304；held-out/train MSE=25.7341；ratio=0.6812
  多样性MSE：train=58.6869；generated=49.5057；ratio=0.8436；Pearson-distance ratio=0.8105
  峰形多样性：position-std ratio=1.0366；height-IQR ratio=0.9520；width-IQR ratio=0.9627；position frozen=0.000%
  负值：min=-22.917；<-40点=0.000000%；<-40光谱=0.000%
  training逐点包络外：lower点/光谱=0.000000%/0.000%；upper点/光谱=0.000000%/0.000%
  QQ拟合：raw R2=0.998991, RMSE=1.84947；model-normalized R2=0.998991, RMSE=0.00397499；training-standardized R2=0.981905, RMSE=0.193272
  QQ尾宽/oracle区间：lower=0.7133/[0.8827,1.1681]；upper=0.7435/[0.8964,1.1390]；overrun=False；underrun=True
  QQ四段比率[1-10,10-50,50-90,90-99]=[0.5416,0.9499,0.9860,0.5627]；尾部曲率RMSE(lower/upper)=0.5254/0.4215；oracle外分位点=12.87%
[110/126] DEL-S_TEB-M_water：MSE=28.1698；RMSE=5.20471；shape-MSE/RMSE=0.030522/0.170749；model-norm MSE/RMSE=0.000130126/0.0111863；cos=0.986076；r=0.984739；W1raw=2.018942；W1norm=0.025221
  平均谱：MSE=4.48018；cos=0.997733；r=0.997503
  train分布参照：generated/train MSE=17.7399；held-out/train MSE=25.6823；ratio=0.6907
  多样性MSE：train=49.3739；generated=42.4529；ratio=0.8598；Pearson-distance ratio=0.8710
  峰形多样性：position-std ratio=0.9161；height-IQR ratio=0.9650；width-IQR ratio=1.0134；position frozen=10.000%
  负值：min=-17.794；<-40点=0.000000%；<-40光谱=0.000%
  training逐点包络外：lower点/光谱=0.000000%/0.000%；upper点/光谱=0.007138%/5.000%
  QQ拟合：raw R2=0.999305, RMSE=1.06585；model-normalized R2=0.999305, RMSE=0.0022908；training-standardized R2=0.981997, RMSE=0.161317
  QQ尾宽/oracle区间：lower=0.8992/[0.9018,1.1310]；upper=0.9068/[0.8826,1.1329]；overrun=False；underrun=True
  QQ四段比率[1-10,10-50,50-90,90-99]=[0.7251,1.0950,1.3436,0.6189]；尾部曲率RMSE(lower/upper)=0.4861/0.3609；oracle外分位点=22.77%
[111/126] DEL-S_TEB-S_CHL-H_soil：MSE=160.054；RMSE=12.4513；shape-MSE/RMSE=0.0961701/0.305185；model-norm MSE/RMSE=0.000739342/0.026761；cos=0.957959；r=0.951915；W1raw=5.233359；W1norm=0.044021
  平均谱：MSE=23.3275；cos=0.994051；r=0.993019
  train分布参照：generated/train MSE=78.9473；held-out/train MSE=160.714；ratio=0.4912
  多样性MSE：train=204.583；generated=199.132；ratio=0.9734；Pearson-distance ratio=0.8743
  峰形多样性：position-std ratio=0.9367；height-IQR ratio=1.0378；width-IQR ratio=0.8919；position frozen=10.000%
  负值：min=-50.555；<-40点=0.036823%；<-40光谱=15.000%
  training逐点包络外：lower点/光谱=0.000000%/0.000%；upper点/光谱=0.000000%/0.000%
  QQ拟合：raw R2=0.998876, RMSE=2.96179；model-normalized R2=0.998876, RMSE=0.00636567；training-standardized R2=0.987923, RMSE=0.150543
  QQ尾宽/oracle区间：lower=0.9090/[0.9191,1.1795]；upper=0.7152/[0.8964,1.1478]；overrun=False；underrun=True
  QQ四段比率[1-10,10-50,50-90,90-99]=[0.8206,0.9966,0.8828,0.5748]；尾部曲率RMSE(lower/upper)=0.0684/0.4135；oracle外分位点=6.93%
[112/126] DEL-S_TEB-S_CHL-H_water：MSE=190.379；RMSE=13.5227；shape-MSE/RMSE=0.0850688/0.288745；model-norm MSE/RMSE=0.000879425/0.029064；cos=0.963863；r=0.957466；W1raw=5.909729；W1norm=0.051490
  平均谱：MSE=34.8634；cos=0.991885；r=0.990914
  train分布参照：generated/train MSE=122.337；held-out/train MSE=159.609；ratio=0.7665
  多样性MSE：train=259.97；generated=219.745；ratio=0.8453；Pearson-distance ratio=0.7901
  峰形多样性：position-std ratio=0.7731；height-IQR ratio=1.1034；width-IQR ratio=0.9243；position frozen=0.000%
  负值：min=-54.865；<-40点=0.044713%；<-40光谱=15.000%
  training逐点包络外：lower点/光谱=0.000000%/0.000%；upper点/光谱=0.000000%/0.000%
  QQ拟合：raw R2=0.998647, RMSE=3.1546；model-normalized R2=0.998647, RMSE=0.00678007；training-standardized R2=0.992744, RMSE=0.287141
  QQ尾宽/oracle区间：lower=0.9328/[0.9423,1.0821]；upper=0.7551/[0.8952,1.1423]；overrun=False；underrun=True
  QQ四段比率[1-10,10-50,50-90,90-99]=[0.8385,1.0343,0.8093,0.6991]；尾部曲率RMSE(lower/upper)=0.0575/0.2575；oracle外分位点=43.56%
[113/126] DEL-S_TEB-S_CHL-M_soil：MSE=170.044；RMSE=12.6751；shape-MSE/RMSE=0.134831/0.350594；model-norm MSE/RMSE=0.000785488/0.0272421；cos=0.941476；r=0.932584；W1raw=5.659406；W1norm=0.059506
  平均谱：MSE=41.1679；cos=0.991932；r=0.990515
  train分布参照：generated/train MSE=116.044；held-out/train MSE=137.673；ratio=0.8429
  多样性MSE：train=249.722；generated=211.967；ratio=0.8488；Pearson-distance ratio=0.8382
  峰形多样性：position-std ratio=0.8434；height-IQR ratio=0.8844；width-IQR ratio=1.0577；position frozen=10.000%
  负值：min=-27.872；<-40点=0.000000%；<-40光谱=0.000%
  training逐点包络外：lower点/光谱=0.000000%/0.000%；upper点/光谱=0.068385%/5.000%
  QQ拟合：raw R2=0.998866, RMSE=4.25221；model-normalized R2=0.998866, RMSE=0.00913912；training-standardized R2=0.997116, RMSE=0.18792
  QQ尾宽/oracle区间：lower=0.8566/[0.8990,1.1300]；upper=0.9392/[0.8486,1.2148]；overrun=False；underrun=True
  QQ四段比率[1-10,10-50,50-90,90-99]=[0.7377,0.9839,1.0208,0.8579]；尾部曲率RMSE(lower/upper)=0.1727/0.0630；oracle外分位点=69.31%
[114/126] DEL-S_TEB-S_CHL-M_water：MSE=249.334；RMSE=15.4865；shape-MSE/RMSE=0.0980791/0.306902；model-norm MSE/RMSE=0.00115176/0.0332846；cos=0.958274；r=0.950960；W1raw=6.098658；W1norm=0.056134
  平均谱：MSE=31.5964；cos=0.989757；r=0.987837
  train分布参照：generated/train MSE=140.557；held-out/train MSE=146.435；ratio=0.9599
  多样性MSE：train=218.447；generated=181.002；ratio=0.8286；Pearson-distance ratio=0.8642
  峰形多样性：position-std ratio=0.9400；height-IQR ratio=0.9099；width-IQR ratio=0.8518；position frozen=0.000%
  负值：min=-72.291；<-40点=0.071015%；<-40光谱=15.000%
  training逐点包络外：lower点/光谱=0.000000%/0.000%；upper点/光谱=0.000000%/0.000%
  QQ拟合：raw R2=0.998925, RMSE=1.24385；model-normalized R2=0.998925, RMSE=0.00267336；training-standardized R2=0.995188, RMSE=0.276626
  QQ尾宽/oracle区间：lower=0.6680/[0.8712,1.1271]；upper=0.7916/[0.9321,1.0817]；overrun=False；underrun=True
  QQ四段比率[1-10,10-50,50-90,90-99]=[0.5902,0.7614,0.8244,0.7567]；尾部曲率RMSE(lower/upper)=0.2595/0.0832；oracle外分位点=21.78%
[115/126] DEL-S_TEB-S_CHL-S_soil：MSE=235.91；RMSE=14.8014；shape-MSE/RMSE=0.242175/0.471228；model-norm MSE/RMSE=0.00108975/0.031812；cos=0.892080；r=0.878913；W1raw=7.231651；W1norm=0.084420
  平均谱：MSE=104.855；cos=0.970639；r=0.965324
  train分布参照：generated/train MSE=135.797；held-out/train MSE=148.675；ratio=0.9134
  多样性MSE：train=287.149；generated=241.91；ratio=0.8425；Pearson-distance ratio=0.7640
  峰形多样性：position-std ratio=1.1597；height-IQR ratio=0.8829；width-IQR ratio=0.9282；position frozen=0.000%
  负值：min=-35.327；<-40点=0.000000%；<-40光谱=0.000%
  training逐点包络外：lower点/光谱=0.010521%/10.000%；upper点/光谱=0.000000%/0.000%
  QQ拟合：raw R2=0.998139, RMSE=6.51285；model-normalized R2=0.998139, RMSE=0.0139978；training-standardized R2=0.993371, RMSE=0.27407
  QQ尾宽/oracle区间：lower=0.8512/[0.9136,1.1190]；upper=0.7130/[0.8972,1.1322]；overrun=False；underrun=True
  QQ四段比率[1-10,10-50,50-90,90-99]=[0.7601,0.9414,0.8425,0.5960]；尾部曲率RMSE(lower/upper)=0.1193/0.3167；oracle外分位点=55.45%
[116/126] DEL-S_TEB-S_CHL-S_water：MSE=193.759；RMSE=13.767；shape-MSE/RMSE=0.0917701/0.299921；model-norm MSE/RMSE=0.000895037/0.0295889；cos=0.961367；r=0.954115；W1raw=5.445057；W1norm=0.049934
  平均谱：MSE=26.3753；cos=0.992887；r=0.991358
  train分布参照：generated/train MSE=93.896；held-out/train MSE=188.394；ratio=0.4984
  多样性MSE：train=239.653；generated=206.89；ratio=0.8633；Pearson-distance ratio=0.8231
  峰形多样性：position-std ratio=0.8532；height-IQR ratio=0.9931；width-IQR ratio=0.7987；position frozen=10.000%
  负值：min=-46.353；<-40点=0.023672%；<-40光谱=10.000%
  training逐点包络外：lower点/光谱=0.018411%/5.000%；upper点/光谱=0.186744%/30.000%
  QQ拟合：raw R2=0.998969, RMSE=1.4312；model-normalized R2=0.998969, RMSE=0.00307603；training-standardized R2=0.986240, RMSE=0.142225
  QQ尾宽/oracle区间：lower=0.7164/[0.8900,1.1311]；upper=0.7782/[0.9224,1.0901]；overrun=False；underrun=True
  QQ四段比率[1-10,10-50,50-90,90-99]=[0.5284,0.9886,0.9107,0.6362]；尾部曲率RMSE(lower/upper)=0.3672/0.3514；oracle外分位点=5.94%
[117/126] DEL-S_TEB-S_soil：MSE=16.4125；RMSE=4.02471；shape-MSE/RMSE=0.0392817/0.197221；model-norm MSE/RMSE=7.58148e-05/0.00865017；cos=0.981902；r=0.980359；W1raw=1.402771；W1norm=0.028479
  平均谱：MSE=2.49298；cos=0.997078；r=0.996814
  train分布参照：generated/train MSE=9.66971；held-out/train MSE=14.3567；ratio=0.6735
  多样性MSE：train=27.5535；generated=23.3368；ratio=0.8470；Pearson-distance ratio=0.8296
  峰形多样性：position-std ratio=0.9108；height-IQR ratio=1.1431；width-IQR ratio=1.0737；position frozen=0.000%
  负值：min=-12.714；<-40点=0.000000%；<-40光谱=0.000%
  training逐点包络外：lower点/光谱=0.000000%/0.000%；upper点/光谱=0.000000%/0.000%
  QQ拟合：raw R2=0.999765, RMSE=0.524196；model-normalized R2=0.999765, RMSE=0.00112664；training-standardized R2=0.991014, RMSE=0.130789
  QQ尾宽/oracle区间：lower=0.8275/[0.9282,1.1087]；upper=0.7512/[0.8577,1.1283]；overrun=False；underrun=True
  QQ四段比率[1-10,10-50,50-90,90-99]=[0.6850,1.0002,0.9343,0.6152]；尾部曲率RMSE(lower/upper)=0.2324/0.3639；oracle外分位点=5.94%
[118/126] DEL-S_TEB-S_water：MSE=10.9674；RMSE=3.26906；shape-MSE/RMSE=0.0277818/0.164788；model-norm MSE/RMSE=5.06621e-05/0.00702608；cos=0.987445；r=0.986109；W1raw=1.251708；W1norm=0.024225
  平均谱：MSE=2.13279；cos=0.997409；r=0.997124
  train分布参照：generated/train MSE=6.9579；held-out/train MSE=9.27455；ratio=0.7502
  多样性MSE：train=22.0678；generated=18.17；ratio=0.8234；Pearson-distance ratio=0.8507
  峰形多样性：position-std ratio=0.7508；height-IQR ratio=0.8303；width-IQR ratio=1.2714；position frozen=0.000%
  负值：min=-9.986；<-40点=0.000000%；<-40光谱=0.000%
  training逐点包络外：lower点/光谱=0.000000%/0.000%；upper点/光谱=0.000000%/0.000%
  QQ拟合：raw R2=0.999669, RMSE=0.36802；model-normalized R2=0.999669, RMSE=0.000790977；training-standardized R2=0.978340, RMSE=0.153311
  QQ尾宽/oracle区间：lower=0.7751/[0.8339,1.2238]；upper=0.8879/[0.9134,1.1097]；overrun=False；underrun=True
  QQ四段比率[1-10,10-50,50-90,90-99]=[0.5530,1.1320,1.1203,0.7165]；尾部曲率RMSE(lower/upper)=0.5738/0.5159；oracle外分位点=26.73%
[119/126] DEL-S_soil：MSE=615.917；RMSE=22.9637；shape-MSE/RMSE=0.228286/0.419717；model-norm MSE/RMSE=0.00284513/0.049355；cos=0.906189；r=0.885857；W1raw=8.234344；W1norm=0.067056
  平均谱：MSE=133.702；cos=0.990139；r=0.988071
  train分布参照：generated/train MSE=186.325；held-out/train MSE=203.272；ratio=0.9166
  多样性MSE：train=633.442；generated=556.783；ratio=0.8790；Pearson-distance ratio=1.0902
  峰形多样性：position-std ratio=1.1571；height-IQR ratio=0.9938；width-IQR ratio=1.3322；position frozen=0.000%
  负值：min=-41.028；<-40点=0.010707%；<-40光谱=5.000%
  training逐点包络外：lower点/光谱=0.000000%/0.000%；upper点/光谱=0.024982%/10.000%
  QQ拟合：raw R2=0.995766, RMSE=8.14316；model-normalized R2=0.995766, RMSE=0.0175018；training-standardized R2=0.994591, RMSE=0.128362
  QQ尾宽/oracle区间：lower=0.7305/[0.9043,1.1466]；upper=0.8298/[0.8061,1.2661]；overrun=False；underrun=True
  QQ四段比率[1-10,10-50,50-90,90-99]=[0.5605,0.9303,0.9205,0.7325]；尾部曲率RMSE(lower/upper)=0.2310/0.1560；oracle外分位点=1.98%
[120/126] DEL-S_water：MSE=646.359；RMSE=23.5666；shape-MSE/RMSE=0.183164/0.400594；model-norm MSE/RMSE=0.00298575/0.0506507；cos=0.920528；r=0.908418；W1raw=7.918466；W1norm=0.056609
  平均谱：MSE=60.1504；cos=0.988202；r=0.986044
  train分布参照：generated/train MSE=403.828；held-out/train MSE=315.792；ratio=1.2788
  多样性MSE：train=1215.97；generated=973.616；ratio=0.8007；Pearson-distance ratio=0.8972
  峰形多样性：position-std ratio=0.7881；height-IQR ratio=1.1573；width-IQR ratio=1.1753；position frozen=40.000%
  负值：min=-137.240；<-40点=0.631692%；<-40光谱=40.000%
  training逐点包络外：lower点/光谱=0.171306%/20.000%；upper点/光谱=0.217702%/15.000%
  QQ拟合：raw R2=0.997764, RMSE=3.01006；model-normalized R2=0.997764, RMSE=0.0064694；training-standardized R2=0.994317, RMSE=0.134008
  QQ尾宽/oracle区间：lower=0.7597/[0.8801,1.2363]；upper=0.8249/[0.9007,1.1551]；overrun=False；underrun=True
  QQ四段比率[1-10,10-50,50-90,90-99]=[0.6109,0.9581,0.9355,0.7291]；尾部曲率RMSE(lower/upper)=0.2304/0.1327；oracle外分位点=3.96%
[121/126] TEB-H_soil：MSE=76.7593；RMSE=8.56399；shape-MSE/RMSE=0.00919558/0.0943275；model-norm MSE/RMSE=0.000354577/0.0184063；cos=0.995921；r=0.995402；W1raw=4.418857；W1norm=0.023896
  平均谱：MSE=45.7491；cos=0.998218；r=0.998030
  train分布参照：generated/train MSE=43.5408；held-out/train MSE=72.7135；ratio=0.5988
  多样性MSE：train=126.671；generated=112.169；ratio=0.8855；Pearson-distance ratio=0.7820
  峰形多样性：position-std ratio=0.8269；height-IQR ratio=1.1486；width-IQR ratio=0.7658；position frozen=12.500%
  负值：min=-40.882；<-40点=0.003569%；<-40光谱=5.000%
  training逐点包络外：lower点/光谱=0.000000%/0.000%；upper点/光谱=0.071378%/15.000%
  QQ拟合：raw R2=0.998812, RMSE=5.255；model-normalized R2=0.998812, RMSE=0.0112944；training-standardized R2=0.995428, RMSE=0.215099
  QQ尾宽/oracle区间：lower=0.7763/[0.9233,1.1019]；upper=0.8858/[0.8520,1.1294]；overrun=False；underrun=True
  QQ四段比率[1-10,10-50,50-90,90-99]=[0.6884,0.8645,0.9789,0.7909]；尾部曲率RMSE(lower/upper)=0.2515/0.0594；oracle外分位点=15.84%
[122/126] TEB-H_water：MSE=88.9936；RMSE=9.2537；shape-MSE/RMSE=0.0109125/0.10157；model-norm MSE/RMSE=0.000411091/0.0198886；cos=0.995105；r=0.994544；W1raw=3.762900；W1norm=0.021046
  平均谱：MSE=31.6704；cos=0.998114；r=0.997894
  train分布参照：generated/train MSE=39.0474；held-out/train MSE=62.3501；ratio=0.6263
  多样性MSE：train=131.554；generated=105.231；ratio=0.7999；Pearson-distance ratio=0.7725
  峰形多样性：position-std ratio=0.8925；height-IQR ratio=0.9565；width-IQR ratio=0.9899；position frozen=12.500%
  负值：min=-38.177；<-40点=0.000000%；<-40光谱=0.000%
  training逐点包络外：lower点/光谱=0.000000%/0.000%；upper点/光谱=0.000000%/0.000%
  QQ拟合：raw R2=0.999830, RMSE=2.11969；model-normalized R2=0.999830, RMSE=0.00455577；training-standardized R2=0.996110, RMSE=0.125336
  QQ尾宽/oracle区间：lower=0.8630/[0.8579,1.1491]；upper=0.8541/[0.8855,1.1311]；overrun=False；underrun=True
  QQ四段比率[1-10,10-50,50-90,90-99]=[0.7373,1.0011,0.9262,0.7810]；尾部曲率RMSE(lower/upper)=0.1974/0.2212；oracle外分位点=11.88%
[123/126] TEB-M_soil：MSE=116.347；RMSE=10.5924；shape-MSE/RMSE=0.0241568/0.154328；model-norm MSE/RMSE=0.000537447/0.0227659；cos=0.989334；r=0.987922；W1raw=3.750225；W1norm=0.028478
  平均谱：MSE=19.1789；cos=0.997575；r=0.997233
  train分布参照：generated/train MSE=37.018；held-out/train MSE=60.5251；ratio=0.6116
  多样性MSE：train=118.056；generated=97.3124；ratio=0.8243；Pearson-distance ratio=0.7964
  峰形多样性：position-std ratio=0.7970；height-IQR ratio=1.1996；width-IQR ratio=1.0723；position frozen=0.000%
  负值：min=-37.284；<-40点=0.000000%；<-40光谱=0.000%
  training逐点包络外：lower点/光谱=0.007138%/5.000%；upper点/光谱=0.014276%/5.000%
  QQ拟合：raw R2=0.999645, RMSE=1.66754；model-normalized R2=0.999645, RMSE=0.00358398；training-standardized R2=0.994307, RMSE=0.12663
  QQ尾宽/oracle区间：lower=0.9668/[0.9076,1.1125]；upper=0.7530/[0.8901,1.1098]；overrun=False；underrun=True
  QQ四段比率[1-10,10-50,50-90,90-99]=[0.9144,1.0117,0.8862,0.6167]；尾部曲率RMSE(lower/upper)=0.1061/0.2391；oracle外分位点=9.90%
[124/126] TEB-M_water：MSE=103.585；RMSE=9.71808；shape-MSE/RMSE=0.0274133/0.15937；model-norm MSE/RMSE=0.000478495/0.0208867；cos=0.987775；r=0.986293；W1raw=3.716196；W1norm=0.030366
  平均谱：MSE=24.2455；cos=0.997233；r=0.996876
  train分布参照：generated/train MSE=38.8766；held-out/train MSE=56.2292；ratio=0.6914
  多样性MSE：train=122.381；generated=102.476；ratio=0.8374；Pearson-distance ratio=0.8383
  峰形多样性：position-std ratio=0.7404；height-IQR ratio=0.9721；width-IQR ratio=0.9739；position frozen=11.111%
  负值：min=-25.420；<-40点=0.000000%；<-40光谱=0.000%
  training逐点包络外：lower点/光谱=0.000000%/0.000%；upper点/光谱=0.010707%/5.000%
  QQ拟合：raw R2=0.999500, RMSE=2.76301；model-normalized R2=0.999500, RMSE=0.00593844；training-standardized R2=0.996808, RMSE=0.0965974
  QQ尾宽/oracle区间：lower=0.9000/[0.9282,1.1066]；upper=0.9189/[0.8969,1.1143]；overrun=False；underrun=True
  QQ四段比率[1-10,10-50,50-90,90-99]=[0.7638,1.0455,1.0593,0.7780]；尾部曲率RMSE(lower/upper)=0.2069/0.1755；oracle外分位点=1.98%
[125/126] TEB-S_soil：MSE=90.3555；RMSE=9.23875；shape-MSE/RMSE=0.0747773/0.268367；model-norm MSE/RMSE=0.000417383/0.0198565；cos=0.967355；r=0.962611；W1raw=3.799911；W1norm=0.049811
  平均谱：MSE=25.7461；cos=0.986744；r=0.984820
  train分布参照：generated/train MSE=46.4981；held-out/train MSE=91.6042；ratio=0.5076
  多样性MSE：train=136.046；generated=116.848；ratio=0.8589；Pearson-distance ratio=0.7509
  峰形多样性：position-std ratio=0.8879；height-IQR ratio=1.0828；width-IQR ratio=0.9889；position frozen=10.000%
  负值：min=-28.820；<-40点=0.000000%；<-40光谱=0.000%
  training逐点包络外：lower点/光谱=0.000000%/0.000%；upper点/光谱=0.000000%/0.000%
  QQ拟合：raw R2=0.997495, RMSE=1.63053；model-normalized R2=0.997495, RMSE=0.00350444；training-standardized R2=0.991038, RMSE=0.13271
  QQ尾宽/oracle区间：lower=0.7317/[0.8440,1.1433]；upper=0.9619/[0.8616,1.1186]；overrun=False；underrun=True
  QQ四段比率[1-10,10-50,50-90,90-99]=[0.5623,0.9505,1.0177,0.9015]；尾部曲率RMSE(lower/upper)=0.3901/0.0594；oracle外分位点=4.95%
[126/126] TEB-S_water：MSE=133.447；RMSE=11.3435；shape-MSE/RMSE=0.132496/0.351432；model-norm MSE/RMSE=0.000616434/0.0243801；cos=0.941499；r=0.933752；W1raw=4.113439；W1norm=0.069375
  平均谱：MSE=42.6622；cos=0.992912；r=0.991788
  train分布参照：generated/train MSE=56.0394；held-out/train MSE=86.8239；ratio=0.6454
  多样性MSE：train=135.243；generated=106.132；ratio=0.7847；Pearson-distance ratio=0.8119
  峰形多样性：position-std ratio=0.8482；height-IQR ratio=0.8682；width-IQR ratio=0.7883；position frozen=0.000%
  负值：min=-27.881；<-40点=0.000000%；<-40光谱=0.000%
  training逐点包络外：lower点/光谱=0.010707%/5.000%；upper点/光谱=0.000000%/0.000%
  QQ拟合：raw R2=0.997931, RMSE=5.30311；model-normalized R2=0.997931, RMSE=0.0113978；training-standardized R2=0.994029, RMSE=0.169823
  QQ尾宽/oracle区间：lower=1.1027/[0.8961,1.1195]；upper=0.8948/[0.9224,1.1110]；overrun=False；underrun=True
  QQ四段比率[1-10,10-50,50-90,90-99]=[1.0419,1.1588,1.0011,0.7976]；尾部曲率RMSE(lower/upper)=0.1142/0.2581；oracle外分位点=25.74%
===== 评价完成 =====
逐条件指标：/home/wqzheng/project/outputs/experiments/d4_3_2_9_joint_qq_peakshift_diversity_smoke/metrics_all126/condition_metrics.csv
总体统计：/home/wqzheng/project/outputs/experiments/d4_3_2_9_joint_qq_peakshift_diversity_smoke/metrics_all126/overall_metric_summary.csv
QQ图：/home/wqzheng/project/outputs/experiments/d4_3_2_9_joint_qq_peakshift_diversity_smoke/metrics_all126/qq_plots
光谱分布图：/home/wqzheng/project/outputs/experiments/d4_3_2_9_joint_qq_peakshift_diversity_smoke/metrics_all126/spectral_distribution_plots
全条件总览图：/home/wqzheng/project/outputs/experiments/d4_3_2_9_joint_qq_peakshift_diversity_smoke/metrics_all126/quality_overview.png
QQ分层汇总：/home/wqzheng/project/outputs/experiments/d4_3_2_9_joint_qq_peakshift_diversity_smoke/metrics_all126/qq_stratified_summary.csv
全质量分层汇总：/home/wqzheng/project/outputs/experiments/d4_3_2_9_joint_qq_peakshift_diversity_smoke/metrics_all126/quality_stratified_summary.csv
峰形多样性明细：/home/wqzheng/project/outputs/experiments/d4_3_2_9_joint_qq_peakshift_diversity_smoke/metrics_all126/peak_morphology_details.csv
特征峰小提琴图：/home/wqzheng/project/outputs/experiments/d4_3_2_9_joint_qq_peakshift_diversity_smoke/metrics_all126/peak_violin_plots
报告：/home/wqzheng/project/outputs/experiments/d4_3_2_9_joint_qq_peakshift_diversity_smoke/metrics_all126/evaluation_report.txt
