===== D4条件生成核心指标评价 =====
checkpoint：/home/wqzheng/project/outputs/experiments/d4_3_2_11_full_spectrum_tail_guided_30min/checkpoints/best.pt
真实参考子集：validation
条件数：126
[1/126] CHL-H_TEB-H_soil：MSE=192.778；RMSE=13.5747；shape-MSE/RMSE=0.0346178/0.181773；model-norm MSE/RMSE=0.000890506/0.0291756；cos=0.984687；r=0.982691；W1raw=5.573139；W1norm=0.028532
  平均谱：MSE=40.2582；cos=0.996709；r=0.996299
  train分布参照：generated/train MSE=106.74；held-out/train MSE=134.325；ratio=0.7946
  多样性MSE：train=212.941；generated=179.69；ratio=0.8438；Pearson-distance ratio=0.8830
  峰形多样性：position-std ratio=0.8852；height-IQR ratio=0.9758；width-IQR ratio=1.4659；position frozen=0.000%
  负值：min=-46.251；<-40点=0.013677%；<-40光谱=9.000%
  training逐点包络外：lower点/光谱=0.006839%/8.000%；upper点/光谱=0.081010%/60.000%
  QQ拟合：raw R2=0.999133, RMSE=3.84998；model-normalized R2=0.999133, RMSE=0.00827463；training-standardized R2=0.971380, RMSE=0.407348
  QQ尾宽/oracle区间：lower=1.7629/[0.8578,1.1816]；upper=1.5893/[0.7882,1.2583]；overrun=True；underrun=False
  QQ四段比率[1-10,10-50,50-90,90-99]=[2.2480,1.2059,1.1351,1.9817]；尾部曲率RMSE(lower/upper)=0.7581/0.6727；oracle外分位点=20.79%
[2/126] CHL-H_TEB-H_water：MSE=349.664；RMSE=18.4053；shape-MSE/RMSE=0.0393973/0.195155；model-norm MSE/RMSE=0.00161522/0.0395578；cos=0.982306；r=0.980301；W1raw=7.614341；W1norm=0.030906
  平均谱：MSE=79.3584；cos=0.996185；r=0.995772
  train分布参照：generated/train MSE=169.353；held-out/train MSE=241.679；ratio=0.7007
  多样性MSE：train=458.098；generated=380.082；ratio=0.8297；Pearson-distance ratio=0.8128
  峰形多样性：position-std ratio=1.1427；height-IQR ratio=0.9765；width-IQR ratio=1.4060；position frozen=0.000%
  负值：min=-107.978；<-40点=0.970016%；<-40光谱=98.000%
  training逐点包络外：lower点/光谱=0.038401%/30.000%；upper点/光谱=0.137822%/77.000%
  QQ拟合：raw R2=0.998892, RMSE=5.13487；model-normalized R2=0.998892, RMSE=0.0110362；training-standardized R2=0.996853, RMSE=0.225833
  QQ尾宽/oracle区间：lower=1.2825/[0.8723,1.1593]；upper=1.2072/[0.8783,1.1748]；overrun=True；underrun=False
  QQ四段比率[1-10,10-50,50-90,90-99]=[1.4278,1.1410,1.2853,1.1421]；尾部曲率RMSE(lower/upper)=0.2044/0.1236；oracle外分位点=16.83%
[3/126] CHL-H_TEB-M_soil：MSE=199.795；RMSE=13.8344；shape-MSE/RMSE=0.0585187/0.239415；model-norm MSE/RMSE=0.000922921/0.0297339；cos=0.974292；r=0.970741；W1raw=6.305081；W1norm=0.037672
  平均谱：MSE=56.5225；cos=0.992790；r=0.991731
  train分布参照：generated/train MSE=101.865；held-out/train MSE=142.93；ratio=0.7127
  多样性MSE：train=264.393；generated=223.952；ratio=0.8470；Pearson-distance ratio=0.8095
  峰形多样性：position-std ratio=0.9509；height-IQR ratio=1.0739；width-IQR ratio=1.2968；position frozen=0.000%
  负值：min=-33.328；<-40点=0.000000%；<-40光谱=0.000%
  training逐点包络外：lower点/光谱=0.007365%/9.000%；upper点/光谱=0.009469%/16.000%
  QQ拟合：raw R2=0.999659, RMSE=3.38167；model-normalized R2=0.999659, RMSE=0.0072681；training-standardized R2=0.989527, RMSE=0.228071
  QQ尾宽/oracle区间：lower=1.4267/[0.8972,1.1512]；upper=1.3523/[0.9084,1.2067]；overrun=True；underrun=False
  QQ四段比率[1-10,10-50,50-90,90-99]=[1.7649,1.0735,1.0974,1.5928]；尾部曲率RMSE(lower/upper)=0.4409/0.3588；oracle外分位点=6.93%
[4/126] CHL-H_TEB-M_water：MSE=176.507；RMSE=13.0262；shape-MSE/RMSE=0.0531495/0.226116；model-norm MSE/RMSE=0.000815344/0.0279968；cos=0.976277；r=0.973425；W1raw=6.363499；W1norm=0.038159
  平均谱：MSE=60.6343；cos=0.992093；r=0.991041
  train分布参照：generated/train MSE=120.928；held-out/train MSE=129.064；ratio=0.9370
  多样性MSE：train=277.123；generated=235.804；ratio=0.8509；Pearson-distance ratio=0.7342
  峰形多样性：position-std ratio=1.1128；height-IQR ratio=0.9992；width-IQR ratio=1.1640；position frozen=0.000%
  负值：min=-62.084；<-40点=0.124671%；<-40光谱=47.000%
  training逐点包络外：lower点/光谱=0.022620%/12.000%；upper点/光谱=0.041557%/45.000%
  QQ拟合：raw R2=0.998068, RMSE=3.10554；model-normalized R2=0.998068, RMSE=0.00667464；training-standardized R2=0.998728, RMSE=0.126346
  QQ尾宽/oracle区间：lower=1.2294/[0.8946,1.1792]；upper=1.1034/[0.7987,1.2082]；overrun=True；underrun=False
  QQ四段比率[1-10,10-50,50-90,90-99]=[1.3668,1.0884,1.0963,1.1102]；尾部曲率RMSE(lower/upper)=0.1314/0.0213；oracle外分位点=17.82%
[5/126] CHL-H_TEB-S_soil：MSE=212.86；RMSE=14.256；shape-MSE/RMSE=0.0694105/0.260161；model-norm MSE/RMSE=0.000983271/0.0306398；cos=0.969231；r=0.965295；W1raw=6.793012；W1norm=0.041684
  平均谱：MSE=65.6505；cos=0.989204；r=0.987738
  train分布参照：generated/train MSE=114.704；held-out/train MSE=122.835；ratio=0.9338
  多样性MSE：train=294.869；generated=247.036；ratio=0.8378；Pearson-distance ratio=0.8789
  峰形多样性：position-std ratio=1.1671；height-IQR ratio=0.9522；width-IQR ratio=1.2107；position frozen=0.000%
  负值：min=-45.382；<-40点=0.014203%；<-40光谱=9.000%
  training逐点包络外：lower点/光谱=0.018411%/22.000%；upper点/光谱=0.165702%/91.000%
  QQ拟合：raw R2=0.998245, RMSE=3.24588；model-normalized R2=0.998245, RMSE=0.00697626；training-standardized R2=0.992188, RMSE=0.566184
  QQ尾宽/oracle区间：lower=1.9003/[0.8947,1.1217]；upper=1.6687/[0.8946,1.1284]；overrun=True；underrun=False
  QQ四段比率[1-10,10-50,50-90,90-99]=[2.2436,1.4802,1.4304,1.8714]；尾部曲率RMSE(lower/upper)=0.4635/0.1975；oracle外分位点=70.30%
[6/126] CHL-H_TEB-S_water：MSE=190.389；RMSE=13.3978；shape-MSE/RMSE=0.0547349/0.227507；model-norm MSE/RMSE=0.000879469/0.0287955；cos=0.975228；r=0.972633；W1raw=6.058974；W1norm=0.038152
  平均谱：MSE=53.4766；cos=0.994263；r=0.993767
  train分布参照：generated/train MSE=95.3299；held-out/train MSE=100.087；ratio=0.9525
  多样性MSE：train=217.753；generated=184.009；ratio=0.8450；Pearson-distance ratio=0.8533
  峰形多样性：position-std ratio=0.9619；height-IQR ratio=1.1570；width-IQR ratio=1.2252；position frozen=0.000%
  负值：min=-51.535；<-40点=0.071015%；<-40光谱=30.000%
  training逐点包络外：lower点/光谱=0.015781%/15.000%；upper点/光谱=0.024198%/16.000%
  QQ拟合：raw R2=0.998108, RMSE=4.1896；model-normalized R2=0.998108, RMSE=0.00900455；training-standardized R2=0.994576, RMSE=0.124075
  QQ尾宽/oracle区间：lower=0.9899/[0.9235,1.1143]；upper=1.2204/[0.8875,1.1087]；overrun=True；underrun=False
  QQ四段比率[1-10,10-50,50-90,90-99]=[0.9902,0.9895,1.2032,1.2362]；尾部曲率RMSE(lower/upper)=0.2664/0.1082；oracle外分位点=14.85%
[7/126] CHL-H_soil：MSE=414.674；RMSE=19.9916；shape-MSE/RMSE=0.0398362/0.195058；model-norm MSE/RMSE=0.00191552/0.0429672；cos=0.981967；r=0.980082；W1raw=9.030073；W1norm=0.037585
  平均谱：MSE=97.625；cos=0.995318；r=0.994802
  train分布参照：generated/train MSE=242.458；held-out/train MSE=312.885；ratio=0.7749
  多样性MSE：train=605.175；generated=499.816；ratio=0.8259；Pearson-distance ratio=0.9157
  峰形多样性：position-std ratio=1.1550；height-IQR ratio=0.9717；width-IQR ratio=1.3953；position frozen=0.000%
  负值：min=-78.022；<-40点=0.401368%；<-40光谱=92.000%
  training逐点包络外：lower点/光谱=0.141504%/77.000%；upper点/光谱=0.716991%/100.000%
  QQ拟合：raw R2=0.999551, RMSE=3.61577；model-normalized R2=0.999551, RMSE=0.00777125；training-standardized R2=0.996798, RMSE=0.269871
  QQ尾宽/oracle区间：lower=1.3605/[0.8658,1.1623]；upper=1.1339/[0.9124,1.1400]；overrun=True；underrun=False
  QQ四段比率[1-10,10-50,50-90,90-99]=[1.4755,1.2276,1.2175,1.0618]；尾部曲率RMSE(lower/upper)=0.1403/0.2217；oracle外分位点=46.53%
[8/126] CHL-H_water：MSE=396.803；RMSE=19.6978；shape-MSE/RMSE=0.0273845/0.163765；model-norm MSE/RMSE=0.00183297/0.0423357；cos=0.987322；r=0.986308；W1raw=8.476563；W1norm=0.028444
  平均谱：MSE=66.8316；cos=0.997994；r=0.997864
  train分布参照：generated/train MSE=227.483；held-out/train MSE=307.966；ratio=0.7387
  多样性MSE：train=587.892；generated=485.919；ratio=0.8265；Pearson-distance ratio=0.8868
  峰形多样性：position-std ratio=1.0568；height-IQR ratio=0.9172；width-IQR ratio=1.2063；position frozen=0.000%
  负值：min=-74.554；<-40点=0.311415%；<-40光谱=74.000%
  training逐点包络外：lower点/光谱=0.133088%/80.000%；upper点/光谱=0.813256%/100.000%
  QQ拟合：raw R2=0.999707, RMSE=4.36594；model-normalized R2=0.999707, RMSE=0.00938357；training-standardized R2=0.993389, RMSE=0.330074
  QQ尾宽/oracle区间：lower=1.4682/[0.8731,1.1686]；upper=1.0449/[0.8484,1.1852]；overrun=True；underrun=False
  QQ四段比率[1-10,10-50,50-90,90-99]=[1.6335,1.2990,1.3206,0.8598]；尾部曲率RMSE(lower/upper)=0.1285/0.3382；oracle外分位点=42.57%
[9/126] CHL-M_TEB-H_soil：MSE=110.019；RMSE=10.3707；shape-MSE/RMSE=0.0540702/0.229636；model-norm MSE/RMSE=0.000508216/0.0222894；cos=0.976162；r=0.972965；W1raw=5.388232；W1norm=0.041803
  平均谱：MSE=55.8492；cos=0.987008；r=0.985229
  train分布参照：generated/train MSE=46.523；held-out/train MSE=118.034；ratio=0.3941
  多样性MSE：train=118.924；generated=101.368；ratio=0.8524；Pearson-distance ratio=0.9292
  峰形多样性：position-std ratio=0.9208；height-IQR ratio=1.4194；width-IQR ratio=1.2244；position frozen=0.000%
  负值：min=-26.365；<-40点=0.000000%；<-40光谱=0.000%
  training逐点包络外：lower点/光谱=0.000526%/1.000%；upper点/光谱=0.001052%/2.000%
  QQ拟合：raw R2=0.998920, RMSE=1.53433；model-normalized R2=0.998920, RMSE=0.00329769；training-standardized R2=0.994555, RMSE=0.192533
  QQ尾宽/oracle区间：lower=1.1921/[0.9388,1.0766]；upper=1.2831/[0.9174,1.1371]；overrun=True；underrun=False
  QQ四段比率[1-10,10-50,50-90,90-99]=[1.2779,1.0683,1.0268,1.5003]；尾部曲率RMSE(lower/upper)=0.1796/0.3595；oracle外分位点=21.78%
[10/126] CHL-M_TEB-H_water：MSE=107.632；RMSE=10.2596；shape-MSE/RMSE=0.0495107/0.220338；model-norm MSE/RMSE=0.000497188/0.0220507；cos=0.978522；r=0.975245；W1raw=4.769248；W1norm=0.036121
  平均谱：MSE=28.3007；cos=0.993888；r=0.992910
  train分布参照：generated/train MSE=54.9114；held-out/train MSE=96.5628；ratio=0.5687
  多样性MSE：train=137.927；generated=117.68；ratio=0.8532；Pearson-distance ratio=0.8371
  峰形多样性：position-std ratio=1.0356；height-IQR ratio=0.9204；width-IQR ratio=1.1375；position frozen=0.000%
  负值：min=-36.906；<-40点=0.000000%；<-40光谱=0.000%
  training逐点包络外：lower点/光谱=0.009469%/7.000%；upper点/光谱=0.003682%/5.000%
  QQ拟合：raw R2=0.999478, RMSE=1.01625；model-normalized R2=0.999478, RMSE=0.00218419；training-standardized R2=0.999100, RMSE=0.0846579
  QQ尾宽/oracle区间：lower=1.0415/[0.9111,1.1213]；upper=1.0927/[0.8550,1.1800]；overrun=False；underrun=False
  QQ四段比率[1-10,10-50,50-90,90-99]=[1.0490,1.0329,1.1003,1.0862]；尾部曲率RMSE(lower/upper)=0.1140/0.0596；oracle外分位点=2.97%
[11/126] CHL-M_TEB-M_soil：MSE=125.96；RMSE=11.0973；shape-MSE/RMSE=0.0730191/0.267741；model-norm MSE/RMSE=0.000581853/0.023851；cos=0.967933；r=0.963490；W1raw=5.965939；W1norm=0.047708
  平均谱：MSE=77.0286；cos=0.980159；r=0.977102
  train分布参照：generated/train MSE=59.8825；held-out/train MSE=125.881；ratio=0.4757
  多样性MSE：train=140.756；generated=119.836；ratio=0.8514；Pearson-distance ratio=0.8623
  峰形多样性：position-std ratio=0.8632；height-IQR ratio=0.8953；width-IQR ratio=1.2805；position frozen=0.000%
  负值：min=-37.863；<-40点=0.000000%；<-40光谱=0.000%
  training逐点包络外：lower点/光谱=0.002630%/3.000%；upper点/光谱=0.028932%/14.000%
  QQ拟合：raw R2=0.996581, RMSE=3.11073；model-normalized R2=0.996581, RMSE=0.00668579；training-standardized R2=0.983636, RMSE=0.182898
  QQ尾宽/oracle区间：lower=1.3756/[0.8303,1.1630]；upper=1.1965/[0.7948,1.2293]；overrun=True；underrun=False
  QQ四段比率[1-10,10-50,50-90,90-99]=[1.7363,0.9707,0.8704,1.4802]；尾部曲率RMSE(lower/upper)=0.5585/0.3768；oracle外分位点=3.96%
[12/126] CHL-M_TEB-M_water：MSE=219.11；RMSE=14.3327；shape-MSE/RMSE=0.104614/0.317905；model-norm MSE/RMSE=0.00101214/0.0308048；cos=0.954456；r=0.947693；W1raw=6.447209；W1norm=0.047864
  平均谱：MSE=64.7748；cos=0.984886；r=0.982379
  train分布参照：generated/train MSE=90.1396；held-out/train MSE=106.19；ratio=0.8488
  多样性MSE：train=284.656；generated=239.016；ratio=0.8397；Pearson-distance ratio=0.9487
  峰形多样性：position-std ratio=0.9992；height-IQR ratio=1.1185；width-IQR ratio=1.1865；position frozen=0.000%
  负值：min=-46.730；<-40点=0.009995%；<-40光谱=5.000%
  training逐点包络外：lower点/光谱=0.013151%/12.000%；upper点/光谱=0.063125%/34.000%
  QQ拟合：raw R2=0.995241, RMSE=4.2095；model-normalized R2=0.995241, RMSE=0.00904734；training-standardized R2=0.995134, RMSE=0.182062
  QQ尾宽/oracle区间：lower=1.1665/[0.8554,1.1834]；upper=0.9808/[0.8702,1.1546]；overrun=False；underrun=False
  QQ四段比率[1-10,10-50,50-90,90-99]=[1.1620,1.1708,1.1698,0.8294]；尾部曲率RMSE(lower/upper)=0.0925/0.3271；oracle外分位点=22.77%
[13/126] CHL-M_TEB-S_soil：MSE=154.472；RMSE=11.9582；shape-MSE/RMSE=0.107571/0.321283；model-norm MSE/RMSE=0.000713559/0.0257014；cos=0.952207；r=0.946215；W1raw=5.004057；W1norm=0.047871
  平均谱：MSE=23.0693；cos=0.990055；r=0.988918
  train分布参照：generated/train MSE=89.3233；held-out/train MSE=64.4618；ratio=1.3857
  多样性MSE：train=205.812；generated=174.9；ratio=0.8498；Pearson-distance ratio=0.7705
  峰形多样性：position-std ratio=0.9671；height-IQR ratio=1.0863；width-IQR ratio=0.9823；position frozen=0.000%
  负值：min=-47.020；<-40点=0.004734%；<-40光谱=1.000%
  training逐点包络外：lower点/光谱=0.005786%/3.000%；upper点/光谱=0.003156%/3.000%
  QQ拟合：raw R2=0.999337, RMSE=2.14333；model-normalized R2=0.999337, RMSE=0.00460658；training-standardized R2=0.998056, RMSE=0.266878
  QQ尾宽/oracle区间：lower=1.3640/[0.8440,1.2797]；upper=1.2569/[0.8477,1.2384]；overrun=True；underrun=False
  QQ四段比率[1-10,10-50,50-90,90-99]=[1.4979,1.2132,1.3398,1.1938]；尾部曲率RMSE(lower/upper)=0.1434/0.1099；oracle外分位点=31.68%
[14/126] CHL-M_TEB-S_water：MSE=201.1；RMSE=13.8202；shape-MSE/RMSE=0.115664/0.327638；model-norm MSE/RMSE=0.000928947/0.0297033；cos=0.948168；r=0.942168；W1raw=6.158643；W1norm=0.055847
  平均谱：MSE=31.3112；cos=0.991245；r=0.989998
  train分布参照：generated/train MSE=157.415；held-out/train MSE=71.9217；ratio=2.1887
  多样性MSE：train=430.014；generated=353.833；ratio=0.8228；Pearson-distance ratio=1.0483
  峰形多样性：position-std ratio=1.1095；height-IQR ratio=0.9361；width-IQR ratio=1.3702；position frozen=0.000%
  负值：min=-68.385；<-40点=0.115729%；<-40光谱=31.000%
  training逐点包络外：lower点/光谱=0.113624%/50.000%；upper点/光谱=0.219884%/48.000%
  QQ拟合：raw R2=0.997673, RMSE=3.85953；model-normalized R2=0.997673, RMSE=0.00829514；training-standardized R2=0.996305, RMSE=0.348757
  QQ尾宽/oracle区间：lower=1.3623/[0.8629,1.1718]；upper=1.2209/[0.9164,1.1720]；overrun=True；underrun=False
  QQ四段比率[1-10,10-50,50-90,90-99]=[1.2196,1.5321,1.3193,1.1229]；尾部曲率RMSE(lower/upper)=0.1491/0.1798；oracle外分位点=62.38%
[15/126] CHL-M_soil：MSE=574.747；RMSE=23.4785；shape-MSE/RMSE=0.0670188/0.255427；model-norm MSE/RMSE=0.00265495/0.0504616；cos=0.969487；r=0.966491；W1raw=10.032119；W1norm=0.054809
  平均谱：MSE=304.282；cos=0.986427；r=0.985043
  train分布参照：generated/train MSE=190.596；held-out/train MSE=315.367；ratio=0.6044
  多样性MSE：train=433.746；generated=363.596；ratio=0.8383；Pearson-distance ratio=0.8362
  峰形多样性：position-std ratio=1.0680；height-IQR ratio=1.1478；width-IQR ratio=1.3256；position frozen=0.000%
  负值：min=-73.600；<-40点=0.587585%；<-40光谱=86.000%
  training逐点包络外：lower点/光谱=0.125197%/68.000%；upper点/光谱=0.862704%/100.000%
  QQ拟合：raw R2=0.997191, RMSE=10.3827；model-normalized R2=0.997191, RMSE=0.0223152；training-standardized R2=0.987598, RMSE=0.242475
  QQ尾宽/oracle区间：lower=1.4843/[0.9089,1.0876]；upper=1.2693/[0.9127,1.1063]；overrun=True；underrun=False
  QQ四段比率[1-10,10-50,50-90,90-99]=[1.9475,1.0446,1.0726,1.4664]；尾部曲率RMSE(lower/upper)=0.5575/0.3160；oracle外分位点=10.89%
[16/126] CHL-M_water：MSE=430.436；RMSE=20.4437；shape-MSE/RMSE=0.0403835/0.198835；model-norm MSE/RMSE=0.00198833/0.0439388；cos=0.981433；r=0.979808；W1raw=9.196292；W1norm=0.033831
  平均谱：MSE=105.314；cos=0.995433；r=0.995025
  train分布参照：generated/train MSE=245.539；held-out/train MSE=359.47；ratio=0.6831
  多样性MSE：train=617.756；generated=514.442；ratio=0.8328；Pearson-distance ratio=0.8503
  峰形多样性：position-std ratio=0.8721；height-IQR ratio=0.9732；width-IQR ratio=1.3603；position frozen=0.000%
  负值：min=-69.981；<-40点=0.621252%；<-40光谱=74.000%
  training逐点包络外：lower点/光谱=0.134140%/72.000%；upper点/光谱=1.143609%/100.000%
  QQ拟合：raw R2=0.999655, RMSE=4.04633；model-normalized R2=0.999655, RMSE=0.00869664；training-standardized R2=0.994793, RMSE=0.329422
  QQ尾宽/oracle区间：lower=1.5329/[0.8889,1.1807]；upper=1.2483/[0.8562,1.1354]；overrun=True；underrun=False
  QQ四段比率[1-10,10-50,50-90,90-99]=[1.7187,1.2973,1.1891,1.2972]；尾部曲率RMSE(lower/upper)=0.3533/0.0366；oracle外分位点=34.65%
[17/126] CHL-S_TEB-H_soil：MSE=153.078；RMSE=12.163；shape-MSE/RMSE=0.0818675/0.28106；model-norm MSE/RMSE=0.000707119/0.0261414；cos=0.963727；r=0.959066；W1raw=5.933158；W1norm=0.049396
  平均谱：MSE=53.585；cos=0.987376；r=0.985581
  train分布参照：generated/train MSE=77.3456；held-out/train MSE=106.761；ratio=0.7245
  多样性MSE：train=192.351；generated=162.535；ratio=0.8450；Pearson-distance ratio=0.8153
  峰形多样性：position-std ratio=0.9848；height-IQR ratio=0.9850；width-IQR ratio=1.0203；position frozen=0.000%
  负值：min=-42.804；<-40点=0.002104%；<-40光谱=2.000%
  training逐点包络外：lower点/光谱=0.003156%/6.000%；upper点/光谱=0.000000%/0.000%
  QQ拟合：raw R2=0.998724, RMSE=2.08049；model-normalized R2=0.998724, RMSE=0.00447152；training-standardized R2=0.992309, RMSE=0.286685
  QQ尾宽/oracle区间：lower=1.4267/[0.9386,1.0904]；upper=1.4600/[0.9036,1.1217]；overrun=True；underrun=False
  QQ四段比率[1-10,10-50,50-90,90-99]=[1.7308,1.1139,1.2747,1.6092]；尾部曲率RMSE(lower/upper)=0.2887/0.3722；oracle外分位点=39.60%
[18/126] CHL-S_TEB-H_water：MSE=205.474；RMSE=14.1543；shape-MSE/RMSE=0.115229/0.334862；model-norm MSE/RMSE=0.000949155/0.0304213；cos=0.947567；r=0.942385；W1raw=6.464413；W1norm=0.054470
  平均谱：MSE=51.5404；cos=0.986070；r=0.985237
  train分布参照：generated/train MSE=107.686；held-out/train MSE=133.213；ratio=0.8084
  多样性MSE：train=273.256；generated=229.873；ratio=0.8412；Pearson-distance ratio=0.8129
  峰形多样性：position-std ratio=0.9740；height-IQR ratio=0.9836；width-IQR ratio=1.0031；position frozen=0.000%
  负值：min=-58.513；<-40点=0.123619%；<-40光谱=27.000%
  training逐点包络外：lower点/光谱=0.021568%/20.000%；upper点/光谱=0.037875%/31.000%
  QQ拟合：raw R2=0.997163, RMSE=3.55839；model-normalized R2=0.997163, RMSE=0.00764792；training-standardized R2=0.997755, RMSE=0.273911
  QQ尾宽/oracle区间：lower=1.3027/[0.8938,1.1095]；upper=1.2218/[0.9052,1.1202]；overrun=True；underrun=False
  QQ四段比率[1-10,10-50,50-90,90-99]=[1.4575,1.1478,1.1496,1.2939]；尾部曲率RMSE(lower/upper)=0.1536/0.1045；oracle外分位点=48.51%
[19/126] CHL-S_TEB-M_soil：MSE=131.955；RMSE=11.3064；shape-MSE/RMSE=0.0779291/0.274577；model-norm MSE/RMSE=0.000609546/0.0243004；cos=0.965882；r=0.961035；W1raw=5.115362；W1norm=0.043651
  平均谱：MSE=42.7666；cos=0.988084；r=0.986293
  train分布参照：generated/train MSE=54.5585；held-out/train MSE=77.1032；ratio=0.7076
  多样性MSE：train=139.97；generated=119.311；ratio=0.8524；Pearson-distance ratio=0.8530
  峰形多样性：position-std ratio=0.9631；height-IQR ratio=0.9419；width-IQR ratio=1.0890；position frozen=11.111%
  负值：min=-26.668；<-40点=0.000000%；<-40光谱=0.000%
  training逐点包络外：lower点/光谱=0.001052%/2.000%；upper点/光谱=0.006839%/6.000%
  QQ拟合：raw R2=0.998152, RMSE=2.17424；model-normalized R2=0.998152, RMSE=0.00467302；training-standardized R2=0.987222, RMSE=0.343109
  QQ尾宽/oracle区间：lower=1.5226/[0.8356,1.1788]；upper=1.6210/[0.8887,1.1471]；overrun=True；underrun=False
  QQ四段比率[1-10,10-50,50-90,90-99]=[1.8738,1.1373,1.2203,2.0193]；尾部曲率RMSE(lower/upper)=0.3993/0.5087；oracle外分位点=49.50%
[20/126] CHL-S_TEB-M_water：MSE=123.266；RMSE=10.9124；shape-MSE/RMSE=0.0746226/0.268344；model-norm MSE/RMSE=0.000569406/0.0234536；cos=0.967452；r=0.962689；W1raw=5.429772；W1norm=0.048930
  平均谱：MSE=40.2476；cos=0.990521；r=0.989068
  train分布参照：generated/train MSE=68.3223；held-out/train MSE=99.0335；ratio=0.6899
  多样性MSE：train=184.764；generated=155.385；ratio=0.8410；Pearson-distance ratio=0.8310
  峰形多样性：position-std ratio=0.9846；height-IQR ratio=0.9633；width-IQR ratio=1.2608；position frozen=0.000%
  负值：min=-46.722；<-40点=0.002104%；<-40光谱=2.000%
  training逐点包络外：lower点/光谱=0.002630%/3.000%；upper点/光谱=0.029458%/15.000%
  QQ拟合：raw R2=0.998742, RMSE=2.66373；model-normalized R2=0.998742, RMSE=0.00572505；training-standardized R2=0.998558, RMSE=0.130863
  QQ尾宽/oracle区间：lower=1.1693/[0.8605,1.1499]；upper=1.0708/[0.8908,1.1397]；overrun=True；underrun=False
  QQ四段比率[1-10,10-50,50-90,90-99]=[1.2757,1.0663,1.1831,0.9897]；尾部曲率RMSE(lower/upper)=0.0671/0.0689；oracle外分位点=1.98%
[21/126] CHL-S_TEB-S_soil：MSE=101.403；RMSE=9.78978；shape-MSE/RMSE=0.110297/0.326911；model-norm MSE/RMSE=0.000468414/0.0210408；cos=0.950742；r=0.944852；W1raw=4.301948；W1norm=0.045872
  平均谱：MSE=22.6665；cos=0.989357；r=0.988062
  train分布参照：generated/train MSE=59.5368；held-out/train MSE=55.5337；ratio=1.0721
  多样性MSE：train=149.453；generated=127.013；ratio=0.8499；Pearson-distance ratio=0.8206
  峰形多样性：position-std ratio=1.0101；height-IQR ratio=1.0539；width-IQR ratio=1.1683；position frozen=0.000%
  负值：min=-47.006；<-40点=0.004734%；<-40光谱=2.000%
  training逐点包络外：lower点/光谱=0.045239%/11.000%；upper点/光谱=0.022620%/10.000%
  QQ拟合：raw R2=0.999038, RMSE=2.22769；model-normalized R2=0.999038, RMSE=0.00478789；training-standardized R2=0.992958, RMSE=0.357248
  QQ尾宽/oracle区间：lower=1.5735/[0.8915,1.1215]；upper=1.6634/[0.8590,1.1628]；overrun=True；underrun=False
  QQ四段比率[1-10,10-50,50-90,90-99]=[1.8334,1.2832,1.3018,2.0287]；尾部曲率RMSE(lower/upper)=0.2230/0.2942；oracle外分位点=49.50%
[22/126] CHL-S_TEB-S_water：MSE=100.385；RMSE=9.85112；shape-MSE/RMSE=0.117885/0.339147；model-norm MSE/RMSE=0.000463714/0.0211726；cos=0.948707；r=0.941057；W1raw=4.176157；W1norm=0.047983
  平均谱：MSE=17.53；cos=0.990217；r=0.988626
  train分布参照：generated/train MSE=57.4749；held-out/train MSE=61.0776；ratio=0.9410
  多样性MSE：train=119.051；generated=112.989；ratio=0.9491；Pearson-distance ratio=0.8141
  峰形多样性：position-std ratio=0.9947；height-IQR ratio=1.0897；width-IQR ratio=1.2744；position frozen=0.000%
  负值：min=-34.270；<-40点=0.000000%；<-40光谱=0.000%
  training逐点包络外：lower点/光谱=0.004734%/6.000%；upper点/光谱=0.001578%/2.000%
  QQ拟合：raw R2=0.998465, RMSE=1.52808；model-normalized R2=0.998465, RMSE=0.00328424；training-standardized R2=0.993184, RMSE=0.0922599
  QQ尾宽/oracle区间：lower=0.9735/[0.8669,1.1138]；upper=0.8381/[0.7816,1.2329]；overrun=False；underrun=False
  QQ四段比率[1-10,10-50,50-90,90-99]=[0.9662,0.9819,1.0904,0.6665]；尾部曲率RMSE(lower/upper)=0.2375/0.3472；oracle外分位点=0.00%
[23/126] CHL-S_soil：MSE=48.0076；RMSE=6.86707；shape-MSE/RMSE=0.0211597/0.144106；model-norm MSE/RMSE=0.000221763/0.0147592；cos=0.990244；r=0.989420；W1raw=3.239097；W1norm=0.026362
  平均谱：MSE=10.4292；cos=0.997908；r=0.997714
  train分布参照：generated/train MSE=31.5305；held-out/train MSE=35.88；ratio=0.8788
  多样性MSE：train=74.8947；generated=63.8247；ratio=0.8522；Pearson-distance ratio=0.8436
  峰形多样性：position-std ratio=1.0085；height-IQR ratio=1.0879；width-IQR ratio=1.1132；position frozen=0.000%
  负值：min=-31.073；<-40点=0.000000%；<-40光谱=0.000%
  training逐点包络外：lower点/光谱=0.004208%/4.000%；upper点/光谱=0.005260%/4.000%
  QQ拟合：raw R2=0.999392, RMSE=1.47328；model-normalized R2=0.999392, RMSE=0.00316647；training-standardized R2=0.992456, RMSE=0.408886
  QQ尾宽/oracle区间：lower=1.4859/[0.8598,1.1691]；upper=1.7259/[0.9223,1.1019]；overrun=True；underrun=False
  QQ四段比率[1-10,10-50,50-90,90-99]=[1.6364,1.2797,1.3505,2.0889]；尾部曲率RMSE(lower/upper)=0.2623/0.4230；oracle外分位点=52.48%
[24/126] CHL-S_water：MSE=88.3394；RMSE=9.26129；shape-MSE/RMSE=0.045619/0.211321；model-norm MSE/RMSE=0.00040807/0.019905；cos=0.979053；r=0.977191；W1raw=4.466399；W1norm=0.038587
  平均谱：MSE=32.562；cos=0.991825；r=0.991009
  train分布参照：generated/train MSE=41.4447；held-out/train MSE=51.3122；ratio=0.8077
  多样性MSE：train=115.52；generated=98.6107；ratio=0.8536；Pearson-distance ratio=0.8763
  峰形多样性：position-std ratio=0.8830；height-IQR ratio=0.8544；width-IQR ratio=1.1253；position frozen=0.000%
  负值：min=-43.689；<-40点=0.011573%；<-40光谱=5.000%
  training逐点包络外：lower点/光谱=0.001578%/2.000%；upper点/光谱=0.000000%/0.000%
  QQ拟合：raw R2=0.999301, RMSE=1.92641；model-normalized R2=0.999301, RMSE=0.00414037；training-standardized R2=0.996465, RMSE=0.11828
  QQ尾宽/oracle区间：lower=1.2734/[0.9430,1.1230]；upper=1.0190/[0.8826,1.1414]；overrun=True；underrun=False
  QQ四段比率[1-10,10-50,50-90,90-99]=[1.4808,1.0898,1.0876,0.9667]；尾部曲率RMSE(lower/upper)=0.1400/0.1921；oracle外分位点=1.98%
[25/126] DEL-H_CHL-H_soil：MSE=233.141；RMSE=14.9764；shape-MSE/RMSE=0.0388203/0.193246；model-norm MSE/RMSE=0.00107695/0.0321882；cos=0.982887；r=0.980590；W1raw=6.211325；W1norm=0.028750
  平均谱：MSE=27.3149；cos=0.997899；r=0.997593
  train分布参照：generated/train MSE=140.506；held-out/train MSE=166.001；ratio=0.8464
  多样性MSE：train=429.308；generated=362.571；ratio=0.8445；Pearson-distance ratio=0.8233
  峰形多样性：position-std ratio=1.0250；height-IQR ratio=1.1289；width-IQR ratio=1.1938；position frozen=0.000%
  负值：min=-61.401；<-40点=0.133088%；<-40光谱=32.000%
  training逐点包络外：lower点/光谱=0.023146%/27.000%；upper点/光谱=0.098369%/54.000%
  QQ拟合：raw R2=0.999422, RMSE=2.43041；model-normalized R2=0.999422, RMSE=0.00522359；training-standardized R2=0.997916, RMSE=0.354008
  QQ尾宽/oracle区间：lower=1.2312/[0.8637,1.1576]；upper=1.3038/[0.8955,1.1261]；overrun=True；underrun=False
  QQ四段比率[1-10,10-50,50-90,90-99]=[1.1260,1.4209,1.3723,1.2564]；尾部曲率RMSE(lower/upper)=0.2233/0.1450；oracle外分位点=66.34%
[26/126] DEL-H_CHL-H_water：MSE=301.83；RMSE=17.0269；shape-MSE/RMSE=0.045532/0.209154；model-norm MSE/RMSE=0.00139425/0.0365952；cos=0.980063；r=0.977234；W1raw=7.644512；W1norm=0.036596
  平均谱：MSE=79.684；cos=0.993471；r=0.992530
  train分布参照：generated/train MSE=157.184；held-out/train MSE=229.161；ratio=0.6859
  多样性MSE：train=409.016；generated=344.943；ratio=0.8434；Pearson-distance ratio=0.8139
  峰形多样性：position-std ratio=1.1498；height-IQR ratio=1.0910；width-IQR ratio=1.2189；position frozen=0.000%
  负值：min=-39.820；<-40点=0.000000%；<-40光谱=0.000%
  training逐点包络外：lower点/光谱=0.012099%/12.000%；upper点/光谱=0.078906%/54.000%
  QQ拟合：raw R2=0.999008, RMSE=3.12872；model-normalized R2=0.999008, RMSE=0.00672445；training-standardized R2=0.998021, RMSE=0.215486
  QQ尾宽/oracle区间：lower=1.2128/[0.8668,1.1359]；upper=1.2538/[0.8883,1.1178]；overrun=True；underrun=False
  QQ四段比率[1-10,10-50,50-90,90-99]=[1.2374,1.1779,1.1408,1.3528]；尾部曲率RMSE(lower/upper)=0.1764/0.1706；oracle外分位点=57.43%
[27/126] DEL-H_CHL-M_soil：MSE=227.371；RMSE=14.9208；shape-MSE/RMSE=0.0398316/0.198496；model-norm MSE/RMSE=0.0010503/0.0320687；cos=0.982368；r=0.980084；W1raw=6.127377；W1norm=0.031329
  平均谱：MSE=28.8837；cos=0.997307；r=0.996996
  train分布参照：generated/train MSE=119.774；held-out/train MSE=152.307；ratio=0.7864
  多样性MSE：train=320.599；generated=267.442；ratio=0.8342；Pearson-distance ratio=0.8597
  峰形多样性：position-std ratio=1.1612；height-IQR ratio=1.0986；width-IQR ratio=1.6016；position frozen=0.000%
  负值：min=-50.241；<-40点=0.043661%；<-40光谱=21.000%
  training逐点包络外：lower点/光谱=0.029984%/22.000%；upper点/光谱=0.360337%/100.000%
  QQ拟合：raw R2=0.999176, RMSE=2.46244；model-normalized R2=0.999176, RMSE=0.00529243；training-standardized R2=0.983661, RMSE=0.517837
  QQ尾宽/oracle区间：lower=1.8129/[0.9312,1.0817]；upper=1.5321/[0.8727,1.1249]；overrun=True；underrun=False
  QQ四段比率[1-10,10-50,50-90,90-99]=[2.0924,1.4183,1.2292,1.7837]；尾部曲率RMSE(lower/upper)=0.8066/0.4595；oracle外分位点=50.50%
[28/126] DEL-H_CHL-M_water：MSE=366.134；RMSE=18.809；shape-MSE/RMSE=0.0483269/0.215776；model-norm MSE/RMSE=0.0016913/0.0404256；cos=0.978668；r=0.975837；W1raw=7.027113；W1norm=0.038002
  平均谱：MSE=82.8971；cos=0.994639；r=0.993866
  train分布参照：generated/train MSE=111.015；held-out/train MSE=334.869；ratio=0.3315
  多样性MSE：train=262.946；generated=222.101；ratio=0.8447；Pearson-distance ratio=0.8991
  峰形多样性：position-std ratio=1.1252；height-IQR ratio=0.9493；width-IQR ratio=1.3141；position frozen=0.000%
  负值：min=-46.088；<-40点=0.007365%；<-40光谱=5.000%
  training逐点包络外：lower点/光谱=0.020516%/19.000%；upper点/光谱=0.395581%/100.000%
  QQ拟合：raw R2=0.998171, RMSE=6.50142；model-normalized R2=0.998171, RMSE=0.0139733；training-standardized R2=0.981342, RMSE=0.431572
  QQ尾宽/oracle区间：lower=1.7345/[0.8853,1.1125]；upper=1.4566/[0.9133,1.1298]；overrun=True；underrun=False
  QQ四段比率[1-10,10-50,50-90,90-99]=[2.0446,1.3110,1.0787,1.8304]；尾部曲率RMSE(lower/upper)=0.7979/0.3805；oracle外分位点=27.72%
[29/126] DEL-H_CHL-S_soil：MSE=357.359；RMSE=18.504；shape-MSE/RMSE=0.0561566/0.232852；model-norm MSE/RMSE=0.00165076/0.03977；cos=0.974943；r=0.971922；W1raw=6.589023；W1norm=0.039653
  平均谱：MSE=46.5616；cos=0.994573；r=0.993821
  train分布参照：generated/train MSE=126.199；held-out/train MSE=245.658；ratio=0.5137
  多样性MSE：train=337.225；generated=285.242；ratio=0.8459；Pearson-distance ratio=0.8122
  峰形多样性：position-std ratio=1.0145；height-IQR ratio=1.0026；width-IQR ratio=1.2592；position frozen=0.000%
  负值：min=-59.863；<-40点=0.100999%；<-40光谱=26.000%
  training逐点包络外：lower点/光谱=0.012099%/15.000%；upper点/光谱=0.038401%/40.000%
  QQ拟合：raw R2=0.998830, RMSE=2.93373；model-normalized R2=0.998830, RMSE=0.00630536；training-standardized R2=0.996906, RMSE=0.21692
  QQ尾宽/oracle区间：lower=1.3448/[0.8804,1.1377]；upper=1.1695/[0.9260,1.1101]；overrun=True；underrun=False
  QQ四段比率[1-10,10-50,50-90,90-99]=[1.5342,1.1330,1.1805,1.1615]；尾部曲率RMSE(lower/upper)=0.1929/0.0942；oracle外分位点=22.77%
[30/126] DEL-H_CHL-S_water：MSE=208.628；RMSE=14.1743；shape-MSE/RMSE=0.0515833/0.223994；model-norm MSE/RMSE=0.000963722/0.0304644；cos=0.977298；r=0.974208；W1raw=6.306109；W1norm=0.038103
  平均谱：MSE=42.885；cos=0.995115；r=0.994430
  train分布参照：generated/train MSE=111.066；held-out/train MSE=186.728；ratio=0.5948
  多样性MSE：train=285.607；generated=242.623；ratio=0.8495；Pearson-distance ratio=0.8747
  峰形多样性：position-std ratio=1.0667；height-IQR ratio=1.0167；width-IQR ratio=1.2319；position frozen=0.000%
  负值：min=-43.799；<-40点=0.002630%；<-40光谱=2.000%
  training逐点包络外：lower点/光谱=0.013151%/13.000%；upper点/光谱=0.035771%/36.000%
  QQ拟合：raw R2=0.998516, RMSE=3.68768；model-normalized R2=0.998516, RMSE=0.0079258；training-standardized R2=0.995412, RMSE=0.224804
  QQ尾宽/oracle区间：lower=1.4167/[0.8977,1.1083]；upper=1.2280/[0.8984,1.1255]；overrun=True；underrun=False
  QQ四段比率[1-10,10-50,50-90,90-99]=[1.6796,1.1291,1.1215,1.3121]；尾部曲率RMSE(lower/upper)=0.2528/0.0985；oracle外分位点=27.72%
[31/126] DEL-H_TEB-H_CHL-H_soil：MSE=201.116；RMSE=13.6554；shape-MSE/RMSE=0.0140867/0.117339；model-norm MSE/RMSE=0.000929023/0.0293491；cos=0.993962；r=0.992957；W1raw=5.494526；W1norm=0.019951
  平均谱：MSE=25.597；cos=0.999025；r=0.998875
  train分布参照：generated/train MSE=158.908；held-out/train MSE=124.676；ratio=1.2746
  多样性MSE：train=291.451；generated=247.948；ratio=0.8507；Pearson-distance ratio=0.9096
  峰形多样性：position-std ratio=1.0415；height-IQR ratio=1.0958；width-IQR ratio=1.5240；position frozen=0.000%
  负值：min=-39.563；<-40点=0.000000%；<-40光谱=0.000%
  training逐点包络外：lower点/光谱=0.012625%/14.000%；upper点/光谱=0.005260%/5.000%
  QQ拟合：raw R2=0.999792, RMSE=2.29748；model-normalized R2=0.999792, RMSE=0.00493789；training-standardized R2=0.995591, RMSE=0.272531
  QQ尾宽/oracle区间：lower=1.5541/[0.8913,1.1788]；upper=1.3629/[0.8399,1.1738]；overrun=True；underrun=False
  QQ四段比率[1-10,10-50,50-90,90-99]=[1.9491,1.2391,1.2428,1.4851]；尾部曲率RMSE(lower/upper)=0.2613/0.0991；oracle外分位点=13.86%
[32/126] DEL-H_TEB-H_CHL-H_water：MSE=181.431；RMSE=13.296；shape-MSE/RMSE=0.0135623/0.115212；model-norm MSE/RMSE=0.000838091/0.0285766；cos=0.994448；r=0.993219；W1raw=5.758977；W1norm=0.019980
  平均谱：MSE=26.031；cos=0.999053；r=0.998844
  train分布参照：generated/train MSE=129.807；held-out/train MSE=198.996；ratio=0.6523
  多样性MSE：train=261.045；generated=221.955；ratio=0.8503；Pearson-distance ratio=0.7999
  峰形多样性：position-std ratio=1.0232；height-IQR ratio=1.2782；width-IQR ratio=1.1857；position frozen=0.000%
  负值：min=-45.487；<-40点=0.008417%；<-40光谱=5.000%
  training逐点包络外：lower点/光谱=0.002630%/4.000%；upper点/光谱=0.017359%/14.000%
  QQ拟合：raw R2=0.999729, RMSE=1.76518；model-normalized R2=0.999729, RMSE=0.00379384；training-standardized R2=0.998816, RMSE=0.113772
  QQ尾宽/oracle区间：lower=1.0774/[0.8793,1.1484]；upper=1.0927/[0.8514,1.1885]；overrun=False；underrun=False
  QQ四段比率[1-10,10-50,50-90,90-99]=[1.1329,1.0176,1.1422,1.0515]；尾部曲率RMSE(lower/upper)=0.0764/0.0579；oracle外分位点=0.00%
[33/126] DEL-H_TEB-H_CHL-M_soil：MSE=433.67；RMSE=19.6207；shape-MSE/RMSE=0.0168866/0.128166；model-norm MSE/RMSE=0.00200327/0.04217；cos=0.992852；r=0.991557；W1raw=6.608110；W1norm=0.023898
  平均谱：MSE=41.0922；cos=0.998362；r=0.998061
  train分布参照：generated/train MSE=184.748；held-out/train MSE=395.736；ratio=0.4668
  多样性MSE：train=346.835；generated=292.696；ratio=0.8439；Pearson-distance ratio=0.9727
  峰形多样性：position-std ratio=1.0508；height-IQR ratio=1.1049；width-IQR ratio=1.3956；position frozen=0.000%
  负值：min=-53.012；<-40点=0.017359%；<-40光谱=12.000%
  training逐点包络外：lower点/光谱=0.009995%/14.000%；upper点/光谱=0.028406%/24.000%
  QQ拟合：raw R2=0.999728, RMSE=3.85506；model-normalized R2=0.999728, RMSE=0.00828556；training-standardized R2=0.994261, RMSE=0.269806
  QQ尾宽/oracle区间：lower=1.4657/[0.7921,1.2080]；upper=1.4796/[0.7502,1.2564]；overrun=True；underrun=False
  QQ四段比率[1-10,10-50,50-90,90-99]=[1.7913,1.1844,1.2260,1.7757]；尾部曲率RMSE(lower/upper)=0.2397/0.2228；oracle外分位点=15.84%
[34/126] DEL-H_TEB-H_CHL-M_water：MSE=292.564；RMSE=16.8975；shape-MSE/RMSE=0.0152125/0.12222；model-norm MSE/RMSE=0.00135145/0.0363171；cos=0.993697；r=0.992394；W1raw=7.547634；W1norm=0.027238
  平均谱：MSE=96.8007；cos=0.996958；r=0.996373
  train分布参照：generated/train MSE=107.147；held-out/train MSE=269.722；ratio=0.3972
  多样性MSE：train=231.158；generated=198.04；ratio=0.8567；Pearson-distance ratio=0.8484
  峰形多样性：position-std ratio=0.9663；height-IQR ratio=1.2221；width-IQR ratio=1.3240；position frozen=0.000%
  负值：min=-46.285；<-40点=0.010521%；<-40光谱=5.000%
  training逐点包络外：lower点/光谱=0.000526%/1.000%；upper点/光谱=0.001052%/2.000%
  QQ拟合：raw R2=0.998989, RMSE=4.72393；model-normalized R2=0.998989, RMSE=0.010153；training-standardized R2=0.996920, RMSE=0.198635
  QQ尾宽/oracle区间：lower=0.8186/[0.9182,1.0822]；upper=1.0289/[0.9404,1.0718]；overrun=False；underrun=True
  QQ四段比率[1-10,10-50,50-90,90-99]=[0.8199,0.8169,0.8807,1.1922]；尾部曲率RMSE(lower/upper)=0.1008/0.1714；oracle外分位点=30.69%
[35/126] DEL-H_TEB-H_CHL-S_soil：MSE=366.778；RMSE=17.6612；shape-MSE/RMSE=0.0134507/0.11471；model-norm MSE/RMSE=0.00169427/0.0379585；cos=0.994149；r=0.993275；W1raw=5.821805；W1norm=0.020968
  平均谱：MSE=30.3276；cos=0.998395；r=0.998166
  train分布参照：generated/train MSE=158.249；held-out/train MSE=265.611；ratio=0.5958
  多样性MSE：train=265.277；generated=227.273；ratio=0.8567；Pearson-distance ratio=0.7942
  峰形多样性：position-std ratio=0.9993；height-IQR ratio=1.2025；width-IQR ratio=1.1279；position frozen=0.000%
  负值：min=-46.883；<-40点=0.013677%；<-40光谱=9.000%
  training逐点包络外：lower点/光谱=0.006839%/7.000%；upper点/光谱=0.002630%/3.000%
  QQ拟合：raw R2=0.999384, RMSE=2.46201；model-normalized R2=0.999384, RMSE=0.0052915；training-standardized R2=0.993399, RMSE=0.166213
  QQ尾宽/oracle区间：lower=1.2103/[0.9266,1.0822]；upper=1.1499/[0.9143,1.1315]；overrun=True；underrun=False
  QQ四段比率[1-10,10-50,50-90,90-99]=[1.2199,1.1981,0.9592,1.3651]；尾部曲率RMSE(lower/upper)=0.1463/0.2347；oracle外分位点=1.98%
[36/126] DEL-H_TEB-H_CHL-S_water：MSE=251.406；RMSE=15.3239；shape-MSE/RMSE=0.0139951/0.11715；model-norm MSE/RMSE=0.00116133/0.0329352；cos=0.994184；r=0.993002；W1raw=5.841804；W1norm=0.021320
  平均谱：MSE=35.4125；cos=0.998865；r=0.998649
  train分布参照：generated/train MSE=182.272；held-out/train MSE=224.098；ratio=0.8134
  多样性MSE：train=295.71；generated=266.823；ratio=0.9023；Pearson-distance ratio=0.7486
  峰形多样性：position-std ratio=0.8851；height-IQR ratio=1.1971；width-IQR ratio=1.2450；position frozen=0.000%
  负值：min=-48.802；<-40点=0.022620%；<-40光谱=12.000%
  training逐点包络外：lower点/光谱=0.001052%/1.000%；upper点/光谱=0.013151%/11.000%
  QQ拟合：raw R2=0.999620, RMSE=3.05694；model-normalized R2=0.999620, RMSE=0.00657017；training-standardized R2=0.998172, RMSE=0.0843518
  QQ尾宽/oracle区间：lower=1.0615/[0.8744,1.1473]；upper=0.9970/[0.8395,1.2173]；overrun=False；underrun=False
  QQ四段比率[1-10,10-50,50-90,90-99]=[1.1346,0.9980,1.1344,0.8796]；尾部曲率RMSE(lower/upper)=0.1054/0.0969；oracle外分位点=0.00%
[37/126] DEL-H_TEB-H_soil：MSE=43.537；RMSE=6.50806；shape-MSE/RMSE=0.0317623/0.175677；model-norm MSE/RMSE=0.000201112/0.0139875；cos=0.985311；r=0.984119；W1raw=2.563672；W1norm=0.030618
  平均谱：MSE=6.54446；cos=0.998251；r=0.998102
  train分布参照：generated/train MSE=21.8719；held-out/train MSE=38.1245；ratio=0.5737
  多样性MSE：train=68.462；generated=58.5524；ratio=0.8553；Pearson-distance ratio=0.8193
  峰形多样性：position-std ratio=0.9625；height-IQR ratio=1.3062；width-IQR ratio=0.9434；position frozen=0.000%
  负值：min=-29.660；<-40点=0.000000%；<-40光谱=0.000%
  training逐点包络外：lower点/光谱=0.000000%/0.000%；upper点/光谱=0.000714%/1.000%
  QQ拟合：raw R2=0.998630, RMSE=1.77396；model-normalized R2=0.998630, RMSE=0.0038127；training-standardized R2=0.985117, RMSE=0.465541
  QQ尾宽/oracle区间：lower=1.8117/[0.8910,1.1450]；upper=1.3866/[0.8797,1.1474]；overrun=True；underrun=False
  QQ四段比率[1-10,10-50,50-90,90-99]=[2.4151,1.2141,1.2297,1.4921]；尾部曲率RMSE(lower/upper)=0.7724/0.3117；oracle外分位点=57.43%
[38/126] DEL-H_TEB-H_water：MSE=36.0809；RMSE=5.92343；shape-MSE/RMSE=0.025703/0.158232；model-norm MSE/RMSE=0.00016667/0.012731；cos=0.988184；r=0.987149；W1raw=2.625010；W1norm=0.029364
  平均谱：MSE=13.6067；cos=0.995411；r=0.994994
  train分布参照：generated/train MSE=17.3635；held-out/train MSE=27.336；ratio=0.6352
  多样性MSE：train=45.1112；generated=38.6246；ratio=0.8562；Pearson-distance ratio=0.8603
  峰形多样性：position-std ratio=0.8360；height-IQR ratio=0.9963；width-IQR ratio=1.1315；position frozen=0.000%
  负值：min=-24.654；<-40点=0.000000%；<-40光谱=0.000%
  training逐点包络外：lower点/光谱=0.000000%/0.000%；upper点/光谱=0.000000%/0.000%
  QQ拟合：raw R2=0.998485, RMSE=1.69818；model-normalized R2=0.998485, RMSE=0.00364984；training-standardized R2=0.984191, RMSE=0.604298
  QQ尾宽/oracle区间：lower=1.9275/[0.8714,1.1967]；upper=1.7780/[0.9069,1.1345]；overrun=True；underrun=False
  QQ四段比率[1-10,10-50,50-90,90-99]=[2.2980,1.4588,1.3143,2.1777]；尾部曲率RMSE(lower/upper)=0.7755/0.5372；oracle外分位点=72.28%
[39/126] DEL-H_TEB-M_CHL-H_soil：MSE=179.751；RMSE=13.1795；shape-MSE/RMSE=0.0234119/0.151391；model-norm MSE/RMSE=0.00083033/0.0283263；cos=0.990074；r=0.988294；W1raw=5.276282；W1norm=0.024101
  平均谱：MSE=23.2993；cos=0.997958；r=0.997596
  train分布参照：generated/train MSE=79.6058；held-out/train MSE=152.289；ratio=0.5227
  多样性MSE：train=175.832；generated=149.159；ratio=0.8483；Pearson-distance ratio=0.8500
  峰形多样性：position-std ratio=1.1860；height-IQR ratio=1.0541；width-IQR ratio=1.1603；position frozen=0.000%
  负值：min=-37.193；<-40点=0.000000%；<-40光谱=0.000%
  training逐点包络外：lower点/光谱=0.011047%/14.000%；upper点/光谱=0.014203%/21.000%
  QQ拟合：raw R2=0.999689, RMSE=1.48567；model-normalized R2=0.999689, RMSE=0.0031931；training-standardized R2=0.992031, RMSE=0.217933
  QQ尾宽/oracle区间：lower=1.2241/[0.9267,1.0938]；upper=1.4214/[0.9169,1.1096]；overrun=True；underrun=False
  QQ四段比率[1-10,10-50,50-90,90-99]=[1.3882,1.0262,1.1088,1.7365]；尾部曲率RMSE(lower/upper)=0.1696/0.3795；oracle外分位点=9.90%
[40/126] DEL-H_TEB-M_CHL-H_water：MSE=278.678；RMSE=16.4692；shape-MSE/RMSE=0.0199114/0.140058；model-norm MSE/RMSE=0.00128731/0.0353967；cos=0.991925；r=0.990044；W1raw=6.602474；W1norm=0.028091
  平均谱：MSE=61.47；cos=0.997567；r=0.996985
  train分布参照：generated/train MSE=88.4155；held-out/train MSE=179.247；ratio=0.4933
  多样性MSE：train=220.626；generated=187.1；ratio=0.8480；Pearson-distance ratio=0.8834
  峰形多样性：position-std ratio=1.0518；height-IQR ratio=1.1065；width-IQR ratio=1.3637；position frozen=0.000%
  负值：min=-31.915；<-40点=0.000000%；<-40光谱=0.000%
  training逐点包络外：lower点/光谱=0.003682%/4.000%；upper点/光谱=0.058916%/35.000%
  QQ拟合：raw R2=0.999858, RMSE=3.79411；model-normalized R2=0.999858, RMSE=0.00815455；training-standardized R2=0.994500, RMSE=0.205242
  QQ尾宽/oracle区间：lower=1.3246/[0.9138,1.1031]；upper=1.1385/[0.9174,1.0921]；overrun=True；underrun=False
  QQ四段比率[1-10,10-50,50-90,90-99]=[1.5751,1.0960,1.0051,1.2738]；尾部曲率RMSE(lower/upper)=0.2781/0.1312；oracle外分位点=37.62%
[41/126] DEL-H_TEB-M_CHL-M_soil：MSE=235.298；RMSE=15.018；shape-MSE/RMSE=0.029027/0.168112；model-norm MSE/RMSE=0.00108692/0.0322777；cos=0.987563；r=0.985487；W1raw=6.673578；W1norm=0.031378
  平均谱：MSE=73.7174；cos=0.995104；r=0.994213
  train分布参照：generated/train MSE=91.1038；held-out/train MSE=180.249；ratio=0.5054
  多样性MSE：train=208.845；generated=176.214；ratio=0.8438；Pearson-distance ratio=0.8568
  峰形多样性：position-std ratio=1.0585；height-IQR ratio=1.1571；width-IQR ratio=1.1140；position frozen=0.000%
  负值：min=-35.659；<-40点=0.000000%；<-40光谱=0.000%
  training逐点包络外：lower点/光谱=0.008943%/11.000%；upper点/光谱=0.024724%/18.000%
  QQ拟合：raw R2=0.999696, RMSE=4.35945；model-normalized R2=0.999696, RMSE=0.00936961；training-standardized R2=0.995749, RMSE=0.137434
  QQ尾宽/oracle区间：lower=1.1314/[0.9099,1.1504]；upper=1.2517/[0.9040,1.1153]；overrun=True；underrun=False
  QQ四段比率[1-10,10-50,50-90,90-99]=[1.1418,1.1156,0.9796,1.5483]；尾部曲率RMSE(lower/upper)=0.1173/0.2692；oracle外分位点=5.94%
[42/126] DEL-H_TEB-M_CHL-M_water：MSE=211.765；RMSE=14.2808；shape-MSE/RMSE=0.0218694/0.145981；model-norm MSE/RMSE=0.000978214/0.0306932；cos=0.991041；r=0.989065；W1raw=6.149900；W1norm=0.026828
  平均谱：MSE=45.9633；cos=0.998378；r=0.997999
  train分布参照：generated/train MSE=103.478；held-out/train MSE=143.264；ratio=0.7223
  多样性MSE：train=255.895；generated=215.776；ratio=0.8432；Pearson-distance ratio=0.9655
  峰形多样性：position-std ratio=0.9989；height-IQR ratio=0.9353；width-IQR ratio=1.2960；position frozen=0.000%
  负值：min=-39.647；<-40点=0.000000%；<-40光谱=0.000%
  training逐点包络外：lower点/光谱=0.005260%/7.000%；upper点/光谱=0.056286%/26.000%
  QQ拟合：raw R2=0.999727, RMSE=3.77705；model-normalized R2=0.999727, RMSE=0.00811788；training-standardized R2=0.995143, RMSE=0.198256
  QQ尾宽/oracle区间：lower=1.2813/[0.8731,1.1303]；upper=1.3292/[0.8736,1.1512]；overrun=True；underrun=False
  QQ四段比率[1-10,10-50,50-90,90-99]=[1.5826,1.0262,1.2094,1.4522]；尾部曲率RMSE(lower/upper)=0.1847/0.1939；oracle外分位点=4.95%
[43/126] DEL-H_TEB-M_CHL-S_soil：MSE=169.023；RMSE=12.7741；shape-MSE/RMSE=0.0267899/0.162159；model-norm MSE/RMSE=0.000780775/0.0274549；cos=0.988623；r=0.986605；W1raw=5.114667；W1norm=0.024095
  平均谱：MSE=26.9293；cos=0.997645；r=0.997242
  train分布参照：generated/train MSE=85.633；held-out/train MSE=152.395；ratio=0.5619
  多样性MSE：train=182.966；generated=155.657；ratio=0.8507；Pearson-distance ratio=0.7771
  峰形多样性：position-std ratio=0.9535；height-IQR ratio=0.8388；width-IQR ratio=1.2324；position frozen=0.000%
  负值：min=-32.864；<-40点=0.000000%；<-40光谱=0.000%
  training逐点包络外：lower点/光谱=0.003682%/5.000%；upper点/光谱=0.015781%/14.000%
  QQ拟合：raw R2=0.999809, RMSE=1.83392；model-normalized R2=0.999809, RMSE=0.00394157；training-standardized R2=0.994103, RMSE=0.177385
  QQ尾宽/oracle区间：lower=1.3277/[0.9231,1.1139]；upper=1.2187/[0.8898,1.1528]；overrun=True；underrun=False
  QQ四段比率[1-10,10-50,50-90,90-99]=[1.4734,1.1571,1.0058,1.4394]；尾部曲率RMSE(lower/upper)=0.2220/0.1743；oracle外分位点=5.94%
[44/126] DEL-H_TEB-M_CHL-S_water：MSE=250.593；RMSE=15.3916；shape-MSE/RMSE=0.0245859/0.155136；model-norm MSE/RMSE=0.00115758/0.0330806；cos=0.989864；r=0.987707；W1raw=5.886468；W1norm=0.025910
  平均谱：MSE=35.7643；cos=0.998404；r=0.998049
  train分布参照：generated/train MSE=137.62；held-out/train MSE=191.789；ratio=0.7176
  多样性MSE：train=314.181；generated=264.906；ratio=0.8432；Pearson-distance ratio=0.9432
  峰形多样性：position-std ratio=1.1335；height-IQR ratio=1.1780；width-IQR ratio=1.6623；position frozen=0.000%
  负值：min=-31.003；<-40点=0.000000%；<-40光谱=0.000%
  training逐点包络外：lower点/光谱=0.005260%/9.000%；upper点/光谱=0.055760%/34.000%
  QQ拟合：raw R2=0.999423, RMSE=3.56397；model-normalized R2=0.999423, RMSE=0.0076599；training-standardized R2=0.998197, RMSE=0.170621
  QQ尾宽/oracle区间：lower=1.1660/[0.7927,1.2720]；upper=1.0645/[0.8291,1.2185]；overrun=False；underrun=False
  QQ四段比率[1-10,10-50,50-90,90-99]=[1.1432,1.1904,1.1613,0.9815]；尾部曲率RMSE(lower/upper)=0.0967/0.1812；oracle外分位点=0.00%
[45/126] DEL-H_TEB-M_soil：MSE=40.0499；RMSE=6.25119；shape-MSE/RMSE=0.034933/0.184422；model-norm MSE/RMSE=0.000185004/0.0134355；cos=0.983919；r=0.982533；W1raw=2.310918；W1norm=0.028195
  平均谱：MSE=4.86796；cos=0.997818；r=0.997627
  train分布参照：generated/train MSE=20.7977；held-out/train MSE=28.6848；ratio=0.7250
  多样性MSE：train=57.8552；generated=49.1406；ratio=0.8494；Pearson-distance ratio=0.8577
  峰形多样性：position-std ratio=1.0227；height-IQR ratio=0.9283；width-IQR ratio=1.2627；position frozen=0.000%
  负值：min=-28.335；<-40点=0.000000%；<-40光谱=0.000%
  training逐点包络外：lower点/光谱=0.000000%/0.000%；upper点/光谱=0.005710%/5.000%
  QQ拟合：raw R2=0.999727, RMSE=0.529713；model-normalized R2=0.999727, RMSE=0.0011385；training-standardized R2=0.985045, RMSE=0.609799
  QQ尾宽/oracle区间：lower=2.0099/[0.8293,1.2326]；upper=1.6430/[0.9056,1.1013]；overrun=True；underrun=False
  QQ四段比率[1-10,10-50,50-90,90-99]=[2.4741,1.4913,1.3066,1.9147]；尾部曲率RMSE(lower/upper)=0.7594/0.3785；oracle外分位点=73.27%
[46/126] DEL-H_TEB-M_water：MSE=38.3674；RMSE=6.12398；shape-MSE/RMSE=0.0322473/0.177521；model-norm MSE/RMSE=0.000177232/0.0131621；cos=0.985264；r=0.983876；W1raw=2.399414；W1norm=0.027143
  平均谱：MSE=5.61804；cos=0.997672；r=0.997436
  train分布参照：generated/train MSE=20.355；held-out/train MSE=33.1693；ratio=0.6137
  多样性MSE：train=56.7881；generated=48.4629；ratio=0.8534；Pearson-distance ratio=0.8615
  峰形多样性：position-std ratio=0.9942；height-IQR ratio=1.0506；width-IQR ratio=1.3348；position frozen=0.000%
  负值：min=-24.076；<-40点=0.000000%；<-40光谱=0.000%
  training逐点包络外：lower点/光谱=0.001428%/1.000%；upper点/光谱=0.000000%/0.000%
  QQ拟合：raw R2=0.999293, RMSE=0.847815；model-normalized R2=0.999293, RMSE=0.00182218；training-standardized R2=0.986662, RMSE=0.615227
  QQ尾宽/oracle区间：lower=1.8846/[0.9169,1.1403]；upper=1.8724/[0.8830,1.1355]；overrun=True；underrun=False
  QQ四段比率[1-10,10-50,50-90,90-99]=[2.3404,1.3854,1.4785,2.2002]；尾部曲率RMSE(lower/upper)=0.5391/0.5915；oracle外分位点=70.30%
[47/126] DEL-H_TEB-S_CHL-H_soil：MSE=135.13；RMSE=11.481；shape-MSE/RMSE=0.0394237/0.196243；model-norm MSE/RMSE=0.00062421/0.0246756；cos=0.983131；r=0.980288；W1raw=5.417531；W1norm=0.030007
  平均谱：MSE=26.3959；cos=0.996630；r=0.996088
  train分布参照：generated/train MSE=89.7779；held-out/train MSE=119.258；ratio=0.7528
  多样性MSE：train=208.091；generated=176.709；ratio=0.8492；Pearson-distance ratio=0.8526
  峰形多样性：position-std ratio=1.1112；height-IQR ratio=0.9425；width-IQR ratio=1.1095；position frozen=0.000%
  负值：min=-43.945；<-40点=0.009995%；<-40光谱=6.000%
  training逐点包络外：lower点/光谱=0.011573%/10.000%；upper点/光谱=0.021568%/21.000%
  QQ拟合：raw R2=0.999381, RMSE=2.1575；model-normalized R2=0.999381, RMSE=0.00463704；training-standardized R2=0.993626, RMSE=0.352254
  QQ尾宽/oracle区间：lower=1.5776/[0.8667,1.1574]；upper=1.5657/[0.8795,1.1245]；overrun=True；underrun=False
  QQ四段比率[1-10,10-50,50-90,90-99]=[1.9496,1.2299,1.3339,1.8084]；尾部曲率RMSE(lower/upper)=0.2327/0.1779；oracle外分位点=48.51%
[48/126] DEL-H_TEB-S_CHL-H_water：MSE=192.97；RMSE=13.7116；shape-MSE/RMSE=0.0340714/0.18173；model-norm MSE/RMSE=0.000891392/0.0294698；cos=0.986097；r=0.982964；W1raw=6.764012；W1norm=0.034775
  平均谱：MSE=48.877；cos=0.996505；r=0.995707
  train分布参照：generated/train MSE=103.139；held-out/train MSE=301.974；ratio=0.3415
  多样性MSE：train=248.097；generated=210.422；ratio=0.8481；Pearson-distance ratio=0.9294
  峰形多样性：position-std ratio=1.0188；height-IQR ratio=1.1066；width-IQR ratio=1.0566；position frozen=0.000%
  负值：min=-33.030；<-40点=0.000000%；<-40光谱=0.000%
  training逐点包络外：lower点/光谱=0.001578%/1.000%；upper点/光谱=0.034719%/27.000%
  QQ拟合：raw R2=0.999002, RMSE=2.99949；model-normalized R2=0.999002, RMSE=0.0064467；training-standardized R2=0.989806, RMSE=0.121993
  QQ尾宽/oracle区间：lower=0.8810/[0.8644,1.1556]；upper=0.9305/[0.8386,1.1538]；overrun=False；underrun=False
  QQ四段比率[1-10,10-50,50-90,90-99]=[0.8000,0.9984,1.1315,0.8070]；尾部曲率RMSE(lower/upper)=0.4948/0.2376；oracle外分位点=0.99%
[49/126] DEL-H_TEB-S_CHL-M_soil：MSE=130.436；RMSE=11.2447；shape-MSE/RMSE=0.0312965/0.175508；model-norm MSE/RMSE=0.000602526/0.0241678；cos=0.986469；r=0.984352；W1raw=5.743132；W1norm=0.030856
  平均谱：MSE=41.5819；cos=0.995701；r=0.994943
  train分布参照：generated/train MSE=86.0771；held-out/train MSE=151.289；ratio=0.5690
  多样性MSE：train=180.771；generated=153.687；ratio=0.8502；Pearson-distance ratio=0.8608
  峰形多样性：position-std ratio=1.1021；height-IQR ratio=1.0723；width-IQR ratio=1.3212；position frozen=0.000%
  负值：min=-38.695；<-40点=0.000000%；<-40光谱=0.000%
  training逐点包络外：lower点/光谱=0.004734%/6.000%；upper点/光谱=0.009469%/5.000%
  QQ拟合：raw R2=0.998925, RMSE=3.57124；model-normalized R2=0.998925, RMSE=0.00767554；training-standardized R2=0.996762, RMSE=0.190612
  QQ尾宽/oracle区间：lower=1.0970/[0.9284,1.0918]；upper=1.3029/[0.8871,1.1210]；overrun=True；underrun=False
  QQ四段比率[1-10,10-50,50-90,90-99]=[1.1771,1.0022,1.2187,1.3710]；尾部曲率RMSE(lower/upper)=0.1491/0.1454；oracle外分位点=40.59%
[50/126] DEL-H_TEB-S_CHL-M_water：MSE=261.277；RMSE=15.9017；shape-MSE/RMSE=0.0361187/0.18827；model-norm MSE/RMSE=0.00120693/0.034177；cos=0.985153；r=0.981941；W1raw=7.154190；W1norm=0.038340
  平均谱：MSE=59.5586；cos=0.996571；r=0.995817
  train分布参照：generated/train MSE=94.6426；held-out/train MSE=252.983；ratio=0.3741
  多样性MSE：train=229.127；generated=197.586；ratio=0.8623；Pearson-distance ratio=0.8455
  峰形多样性：position-std ratio=1.0871；height-IQR ratio=0.8925；width-IQR ratio=1.2110；position frozen=0.000%
  负值：min=-31.707；<-40点=0.000000%；<-40光谱=0.000%
  training逐点包络外：lower点/光谱=0.016833%/11.000%；upper点/光谱=0.014729%/14.000%
  QQ拟合：raw R2=0.999442, RMSE=5.06578；model-normalized R2=0.999442, RMSE=0.0108877；training-standardized R2=0.997455, RMSE=0.285573
  QQ尾宽/oracle区间：lower=0.8009/[0.8770,1.1393]；upper=0.9244/[0.7581,1.2804]；overrun=False；underrun=True
  QQ四段比率[1-10,10-50,50-90,90-99]=[0.7035,0.9377,0.8267,1.0205]；尾部曲率RMSE(lower/upper)=0.1525/0.0957；oracle外分位点=61.39%
[51/126] DEL-H_TEB-S_CHL-S_soil：MSE=190.589；RMSE=13.5799；shape-MSE/RMSE=0.0472995/0.215687；model-norm MSE/RMSE=0.000880393/0.0291868；cos=0.979697；r=0.976350；W1raw=5.617677；W1norm=0.031947
  平均谱：MSE=31.7966；cos=0.996364；r=0.995713
  train分布参照：generated/train MSE=129.246；held-out/train MSE=153.046；ratio=0.8445
  多样性MSE：train=262.555；generated=223.226；ratio=0.8502；Pearson-distance ratio=0.8800
  峰形多样性：position-std ratio=1.0292；height-IQR ratio=1.0940；width-IQR ratio=1.9029；position frozen=0.000%
  负值：min=-48.204；<-40点=0.001052%；<-40光谱=2.000%
  training逐点包络外：lower点/光谱=0.002630%/5.000%；upper点/光谱=0.019989%/20.000%
  QQ拟合：raw R2=0.999605, RMSE=2.77875；model-normalized R2=0.999605, RMSE=0.00597227；training-standardized R2=0.996132, RMSE=0.190764
  QQ尾宽/oracle区间：lower=1.3886/[0.8941,1.1233]；upper=1.2121/[0.8396,1.1959]；overrun=True；underrun=False
  QQ四段比率[1-10,10-50,50-90,90-99]=[1.7173,1.1068,1.1292,1.2855]；尾部曲率RMSE(lower/upper)=0.2248/0.0899；oracle外分位点=20.79%
[52/126] DEL-H_TEB-S_CHL-S_water：MSE=252.386；RMSE=15.3514；shape-MSE/RMSE=0.036903/0.191182；model-norm MSE/RMSE=0.00116586/0.0329943；cos=0.984748；r=0.981549；W1raw=6.566758；W1norm=0.035436
  平均谱：MSE=62.8856；cos=0.996469；r=0.995780
  train分布参照：generated/train MSE=129.738；held-out/train MSE=386.383；ratio=0.3358
  多样性MSE：train=244.831；generated=209.133；ratio=0.8542；Pearson-distance ratio=0.8295
  峰形多样性：position-std ratio=1.0346；height-IQR ratio=1.0541；width-IQR ratio=1.1156；position frozen=0.000%
  负值：min=-32.761；<-40点=0.000000%；<-40光谱=0.000%
  training逐点包络外：lower点/光谱=0.001578%/3.000%；upper点/光谱=0.051552%/11.000%
  QQ拟合：raw R2=0.999586, RMSE=5.5358；model-normalized R2=0.999586, RMSE=0.0118979；training-standardized R2=0.998264, RMSE=0.234239
  QQ尾宽/oracle区间：lower=0.9719/[0.8608,1.1490]；upper=0.9272/[0.9153,1.0993]；overrun=False；underrun=False
  QQ四段比率[1-10,10-50,50-90,90-99]=[1.0064,0.9355,0.9376,0.9185]；尾部曲率RMSE(lower/upper)=0.0684/0.1614；oracle外分位点=82.18%
[53/126] DEL-H_TEB-S_soil：MSE=44.6955；RMSE=6.54015；shape-MSE/RMSE=0.0426474/0.201833；model-norm MSE/RMSE=0.000206463/0.0140565；cos=0.980337；r=0.978676；W1raw=2.605344；W1norm=0.033703
  平均谱：MSE=12.433；cos=0.994424；r=0.993936
  train分布参照：generated/train MSE=20.3339；held-out/train MSE=28.2464；ratio=0.7199
  多样性MSE：train=57.5561；generated=49.2536；ratio=0.8558；Pearson-distance ratio=0.8462
  峰形多样性：position-std ratio=1.0188；height-IQR ratio=0.8694；width-IQR ratio=1.3568；position frozen=0.000%
  负值：min=-24.293；<-40点=0.000000%；<-40光谱=0.000%
  training逐点包络外：lower点/光谱=0.000000%/0.000%；upper点/光谱=0.014276%/6.000%
  QQ拟合：raw R2=0.998680, RMSE=1.48388；model-normalized R2=0.998680, RMSE=0.00318924；training-standardized R2=0.979348, RMSE=0.431871
  QQ尾宽/oracle区间：lower=1.7169/[0.8672,1.1203]；upper=1.7087/[0.8890,1.1788]；overrun=True；underrun=False
  QQ四段比率[1-10,10-50,50-90,90-99]=[2.2700,1.1923,1.2601,2.1465]；尾部曲率RMSE(lower/upper)=0.6089/0.6871；oracle外分位点=37.62%
[54/126] DEL-H_TEB-S_water：MSE=43.3443；RMSE=6.46739；shape-MSE/RMSE=0.0430631/0.204307；model-norm MSE/RMSE=0.000200222/0.0139001；cos=0.980379；r=0.978468；W1raw=2.875038；W1norm=0.033715
  平均谱：MSE=12.5348；cos=0.995037；r=0.994571
  train分布参照：generated/train MSE=24.3428；held-out/train MSE=33.0999；ratio=0.7354
  多样性MSE：train=65.2821；generated=55.7929；ratio=0.8546；Pearson-distance ratio=0.8630
  峰形多样性：position-std ratio=1.0018；height-IQR ratio=1.1393；width-IQR ratio=1.1636；position frozen=0.000%
  负值：min=-24.363；<-40点=0.000000%；<-40光谱=0.000%
  training逐点包络外：lower点/光谱=0.000000%/0.000%；upper点/光谱=0.000000%/0.000%
  QQ拟合：raw R2=0.998216, RMSE=1.97197；model-normalized R2=0.998216, RMSE=0.00423829；training-standardized R2=0.985752, RMSE=0.747539
  QQ尾宽/oracle区间：lower=2.0380/[0.8592,1.2108]；upper=1.8311/[0.9091,1.1208]；overrun=True；underrun=False
  QQ四段比率[1-10,10-50,50-90,90-99]=[2.4213,1.5214,1.4819,2.0702]；尾部曲率RMSE(lower/upper)=0.8617/0.5228；oracle外分位点=77.23%
[55/126] DEL-H_soil：MSE=348.35；RMSE=17.5963；shape-MSE/RMSE=0.0402665/0.189433；model-norm MSE/RMSE=0.00160915/0.037819；cos=0.983331；r=0.979867；W1raw=7.711192；W1norm=0.033601
  平均谱：MSE=105.958；cos=0.995028；r=0.994151
  train分布参照：generated/train MSE=223.371；held-out/train MSE=210.758；ratio=1.0598
  多样性MSE：train=585.45；generated=505.253；ratio=0.8630；Pearson-distance ratio=0.8828
  峰形多样性：position-std ratio=1.0059；height-IQR ratio=1.0137；width-IQR ratio=1.1996；position frozen=0.000%
  负值：min=-59.923；<-40点=0.097787%；<-40光谱=27.000%
  training逐点包络外：lower点/光谱=0.053533%/13.000%；upper点/光谱=0.062099%/9.000%
  QQ拟合：raw R2=0.999586, RMSE=5.46373；model-normalized R2=0.999586, RMSE=0.011743；training-standardized R2=0.992924, RMSE=0.210213
  QQ尾宽/oracle区间：lower=0.7372/[0.6996,1.3308]；upper=0.8443/[0.8303,1.2811]；overrun=False；underrun=False
  QQ四段比率[1-10,10-50,50-90,90-99]=[0.6288,0.8550,1.0094,0.7031]；尾部曲率RMSE(lower/upper)=0.2996/0.1109；oracle外分位点=16.83%
[56/126] DEL-H_water：MSE=2100.64；RMSE=41.08；shape-MSE/RMSE=0.0950795/0.267075；model-norm MSE/RMSE=0.00970357/0.0882917；cos=0.959345；r=0.952460；W1raw=13.151000；W1norm=0.040208
  平均谱：MSE=164.247；cos=0.994935；r=0.993748
  train分布参照：generated/train MSE=1171.73；held-out/train MSE=1256.96；ratio=0.9322
  多样性MSE：train=3363.77；generated=2772.78；ratio=0.8243；Pearson-distance ratio=0.9191
  峰形多样性：position-std ratio=1.1120；height-IQR ratio=0.8417；width-IQR ratio=1.2288；position frozen=0.000%
  负值：min=-160.587；<-40点=0.411849%；<-40光谱=24.000%
  training逐点包络外：lower点/光谱=0.164882%/24.000%；upper点/光谱=0.064240%/20.000%
  QQ拟合：raw R2=0.996358, RMSE=7.00227；model-normalized R2=0.996358, RMSE=0.0150497；training-standardized R2=0.983264, RMSE=0.220102
  QQ尾宽/oracle区间：lower=0.9716/[0.7327,1.3824]；upper=0.8866/[0.8359,1.1982]；overrun=False；underrun=False
  QQ四段比率[1-10,10-50,50-90,90-99]=[0.7484,1.3220,1.1910,0.6648]；尾部曲率RMSE(lower/upper)=0.3900/0.5704；oracle外分位点=18.81%
[57/126] DEL-M_CHL-H_soil：MSE=196.032；RMSE=13.8222；shape-MSE/RMSE=0.0652206/0.25139；model-norm MSE/RMSE=0.000905539/0.0297077；cos=0.970971；r=0.967390；W1raw=6.211388；W1norm=0.040531
  平均谱：MSE=27.4816；cos=0.995356；r=0.994744
  train分布参照：generated/train MSE=108.978；held-out/train MSE=127.41；ratio=0.8553
  多样性MSE：train=331.378；generated=276.833；ratio=0.8354；Pearson-distance ratio=0.9271
  峰形多样性：position-std ratio=0.9762；height-IQR ratio=1.0387；width-IQR ratio=1.2983；position frozen=0.000%
  负值：min=-59.644；<-40点=0.014729%；<-40光谱=3.000%
  training逐点包络外：lower点/光谱=0.105208%/23.000%；upper点/光谱=0.047870%/46.000%
  QQ拟合：raw R2=0.998669, RMSE=1.77962；model-normalized R2=0.998669, RMSE=0.00382486；training-standardized R2=0.996706, RMSE=0.157765
  QQ尾宽/oracle区间：lower=1.2412/[0.9123,1.1117]；upper=1.0957/[0.8835,1.1584]；overrun=True；underrun=False
  QQ四段比率[1-10,10-50,50-90,90-99]=[1.2918,1.1766,1.0254,1.1601]；尾部曲率RMSE(lower/upper)=0.1229/0.1916；oracle外分位点=30.69%
[58/126] DEL-M_CHL-H_water：MSE=167.042；RMSE=12.7617；shape-MSE/RMSE=0.0464896/0.213421；model-norm MSE/RMSE=0.000771623/0.0274283；cos=0.979119；r=0.976755；W1raw=5.747366；W1norm=0.033971
  平均谱：MSE=22.4994；cos=0.996881；r=0.996530
  train分布参照：generated/train MSE=120.266；held-out/train MSE=136.791；ratio=0.8792
  多样性MSE：train=305.126；generated=256.984；ratio=0.8422；Pearson-distance ratio=0.8963
  峰形多样性：position-std ratio=1.0485；height-IQR ratio=1.0355；width-IQR ratio=1.2604；position frozen=0.000%
  负值：min=-82.738；<-40点=0.116781%；<-40光谱=37.000%
  training逐点包络外：lower点/光谱=0.069437%/26.000%；upper点/光谱=0.110994%/62.000%
  QQ拟合：raw R2=0.998179, RMSE=2.34166；model-normalized R2=0.998179, RMSE=0.00503284；training-standardized R2=0.991798, RMSE=0.321964
  QQ尾宽/oracle区间：lower=1.6038/[0.8813,1.1505]；upper=1.1920/[0.8812,1.1577]；overrun=True；underrun=False
  QQ四段比率[1-10,10-50,50-90,90-99]=[1.8729,1.3169,1.2215,1.1715]；尾部曲率RMSE(lower/upper)=0.2864/0.2825；oracle外分位点=68.32%
[59/126] DEL-M_CHL-M_soil：MSE=211.198；RMSE=14.235；shape-MSE/RMSE=0.063941/0.251027；model-norm MSE/RMSE=0.000975595/0.0305948；cos=0.971737；r=0.968030；W1raw=6.066471；W1norm=0.039385
  平均谱：MSE=45.4885；cos=0.993927；r=0.993062
  train分布参照：generated/train MSE=138.463；held-out/train MSE=150.511；ratio=0.9199
  多样性MSE：train=291.103；generated=245.095；ratio=0.8419；Pearson-distance ratio=0.8152
  峰形多样性：position-std ratio=1.0563；height-IQR ratio=1.0170；width-IQR ratio=1.2453；position frozen=0.000%
  负值：min=-42.197；<-40点=0.003156%；<-40光谱=4.000%
  training逐点包络外：lower点/光谱=0.011573%/15.000%；upper点/光谱=0.226723%/95.000%
  QQ拟合：raw R2=0.996070, RMSE=4.92417；model-normalized R2=0.996070, RMSE=0.0105834；training-standardized R2=0.981732, RMSE=0.500544
  QQ尾宽/oracle区间：lower=2.1086/[0.8977,1.1276]；upper=1.6380/[0.8804,1.1235]；overrun=True；underrun=False
  QQ四段比率[1-10,10-50,50-90,90-99]=[2.8566,1.3953,1.3692,1.8710]；尾部曲率RMSE(lower/upper)=0.6958/0.2592；oracle外分位点=56.44%
[60/126] DEL-M_CHL-M_water：MSE=250.993；RMSE=15.537；shape-MSE/RMSE=0.0870971/0.289641；model-norm MSE/RMSE=0.00115942/0.033393；cos=0.961634；r=0.956451；W1raw=6.433980；W1norm=0.045721
  平均谱：MSE=32.6865；cos=0.994182；r=0.993298
  train分布参照：generated/train MSE=144.306；held-out/train MSE=168.792；ratio=0.8549
  多样性MSE：train=379.101；generated=321.242；ratio=0.8474；Pearson-distance ratio=0.8793
  峰形多样性：position-std ratio=0.9952；height-IQR ratio=1.0075；width-IQR ratio=1.1697；position frozen=0.000%
  负值：min=-66.399；<-40点=0.036823%；<-40光谱=9.000%
  training逐点包络外：lower点/光谱=0.011047%/13.000%；upper点/光谱=0.089427%/64.000%
  QQ拟合：raw R2=0.997883, RMSE=2.25881；model-normalized R2=0.997883, RMSE=0.00485478；training-standardized R2=0.996998, RMSE=0.36459
  QQ尾宽/oracle区间：lower=1.4869/[0.8970,1.1152]；upper=1.5614/[0.9262,1.1088]；overrun=True；underrun=False
  QQ四段比率[1-10,10-50,50-90,90-99]=[1.6569,1.2803,1.3629,1.7490]；尾部曲率RMSE(lower/upper)=0.1503/0.1662；oracle外分位点=62.38%
[61/126] DEL-M_CHL-S_soil：MSE=148.854；RMSE=12.0582；shape-MSE/RMSE=0.0590974/0.240929；model-norm MSE/RMSE=0.000687605/0.0259162；cos=0.973588；r=0.970451；W1raw=5.395541；W1norm=0.038398
  平均谱：MSE=25.834；cos=0.994954；r=0.994332
  train分布参照：generated/train MSE=95.6826；held-out/train MSE=143.886；ratio=0.6650
  多样性MSE：train=224.011；generated=189.907；ratio=0.8478；Pearson-distance ratio=0.8210
  峰形多样性：position-std ratio=0.9757；height-IQR ratio=1.0923；width-IQR ratio=1.4504；position frozen=0.000%
  负值：min=-57.170；<-40点=0.031036%；<-40光谱=15.000%
  training逐点包络外：lower点/光谱=0.003156%/5.000%；upper点/光谱=0.028406%/25.000%
  QQ拟合：raw R2=0.998715, RMSE=1.60428；model-normalized R2=0.998715, RMSE=0.00344802；training-standardized R2=0.993446, RMSE=0.257673
  QQ尾宽/oracle区间：lower=1.3352/[0.9005,1.0940]；upper=1.4640/[0.9018,1.0995]；overrun=True；underrun=False
  QQ四段比率[1-10,10-50,50-90,90-99]=[1.4339,1.1901,1.1130,1.8335]；尾部曲率RMSE(lower/upper)=0.1838/0.2493；oracle外分位点=27.72%
[62/126] DEL-M_CHL-S_water：MSE=240；RMSE=15.2811；shape-MSE/RMSE=0.0907741/0.297504；model-norm MSE/RMSE=0.00110864/0.032843；cos=0.959777；r=0.954613；W1raw=6.149310；W1norm=0.046764
  平均谱：MSE=28.3453；cos=0.993820；r=0.992967
  train分布参照：generated/train MSE=140.164；held-out/train MSE=161.488；ratio=0.8680
  多样性MSE：train=355.551；generated=297.308；ratio=0.8362；Pearson-distance ratio=0.7698
  峰形多样性：position-std ratio=1.0226；height-IQR ratio=0.8970；width-IQR ratio=1.1432；position frozen=0.000%
  负值：min=-64.902；<-40点=0.056812%；<-40光谱=21.000%
  training逐点包络外：lower点/光谱=0.024724%/20.000%；upper点/光谱=0.078380%/74.000%
  QQ拟合：raw R2=0.999272, RMSE=2.18612；model-normalized R2=0.999272, RMSE=0.00469855；training-standardized R2=0.992518, RMSE=0.316076
  QQ尾宽/oracle区间：lower=1.6371/[0.8867,1.1099]；upper=1.2070/[0.9295,1.0978]；overrun=True；underrun=False
  QQ四段比率[1-10,10-50,50-90,90-99]=[1.9478,1.2673,1.1478,1.2508]；尾部曲率RMSE(lower/upper)=0.3667/0.1025；oracle外分位点=44.55%
[63/126] DEL-M_TEB-H_CHL-H_soil：MSE=226.075；RMSE=14.6602；shape-MSE/RMSE=0.0216033/0.145575；model-norm MSE/RMSE=0.00104432/0.0315085；cos=0.990836；r=0.989198；W1raw=5.556677；W1norm=0.025145
  平均谱：MSE=37.0686；cos=0.997869；r=0.997486
  train分布参照：generated/train MSE=99.7313；held-out/train MSE=237.343；ratio=0.4202
  多样性MSE：train=189.477；generated=161.007；ratio=0.8497；Pearson-distance ratio=0.8814
  峰形多样性：position-std ratio=0.9360；height-IQR ratio=0.8666；width-IQR ratio=1.2885；position frozen=0.000%
  负值：min=-43.817；<-40点=0.009995%；<-40光谱=3.000%
  training逐点包络外：lower点/光谱=0.006312%/7.000%；upper点/光谱=0.003682%/6.000%
  QQ拟合：raw R2=0.999719, RMSE=3.19705；model-normalized R2=0.999719, RMSE=0.00687131；training-standardized R2=0.987013, RMSE=0.23902
  QQ尾宽/oracle区间：lower=1.5467/[0.9026,1.1362]；upper=1.0660/[0.8710,1.1447]；overrun=True；underrun=False
  QQ四段比率[1-10,10-50,50-90,90-99]=[1.9183,1.2129,0.9851,1.1341]；尾部曲率RMSE(lower/upper)=0.4638/0.0996；oracle外分位点=11.88%
[64/126] DEL-M_TEB-H_CHL-H_water：MSE=176.614；RMSE=13.1127；shape-MSE/RMSE=0.0176609/0.131693；model-norm MSE/RMSE=0.000815838/0.0281827；cos=0.992713；r=0.991170；W1raw=5.836673；W1norm=0.024546
  平均谱：MSE=32.9698；cos=0.998852；r=0.998600
  train分布参照：generated/train MSE=98.6137；held-out/train MSE=167.772；ratio=0.5878
  多样性MSE：train=221.469；generated=187.908；ratio=0.8485；Pearson-distance ratio=0.8260
  峰形多样性：position-std ratio=1.0676；height-IQR ratio=1.2258；width-IQR ratio=1.5422；position frozen=0.000%
  负值：min=-34.503；<-40点=0.000000%；<-40光谱=0.000%
  training逐点包络外：lower点/光谱=0.005786%/7.000%；upper点/光谱=0.033666%/25.000%
  QQ拟合：raw R2=0.999798, RMSE=2.75682；model-normalized R2=0.999798, RMSE=0.00592515；training-standardized R2=0.995317, RMSE=0.140721
  QQ尾宽/oracle区间：lower=1.1863/[0.9124,1.1238]；upper=1.2186/[0.9238,1.0983]；overrun=True；underrun=False
  QQ四段比率[1-10,10-50,50-90,90-99]=[1.2839,1.0682,0.9897,1.4723]；尾部曲率RMSE(lower/upper)=0.1598/0.1986；oracle外分位点=3.96%
[65/126] DEL-M_TEB-H_CHL-M_soil：MSE=157.251；RMSE=12.309；shape-MSE/RMSE=0.0229501/0.149702；model-norm MSE/RMSE=0.000726395/0.0264552；cos=0.990253；r=0.988525；W1raw=5.673745；W1norm=0.026071
  平均谱：MSE=35.8985；cos=0.997325；r=0.996833
  train分布参照：generated/train MSE=67.6877；held-out/train MSE=197.463；ratio=0.3428
  多样性MSE：train=155.406；generated=132.32；ratio=0.8514；Pearson-distance ratio=0.9126
  峰形多样性：position-std ratio=1.1320；height-IQR ratio=1.0246；width-IQR ratio=1.4959；position frozen=0.000%
  负值：min=-39.948；<-40点=0.000000%；<-40光谱=0.000%
  training逐点包络外：lower点/光谱=0.004208%/6.000%；upper点/光谱=0.010521%/14.000%
  QQ拟合：raw R2=0.999792, RMSE=2.19116；model-normalized R2=0.999792, RMSE=0.00470938；training-standardized R2=0.991258, RMSE=0.195474
  QQ尾宽/oracle区间：lower=1.2001/[0.9140,1.1037]；upper=1.3888/[0.9166,1.1219]；overrun=True；underrun=False
  QQ四段比率[1-10,10-50,50-90,90-99]=[1.4427,0.9434,1.1573,1.5963]；尾部曲率RMSE(lower/upper)=0.2220/0.3706；oracle外分位点=12.87%
[66/126] DEL-M_TEB-H_CHL-M_water：MSE=247.323；RMSE=15.3381；shape-MSE/RMSE=0.0268352/0.161182；model-norm MSE/RMSE=0.00114247/0.0329655；cos=0.988917；r=0.986582；W1raw=7.314876；W1norm=0.032360
  平均谱：MSE=93.8347；cos=0.995393；r=0.994400
  train分布参照：generated/train MSE=130.479；held-out/train MSE=169.943；ratio=0.7678
  多样性MSE：train=266.583；generated=227.533；ratio=0.8535；Pearson-distance ratio=0.8835
  峰形多样性：position-std ratio=1.1603；height-IQR ratio=1.1569；width-IQR ratio=1.4543；position frozen=0.000%
  负值：min=-45.860；<-40点=0.015781%；<-40光谱=9.000%
  training逐点包络外：lower点/光谱=0.009469%/11.000%；upper点/光谱=0.024198%/29.000%
  QQ拟合：raw R2=0.999498, RMSE=4.41899；model-normalized R2=0.999498, RMSE=0.00949757；training-standardized R2=0.986531, RMSE=0.22935
  QQ尾宽/oracle区间：lower=1.2321/[0.8890,1.1252]；upper=1.5459/[0.8994,1.0846]；overrun=True；underrun=False
  QQ四段比率[1-10,10-50,50-90,90-99]=[1.4752,0.9704,1.1603,2.0297]；尾部曲率RMSE(lower/upper)=0.2454/0.4744；oracle外分位点=8.91%
[67/126] DEL-M_TEB-H_CHL-S_soil：MSE=130.425；RMSE=11.3274；shape-MSE/RMSE=0.0212321/0.144428；model-norm MSE/RMSE=0.000602477/0.0243456；cos=0.990972；r=0.989384；W1raw=5.263938；W1norm=0.023638
  平均谱：MSE=33.6195；cos=0.997285；r=0.996788
  train分布参照：generated/train MSE=82.1671；held-out/train MSE=102.368；ratio=0.8027
  多样性MSE：train=166.302；generated=140.499；ratio=0.8448；Pearson-distance ratio=0.7950
  峰形多样性：position-std ratio=0.9354；height-IQR ratio=1.1151；width-IQR ratio=1.2232；position frozen=0.000%
  负值：min=-35.163；<-40点=0.000000%；<-40光谱=0.000%
  training逐点包络外：lower点/光谱=0.005260%/5.000%；upper点/光谱=0.014729%/9.000%
  QQ拟合：raw R2=0.999514, RMSE=1.76707；model-normalized R2=0.999514, RMSE=0.0037979；training-standardized R2=0.995669, RMSE=0.154868
  QQ尾宽/oracle区间：lower=1.3292/[0.8854,1.1078]；upper=1.1407/[0.9302,1.0711]；overrun=True；underrun=False
  QQ四段比率[1-10,10-50,50-90,90-99]=[1.6794,1.0232,1.1848,1.1102]；尾部曲率RMSE(lower/upper)=0.2260/0.0330；oracle外分位点=12.87%
[68/126] DEL-M_TEB-H_CHL-S_water：MSE=181.562；RMSE=13.2961；shape-MSE/RMSE=0.0204996/0.141785；model-norm MSE/RMSE=0.000838696/0.0285768；cos=0.991437；r=0.989750；W1raw=6.087414；W1norm=0.026658
  平均谱：MSE=52.7284；cos=0.997096；r=0.996533
  train分布参照：generated/train MSE=111.024；held-out/train MSE=129.061；ratio=0.8602
  多样性MSE：train=247.108；generated=209.973；ratio=0.8497；Pearson-distance ratio=0.8600
  峰形多样性：position-std ratio=1.0367；height-IQR ratio=0.9388；width-IQR ratio=1.4936；position frozen=0.000%
  负值：min=-43.396；<-40点=0.004208%；<-40光谱=4.000%
  training逐点包络外：lower点/光谱=0.005786%/6.000%；upper点/光谱=0.009995%/15.000%
  QQ拟合：raw R2=0.998731, RMSE=3.34088；model-normalized R2=0.998731, RMSE=0.00718043；training-standardized R2=0.994210, RMSE=0.203443
  QQ尾宽/oracle区间：lower=1.3791/[0.9077,1.1162]；upper=1.2966/[0.9281,1.1045]；overrun=True；underrun=False
  QQ四段比率[1-10,10-50,50-90,90-99]=[1.7053,1.1007,1.1020,1.5078]；尾部曲率RMSE(lower/upper)=0.2667/0.2198；oracle外分位点=11.88%
[69/126] DEL-M_TEB-H_soil：MSE=38.8113；RMSE=6.09649；shape-MSE/RMSE=0.0363451/0.18654；model-norm MSE/RMSE=0.000179282/0.013103；cos=0.983267；r=0.981827；W1raw=2.541842；W1norm=0.032825
  平均谱：MSE=9.3625；cos=0.995823；r=0.995454
  train分布参照：generated/train MSE=19.7341；held-out/train MSE=24.3661；ratio=0.8099
  多样性MSE：train=56.4475；generated=48.4878；ratio=0.8590；Pearson-distance ratio=0.8492
  峰形多样性：position-std ratio=0.9795；height-IQR ratio=1.1717；width-IQR ratio=1.0402；position frozen=0.000%
  负值：min=-20.744；<-40点=0.000000%；<-40光谱=0.000%
  training逐点包络外：lower点/光谱=0.000000%/0.000%；upper点/光谱=0.000000%/0.000%
  QQ拟合：raw R2=0.998662, RMSE=1.00881；model-normalized R2=0.998662, RMSE=0.00216821；training-standardized R2=0.995589, RMSE=0.383107
  QQ尾宽/oracle区间：lower=1.3253/[0.9163,1.1259]；upper=1.5451/[0.8526,1.1682]；overrun=True；underrun=False
  QQ四段比率[1-10,10-50,50-90,90-99]=[1.3531,1.2799,1.2308,1.8356]；尾部曲率RMSE(lower/upper)=0.2297/0.3447；oracle外分位点=76.24%
[70/126] DEL-M_TEB-H_water：MSE=33.4912；RMSE=5.73016；shape-MSE/RMSE=0.0287182/0.167749；model-norm MSE/RMSE=0.000154707/0.0123156；cos=0.986872；r=0.985641；W1raw=2.546598；W1norm=0.028471
  平均谱：MSE=10.7493；cos=0.995699；r=0.995297
  train分布参照：generated/train MSE=18.1084；held-out/train MSE=24.039；ratio=0.7533
  多样性MSE：train=46.0111；generated=39.1277；ratio=0.8504；Pearson-distance ratio=0.8301
  峰形多样性：position-std ratio=1.0762；height-IQR ratio=0.9996；width-IQR ratio=1.4296；position frozen=0.000%
  负值：min=-21.820；<-40点=0.000000%；<-40光谱=0.000%
  training逐点包络外：lower点/光谱=0.000000%/0.000%；upper点/光谱=0.001428%/1.000%
  QQ拟合：raw R2=0.998660, RMSE=1.70496；model-normalized R2=0.998660, RMSE=0.00366443；training-standardized R2=0.982865, RMSE=0.581864
  QQ尾宽/oracle区间：lower=1.9074/[0.8819,1.1861]；upper=1.7266/[0.9208,1.1015]；overrun=True；underrun=False
  QQ四段比率[1-10,10-50,50-90,90-99]=[2.4568,1.3372,1.3438,2.0386]；尾部曲率RMSE(lower/upper)=0.7421/0.6257；oracle外分位点=52.48%
[71/126] DEL-M_TEB-M_CHL-H_soil：MSE=161.389；RMSE=12.545；shape-MSE/RMSE=0.0427288/0.202712；model-norm MSE/RMSE=0.000745508/0.0269626；cos=0.981937；r=0.978636；W1raw=6.072513；W1norm=0.032711
  平均谱：MSE=52.834；cos=0.993928；r=0.992746
  train分布参照：generated/train MSE=103.103；held-out/train MSE=202.478；ratio=0.5092
  多样性MSE：train=222.892；generated=189.903；ratio=0.8520；Pearson-distance ratio=0.8779
  峰形多样性：position-std ratio=1.0769；height-IQR ratio=1.2115；width-IQR ratio=1.2511；position frozen=0.000%
  负值：min=-39.852；<-40点=0.000000%；<-40光谱=0.000%
  training逐点包络外：lower点/光谱=0.006839%/10.000%；upper点/光谱=0.027880%/29.000%
  QQ拟合：raw R2=0.999584, RMSE=2.74162；model-normalized R2=0.999584, RMSE=0.00589247；training-standardized R2=0.993892, RMSE=0.286922
  QQ尾宽/oracle区间：lower=1.3054/[0.8697,1.1350]；upper=1.5517/[0.8436,1.1435]；overrun=True；underrun=False
  QQ四段比率[1-10,10-50,50-90,90-99]=[1.4187,1.1590,1.2751,1.8170]；尾部曲率RMSE(lower/upper)=0.1467/0.2800；oracle外分位点=26.73%
[72/126] DEL-M_TEB-M_CHL-H_water：MSE=228.895；RMSE=15.0002；shape-MSE/RMSE=0.0393487/0.19725；model-norm MSE/RMSE=0.00105734/0.0322394；cos=0.983643；r=0.980326；W1raw=6.856856；W1norm=0.035507
  平均谱：MSE=51.1094；cos=0.995719；r=0.994789
  train分布参照：generated/train MSE=120.69；held-out/train MSE=209.442；ratio=0.5762
  多样性MSE：train=253.82；generated=215.217；ratio=0.8479；Pearson-distance ratio=0.8323
  峰形多样性：position-std ratio=1.0842；height-IQR ratio=1.2054；width-IQR ratio=1.1251；position frozen=0.000%
  负值：min=-32.164；<-40点=0.000000%；<-40光谱=0.000%
  training逐点包络外：lower点/光谱=0.006839%/8.000%；upper点/光谱=0.028932%/32.000%
  QQ拟合：raw R2=0.999603, RMSE=1.37012；model-normalized R2=0.999603, RMSE=0.00294474；training-standardized R2=0.996082, RMSE=0.0927389
  QQ尾宽/oracle区间：lower=1.1323/[0.8629,1.1686]；upper=0.9773/[0.8984,1.1472]；overrun=False；underrun=False
  QQ四段比率[1-10,10-50,50-90,90-99]=[1.2742,0.9788,0.9246,1.0218]；尾部曲率RMSE(lower/upper)=0.1743/0.1747；oracle外分位点=5.94%
[73/126] DEL-M_TEB-M_CHL-M_soil：MSE=155；RMSE=12.2108；shape-MSE/RMSE=0.039796/0.196504；model-norm MSE/RMSE=0.000715997/0.0262443；cos=0.983256；r=0.980102；W1raw=5.659489；W1norm=0.032492
  平均谱：MSE=35.4373；cos=0.995299；r=0.994371
  train分布参照：generated/train MSE=92.5385；held-out/train MSE=154.367；ratio=0.5995
  多样性MSE：train=203.681；generated=172.314；ratio=0.8460；Pearson-distance ratio=0.8137
  峰形多样性：position-std ratio=0.9983；height-IQR ratio=1.1639；width-IQR ratio=1.0164；position frozen=0.000%
  负值：min=-38.872；<-40点=0.000000%；<-40光谱=0.000%
  training逐点包络外：lower点/光谱=0.006312%/6.000%；upper点/光谱=0.030510%/25.000%
  QQ拟合：raw R2=0.999742, RMSE=1.10635；model-normalized R2=0.999742, RMSE=0.00237784；training-standardized R2=0.994907, RMSE=0.208361
  QQ尾宽/oracle区间：lower=1.4389/[0.9035,1.1231]；upper=1.2273/[0.8955,1.1013]；overrun=True；underrun=False
  QQ四段比率[1-10,10-50,50-90,90-99]=[1.6782,1.1835,1.0879,1.3557]；尾部曲率RMSE(lower/upper)=0.2901/0.1212；oracle外分位点=10.89%
[74/126] DEL-M_TEB-M_CHL-M_water：MSE=176.806；RMSE=13.1205；shape-MSE/RMSE=0.0280358/0.166287；model-norm MSE/RMSE=0.000816728/0.0281994；cos=0.988264；r=0.985982；W1raw=5.576848；W1norm=0.030227
  平均谱：MSE=25.6473；cos=0.998099；r=0.997780
  train分布参照：generated/train MSE=94.9821；held-out/train MSE=140.861；ratio=0.6743
  多样性MSE：train=233.986；generated=199.175；ratio=0.8512；Pearson-distance ratio=0.8494
  峰形多样性：position-std ratio=1.0207；height-IQR ratio=1.3327；width-IQR ratio=1.7692；position frozen=0.000%
  负值：min=-39.828；<-40点=0.000000%；<-40光谱=0.000%
  training逐点包络外：lower点/光谱=0.000000%/0.000%；upper点/光谱=0.026828%/28.000%
  QQ拟合：raw R2=0.999552, RMSE=1.82323；model-normalized R2=0.999552, RMSE=0.0039186；training-standardized R2=0.997719, RMSE=0.208826
  QQ尾宽/oracle区间：lower=1.3480/[0.9292,1.0751]；upper=1.2477/[0.9206,1.1014]；overrun=True；underrun=False
  QQ四段比率[1-10,10-50,50-90,90-99]=[1.5427,1.1545,1.1758,1.3153]；尾部曲率RMSE(lower/upper)=0.1470/0.0848；oracle外分位点=29.70%
[75/126] DEL-M_TEB-M_CHL-S_soil：MSE=128.263；RMSE=11.1811；shape-MSE/RMSE=0.0363001/0.188606；model-norm MSE/RMSE=0.000592488/0.0240311；cos=0.984575；r=0.981850；W1raw=5.414572；W1norm=0.030763
  平均谱：MSE=39.8821；cos=0.994452；r=0.993398
  train分布参照：generated/train MSE=71.2036；held-out/train MSE=137.359；ratio=0.5184
  多样性MSE：train=171.445；generated=145.533；ratio=0.8489；Pearson-distance ratio=0.8346
  峰形多样性：position-std ratio=0.9970；height-IQR ratio=1.0104；width-IQR ratio=1.1877；position frozen=0.000%
  负值：min=-29.809；<-40点=0.000000%；<-40光谱=0.000%
  training逐点包络外：lower点/光谱=0.002104%/3.000%；upper点/光谱=0.023672%/16.000%
  QQ拟合：raw R2=0.999260, RMSE=1.43961；model-normalized R2=0.999260, RMSE=0.00309409；training-standardized R2=0.994115, RMSE=0.19334
  QQ尾宽/oracle区间：lower=1.3539/[0.9140,1.1095]；upper=1.3735/[0.9012,1.1005]；overrun=True；underrun=False
  QQ四段比率[1-10,10-50,50-90,90-99]=[1.6134,1.0961,1.1255,1.6197]；尾部曲率RMSE(lower/upper)=0.2369/0.2483；oracle外分位点=7.92%
[76/126] DEL-M_TEB-M_CHL-S_water：MSE=210.324；RMSE=14.2892；shape-MSE/RMSE=0.035889/0.18703；model-norm MSE/RMSE=0.000971557/0.0307114；cos=0.985080；r=0.982055；W1raw=6.151296；W1norm=0.033270
  平均谱：MSE=42.4025；cos=0.997050；r=0.996521
  train分布参照：generated/train MSE=120.288；held-out/train MSE=182.567；ratio=0.6589
  多样性MSE：train=306.272；generated=257.05；ratio=0.8393；Pearson-distance ratio=0.9036
  峰形多样性：position-std ratio=1.0122；height-IQR ratio=1.0313；width-IQR ratio=0.9891；position frozen=10.000%
  负值：min=-37.871；<-40点=0.000000%；<-40光谱=0.000%
  training逐点包络外：lower点/光谱=0.003682%/5.000%；upper点/光谱=0.016307%/19.000%
  QQ拟合：raw R2=0.999688, RMSE=2.16602；model-normalized R2=0.999688, RMSE=0.00465535；training-standardized R2=0.998164, RMSE=0.184
  QQ尾宽/oracle区间：lower=1.2734/[0.9081,1.1325]；upper=1.2301/[0.8616,1.1917]；overrun=True；underrun=False
  QQ四段比率[1-10,10-50,50-90,90-99]=[1.3382,1.1989,1.1306,1.3303]；尾部曲率RMSE(lower/upper)=0.0738/0.1492；oracle外分位点=3.96%
[77/126] DEL-M_TEB-M_soil：MSE=38.9104；RMSE=6.09097；shape-MSE/RMSE=0.0393981/0.194117；model-norm MSE/RMSE=0.00017974/0.0130911；cos=0.981803；r=0.980301；W1raw=2.319636；W1norm=0.030815
  平均谱：MSE=5.36991；cos=0.997404；r=0.997188
  train分布参照：generated/train MSE=20.1254；held-out/train MSE=28.4381；ratio=0.7077
  多样性MSE：train=61.6437；generated=52.7962；ratio=0.8565；Pearson-distance ratio=0.8107
  峰形多样性：position-std ratio=0.9297；height-IQR ratio=1.0403；width-IQR ratio=1.1935；position frozen=0.000%
  负值：min=-22.565；<-40点=0.000000%；<-40光谱=0.000%
  training逐点包络外：lower点/光谱=0.000000%/0.000%；upper点/光谱=0.001428%/1.000%
  QQ拟合：raw R2=0.998791, RMSE=0.950986；model-normalized R2=0.998791, RMSE=0.00204392；training-standardized R2=0.996790, RMSE=0.441368
  QQ尾宽/oracle区间：lower=1.5720/[0.8868,1.1496]；upper=1.4475/[0.8962,1.1520]；overrun=True；underrun=False
  QQ四段比率[1-10,10-50,50-90,90-99]=[1.7777,1.3209,1.3951,1.4835]；尾部曲率RMSE(lower/upper)=0.2768/0.0958；oracle外分位点=72.28%
[78/126] DEL-M_TEB-M_water：MSE=39.0395；RMSE=6.12457；shape-MSE/RMSE=0.0371471/0.189494；model-norm MSE/RMSE=0.000180337/0.0131633；cos=0.983149；r=0.981426；W1raw=2.590635；W1norm=0.029737
  平均谱：MSE=10.2569；cos=0.995421；r=0.994928
  train分布参照：generated/train MSE=20.9413；held-out/train MSE=24.3038；ratio=0.8617
  多样性MSE：train=57.5829；generated=49.0422；ratio=0.8517；Pearson-distance ratio=0.8513
  峰形多样性：position-std ratio=1.0116；height-IQR ratio=1.1824；width-IQR ratio=1.0923；position frozen=0.000%
  负值：min=-22.545；<-40点=0.000000%；<-40光谱=0.000%
  training逐点包络外：lower点/光谱=0.000000%/0.000%；upper点/光谱=0.010707%/4.000%
  QQ拟合：raw R2=0.999360, RMSE=1.03896；model-normalized R2=0.999360, RMSE=0.00223299；training-standardized R2=0.980614, RMSE=0.506154
  QQ尾宽/oracle区间：lower=1.9429/[0.8059,1.2398]；upper=1.6895/[0.9034,1.1191]；overrun=True；underrun=False
  QQ四段比率[1-10,10-50,50-90,90-99]=[2.4539,1.4022,1.2019,2.1997]；尾部曲率RMSE(lower/upper)=0.7046/0.4736；oracle外分位点=70.30%
[79/126] DEL-M_TEB-S_CHL-H_soil：MSE=187.534；RMSE=13.3705；shape-MSE/RMSE=0.066372/0.25442；model-norm MSE/RMSE=0.000866282/0.0287367；cos=0.971661；r=0.966814；W1raw=5.764497；W1norm=0.040602
  平均谱：MSE=37.4134；cos=0.991886；r=0.990393
  train分布参照：generated/train MSE=92.2302；held-out/train MSE=219.61；ratio=0.4200
  多样性MSE：train=222.001；generated=187.567；ratio=0.8449；Pearson-distance ratio=0.8704
  峰形多样性：position-std ratio=1.0964；height-IQR ratio=0.8895；width-IQR ratio=1.1309；position frozen=0.000%
  负值：min=-32.506；<-40点=0.000000%；<-40光谱=0.000%
  training逐点包络外：lower点/光谱=0.004734%/5.000%；upper点/光谱=0.015255%/10.000%
  QQ拟合：raw R2=0.999036, RMSE=2.00149；model-normalized R2=0.999036, RMSE=0.00430173；training-standardized R2=0.997963, RMSE=0.109941
  QQ尾宽/oracle区间：lower=1.1299/[0.8499,1.1381]；upper=1.0549/[0.9113,1.1168]；overrun=False；underrun=False
  QQ四段比率[1-10,10-50,50-90,90-99]=[1.1866,1.0643,1.1380,0.9961]；尾部曲率RMSE(lower/upper)=0.0767/0.1822；oracle外分位点=1.98%
[80/126] DEL-M_TEB-S_CHL-H_water：MSE=183.574；RMSE=13.3185；shape-MSE/RMSE=0.0477729/0.216109；model-norm MSE/RMSE=0.00084799/0.028625；cos=0.980326；r=0.976114；W1raw=6.063972；W1norm=0.038787
  平均谱：MSE=31.6952；cos=0.995575；r=0.994580
  train分布参照：generated/train MSE=117.469；held-out/train MSE=218.575；ratio=0.5374
  多样性MSE：train=281.834；generated=234.563；ratio=0.8323；Pearson-distance ratio=1.0969
  峰形多样性：position-std ratio=1.0742；height-IQR ratio=0.9028；width-IQR ratio=1.4778；position frozen=0.000%
  负值：min=-51.764；<-40点=0.009469%；<-40光谱=3.000%
  training逐点包络外：lower点/光谱=0.006839%/7.000%；upper点/光谱=0.099947%/20.000%
  QQ拟合：raw R2=0.998815, RMSE=1.75882；model-normalized R2=0.998815, RMSE=0.00378018；training-standardized R2=0.998377, RMSE=0.148642
  QQ尾宽/oracle区间：lower=1.2544/[0.9116,1.1333]；upper=1.1028/[0.9024,1.1126]；overrun=True；underrun=False
  QQ四段比率[1-10,10-50,50-90,90-99]=[1.4160,1.1195,1.1533,1.0574]；尾部曲率RMSE(lower/upper)=0.1183/0.0906；oracle外分位点=8.91%
[81/126] DEL-M_TEB-S_CHL-M_soil：MSE=154.246；RMSE=12.2243；shape-MSE/RMSE=0.0650194/0.252349；model-norm MSE/RMSE=0.000712513/0.0262733；cos=0.972433；r=0.967490；W1raw=6.111378；W1norm=0.046013
  平均谱：MSE=44.9036；cos=0.989741；r=0.987835
  train分布参照：generated/train MSE=76.9343；held-out/train MSE=215.191；ratio=0.3575
  多样性MSE：train=161.038；generated=135.976；ratio=0.8444；Pearson-distance ratio=0.8794
  峰形多样性：position-std ratio=1.0472；height-IQR ratio=1.0176；width-IQR ratio=1.0774；position frozen=0.000%
  负值：min=-34.256；<-40点=0.000000%；<-40光谱=0.000%
  training逐点包络外：lower点/光谱=0.003156%/3.000%；upper点/光谱=0.014729%/17.000%
  QQ拟合：raw R2=0.998534, RMSE=2.52713；model-normalized R2=0.998534, RMSE=0.00543146；training-standardized R2=0.991267, RMSE=0.114914
  QQ尾宽/oracle区间：lower=1.0090/[0.9006,1.0925]；upper=1.2534/[0.8914,1.1559]；overrun=True；underrun=False
  QQ四段比率[1-10,10-50,50-90,90-99]=[1.1477,0.8630,1.0527,1.4537]；尾部曲率RMSE(lower/upper)=0.1887/0.3092；oracle外分位点=5.94%
[82/126] DEL-M_TEB-S_CHL-M_water：MSE=335.603；RMSE=17.6087；shape-MSE/RMSE=0.071329/0.263702；model-norm MSE/RMSE=0.00155026/0.0378458；cos=0.970706；r=0.964335；W1raw=6.783048；W1norm=0.047676
  平均谱：MSE=69.4064；cos=0.995112；r=0.993997
  train分布参照：generated/train MSE=151.77；held-out/train MSE=181.091；ratio=0.8381
  多样性MSE：train=323.778；generated=273.007；ratio=0.8432；Pearson-distance ratio=0.9414
  峰形多样性：position-std ratio=1.0820；height-IQR ratio=1.2133；width-IQR ratio=1.2175；position frozen=0.000%
  负值：min=-60.794；<-40点=0.012099%；<-40光谱=5.000%
  training逐点包络外：lower点/光谱=0.008943%/8.000%；upper点/光谱=0.023672%/22.000%
  QQ拟合：raw R2=0.999458, RMSE=5.46197；model-normalized R2=0.999458, RMSE=0.0117392；training-standardized R2=0.994052, RMSE=0.258445
  QQ尾宽/oracle区间：lower=1.3847/[0.9169,1.1205]；upper=1.1637/[0.8842,1.1137]；overrun=True；underrun=False
  QQ四段比率[1-10,10-50,50-90,90-99]=[1.6598,1.1332,0.9905,1.3416]；尾部曲率RMSE(lower/upper)=0.2185/0.1451；oracle外分位点=43.56%
[83/126] DEL-M_TEB-S_CHL-S_soil：MSE=234.487；RMSE=15.1517；shape-MSE/RMSE=0.0887367/0.294682；model-norm MSE/RMSE=0.00108317/0.0325649；cos=0.962240；r=0.955632；W1raw=6.009285；W1norm=0.051428
  平均谱：MSE=54.4452；cos=0.988713；r=0.986626
  train分布参照：generated/train MSE=89.2159；held-out/train MSE=148.957；ratio=0.5989
  多样性MSE：train=176.481；generated=149.676；ratio=0.8481；Pearson-distance ratio=0.8288
  峰形多样性：position-std ratio=1.0214；height-IQR ratio=0.9416；width-IQR ratio=1.0399；position frozen=0.000%
  负值：min=-37.441；<-40点=0.000000%；<-40光谱=0.000%
  training逐点包络外：lower点/光谱=0.013151%/12.000%；upper点/光谱=0.021568%/23.000%
  QQ拟合：raw R2=0.997415, RMSE=4.48497；model-normalized R2=0.997415, RMSE=0.00963938；training-standardized R2=0.988908, RMSE=0.275929
  QQ尾宽/oracle区间：lower=1.4926/[0.9331,1.0959]；upper=1.2381/[0.9115,1.1512]；overrun=True；underrun=False
  QQ四段比率[1-10,10-50,50-90,90-99]=[1.7911,1.1612,0.9947,1.4660]；尾部曲率RMSE(lower/upper)=0.4576/0.1975；oracle外分位点=37.62%
[84/126] DEL-M_TEB-S_CHL-S_water：MSE=261.895；RMSE=15.7337；shape-MSE/RMSE=0.0509429/0.219805；model-norm MSE/RMSE=0.00120978/0.0338159；cos=0.978983；r=0.974529；W1raw=7.187032；W1norm=0.048051
  平均谱：MSE=75.7834；cos=0.991451；r=0.989644
  train分布参照：generated/train MSE=96.254；held-out/train MSE=304.795；ratio=0.3158
  多样性MSE：train=231.474；generated=195.523；ratio=0.8447；Pearson-distance ratio=0.7931
  峰形多样性：position-std ratio=0.9822；height-IQR ratio=0.9858；width-IQR ratio=0.9787；position frozen=0.000%
  负值：min=-30.798；<-40点=0.000000%；<-40光谱=0.000%
  training逐点包络外：lower点/光谱=0.001578%/2.000%；upper点/光谱=0.020516%/23.000%
  QQ拟合：raw R2=0.997939, RMSE=4.79098；model-normalized R2=0.997939, RMSE=0.0102971；training-standardized R2=0.997475, RMSE=0.180696
  QQ尾宽/oracle区间：lower=1.0762/[0.9306,1.1062]；upper=1.0247/[0.8841,1.1627]；overrun=False；underrun=False
  QQ四段比率[1-10,10-50,50-90,90-99]=[1.2526,0.9101,0.9640,1.0806]；尾部曲率RMSE(lower/upper)=0.1595/0.0844；oracle外分位点=0.99%
[85/126] DEL-M_TEB-S_soil：MSE=37.3528；RMSE=6.03663；shape-MSE/RMSE=0.0395808/0.196758；model-norm MSE/RMSE=0.000172545/0.0129743；cos=0.981705；r=0.980210；W1raw=2.711003；W1norm=0.035681
  平均谱：MSE=10.9503；cos=0.994432；r=0.993918
  train分布参照：generated/train MSE=23.2687；held-out/train MSE=28.9974；ratio=0.8024
  多样性MSE：train=62.5652；generated=53.4142；ratio=0.8537；Pearson-distance ratio=0.8949
  峰形多样性：position-std ratio=0.9264；height-IQR ratio=1.0835；width-IQR ratio=1.4831；position frozen=10.000%
  负值：min=-24.315；<-40点=0.000000%；<-40光谱=0.000%
  training逐点包络外：lower点/光谱=0.001428%/1.000%；upper点/光谱=0.005710%/4.000%
  QQ拟合：raw R2=0.998508, RMSE=1.31582；model-normalized R2=0.998508, RMSE=0.00282806；training-standardized R2=0.977680, RMSE=0.797913
  QQ尾宽/oracle区间：lower=2.3026/[0.8682,1.1373]；upper=1.9178/[0.8569,1.1789]；overrun=True；underrun=False
  QQ四段比率[1-10,10-50,50-90,90-99]=[2.8605,1.6117,1.4431,2.2778]；尾部曲率RMSE(lower/upper)=1.0899/0.6753；oracle外分位点=63.37%
[86/126] DEL-M_TEB-S_water：MSE=41.3386；RMSE=6.28279；shape-MSE/RMSE=0.0451849/0.207562；model-norm MSE/RMSE=0.000190957/0.0135034；cos=0.979416；r=0.977408；W1raw=3.159824；W1norm=0.037328
  平均谱：MSE=23.7181；cos=0.988686；r=0.987490
  train分布参照：generated/train MSE=17.2439；held-out/train MSE=31.4406；ratio=0.5485
  多样性MSE：train=46.5944；generated=39.9038；ratio=0.8564；Pearson-distance ratio=0.8480
  峰形多样性：position-std ratio=0.8175；height-IQR ratio=0.9408；width-IQR ratio=1.1697；position frozen=0.000%
  负值：min=-22.527；<-40点=0.000000%；<-40光谱=0.000%
  training逐点包络外：lower点/光谱=0.000000%/0.000%；upper点/光谱=0.000000%/0.000%
  QQ拟合：raw R2=0.997628, RMSE=1.98568；model-normalized R2=0.997628, RMSE=0.00426777；training-standardized R2=0.989480, RMSE=0.381036
  QQ尾宽/oracle区间：lower=1.5259/[0.9091,1.1013]；upper=1.6039/[0.9120,1.1365]；overrun=True；underrun=False
  QQ四段比率[1-10,10-50,50-90,90-99]=[1.8227,1.1748,1.2376,1.9464]；尾部曲率RMSE(lower/upper)=0.3837/0.3913；oracle外分位点=40.59%
[87/126] DEL-M_soil：MSE=513.02；RMSE=21.2888；shape-MSE/RMSE=0.113999/0.316112；model-norm MSE/RMSE=0.00236981/0.0457553；cos=0.953637；r=0.943000；W1raw=11.277933；W1norm=0.076549
  平均谱：MSE=393.232；cos=0.988628；r=0.985801
  train分布参照：generated/train MSE=241.81；held-out/train MSE=305.084；ratio=0.7926
  多样性MSE：train=609.855；generated=526.778；ratio=0.8638；Pearson-distance ratio=0.9754
  峰形多样性：position-std ratio=0.9746；height-IQR ratio=1.1680；width-IQR ratio=1.1436；position frozen=10.000%
  负值：min=-79.667；<-40点=0.124197%；<-40光谱=11.000%
  training逐点包络外：lower点/光谱=0.257673%/16.000%；upper点/光谱=0.074233%/17.000%
  QQ拟合：raw R2=0.997608, RMSE=16.2317；model-normalized R2=0.997608, RMSE=0.0348862；training-standardized R2=0.995624, RMSE=0.217597
  QQ尾宽/oracle区间：lower=0.8469/[0.7813,1.2741]；upper=0.8903/[0.6591,1.4912]；overrun=False；underrun=False
  QQ四段比率[1-10,10-50,50-90,90-99]=[0.6802,1.0592,0.8726,0.9139]；尾部曲率RMSE(lower/upper)=0.1423/0.0741；oracle外分位点=0.00%
[88/126] DEL-M_water：MSE=1960.96；RMSE=40.6375；shape-MSE/RMSE=0.0968038/0.301062；model-norm MSE/RMSE=0.00905834/0.0873407；cos=0.960225；r=0.951598；W1raw=12.492398；W1norm=0.051168
  平均谱：MSE=197.266；cos=0.987909；r=0.985274
  train分布参照：generated/train MSE=539.743；held-out/train MSE=891.132；ratio=0.6057
  多样性MSE：train=1950；generated=1682.51；ratio=0.8628；Pearson-distance ratio=1.0569
  峰形多样性：position-std ratio=1.1860；height-IQR ratio=1.3563；width-IQR ratio=1.1427；position frozen=0.000%
  负值：min=-55.420；<-40点=0.011420%；<-40光谱=4.000%
  training逐点包络外：lower点/光谱=0.021413%/11.000%；upper点/光谱=0.139900%/34.000%
  QQ拟合：raw R2=0.984873, RMSE=11.6507；model-normalized R2=0.984873, RMSE=0.0250403；training-standardized R2=0.986825, RMSE=0.147922
  QQ尾宽/oracle区间：lower=1.0362/[0.8547,1.1932]；upper=0.7732/[0.8577,1.1693]；overrun=False；underrun=True
  QQ四段比率[1-10,10-50,50-90,90-99]=[1.0297,1.0421,0.9481,0.6243]；尾部曲率RMSE(lower/upper)=0.0343/0.4883；oracle外分位点=3.96%
[89/126] DEL-S_CHL-H_soil：MSE=183.698；RMSE=13.3812；shape-MSE/RMSE=0.0757872/0.272203；model-norm MSE/RMSE=0.000848562/0.0287597；cos=0.965859；r=0.962106；W1raw=6.024067；W1norm=0.044993
  平均谱：MSE=41.1378；cos=0.992255；r=0.991274
  train分布参照：generated/train MSE=103.516；held-out/train MSE=142.618；ratio=0.7258
  多样性MSE：train=255.223；generated=215.97；ratio=0.8462；Pearson-distance ratio=0.8365
  峰形多样性：position-std ratio=0.9255；height-IQR ratio=0.8720；width-IQR ratio=1.0367；position frozen=0.000%
  负值：min=-46.751；<-40点=0.007365%；<-40光谱=4.000%
  training逐点包络外：lower点/光谱=0.004734%/5.000%；upper点/光谱=0.028406%/35.000%
  QQ拟合：raw R2=0.997867, RMSE=2.69107；model-normalized R2=0.997867, RMSE=0.00578382；training-standardized R2=0.999203, RMSE=0.134703
  QQ尾宽/oracle区间：lower=1.1275/[0.8514,1.1787]；upper=1.0655/[0.8670,1.1387]；overrun=False；underrun=False
  QQ四段比率[1-10,10-50,50-90,90-99]=[1.0908,1.1852,1.1240,1.0239]；尾部曲率RMSE(lower/upper)=0.0335/0.1047；oracle外分位点=11.88%
[90/126] DEL-S_CHL-H_water：MSE=266.473；RMSE=16.0572；shape-MSE/RMSE=0.0836758/0.285153；model-norm MSE/RMSE=0.00123093/0.0345112；cos=0.962644；r=0.958162；W1raw=7.084913；W1norm=0.053332
  平均谱：MSE=79.3973；cos=0.988582；r=0.987450
  train分布参照：generated/train MSE=108.984；held-out/train MSE=166.982；ratio=0.6527
  多样性MSE：train=278.835；generated=236.715；ratio=0.8489；Pearson-distance ratio=0.8428
  峰形多样性：position-std ratio=1.0126；height-IQR ratio=0.9930；width-IQR ratio=0.9634；position frozen=0.000%
  负值：min=-48.218；<-40点=0.015255%；<-40光谱=7.000%
  training逐点包络外：lower点/光谱=0.015781%/14.000%；upper点/光谱=0.066281%/54.000%
  QQ拟合：raw R2=0.995525, RMSE=5.37325；model-normalized R2=0.995525, RMSE=0.0115485；training-standardized R2=0.997963, RMSE=0.128682
  QQ尾宽/oracle区间：lower=1.1850/[0.8575,1.1390]；upper=1.1242/[0.9129,1.1036]；overrun=True；underrun=False
  QQ四段比率[1-10,10-50,50-90,90-99]=[1.2044,1.1566,1.0284,1.2102]；尾部曲率RMSE(lower/upper)=0.1144/0.1279；oracle外分位点=23.76%
[91/126] DEL-S_CHL-M_soil：MSE=168.856；RMSE=12.8122；shape-MSE/RMSE=0.0983682/0.305924；model-norm MSE/RMSE=0.000780004/0.0275368；cos=0.955586；r=0.950816；W1raw=6.055691；W1norm=0.052538
  平均谱：MSE=39.1282；cos=0.988632；r=0.987905
  train分布参照：generated/train MSE=92.0678；held-out/train MSE=174.244；ratio=0.5284
  多样性MSE：train=252.584；generated=214.854；ratio=0.8506；Pearson-distance ratio=0.8448
  峰形多样性：position-std ratio=0.9927；height-IQR ratio=1.2370；width-IQR ratio=1.1102；position frozen=0.000%
  负值：min=-40.376；<-40点=0.001052%；<-40光谱=2.000%
  training逐点包络外：lower点/光谱=0.019463%/14.000%；upper点/光谱=0.016307%/27.000%
  QQ拟合：raw R2=0.996064, RMSE=2.81751；model-normalized R2=0.996064, RMSE=0.00605557；training-standardized R2=0.995289, RMSE=0.220258
  QQ尾宽/oracle区间：lower=1.0222/[0.8970,1.1633]；upper=1.2656/[0.8247,1.1679]；overrun=True；underrun=False
  QQ四段比率[1-10,10-50,50-90,90-99]=[0.9343,1.1719,1.1224,1.4164]；尾部曲率RMSE(lower/upper)=0.2943/0.0983；oracle外分位点=55.45%
[92/126] DEL-S_CHL-M_water：MSE=232.406；RMSE=14.9734；shape-MSE/RMSE=0.119396/0.340088；model-norm MSE/RMSE=0.00107356/0.0321819；cos=0.945988；r=0.940302；W1raw=7.140249；W1norm=0.063947
  平均谱：MSE=115.209；cos=0.971393；r=0.967682
  train分布参照：generated/train MSE=120.784；held-out/train MSE=235.796；ratio=0.5122
  多样性MSE：train=293.192；generated=246.013；ratio=0.8391；Pearson-distance ratio=0.7263
  峰形多样性：position-std ratio=1.0337；height-IQR ratio=0.9457；width-IQR ratio=1.0345；position frozen=0.000%
  负值：min=-75.692；<-40点=0.083114%；<-40光谱=24.000%
  training逐点包络外：lower点/光谱=0.005260%/8.000%；upper点/光谱=0.057864%/53.000%
  QQ拟合：raw R2=0.997229, RMSE=5.31359；model-normalized R2=0.997229, RMSE=0.0114203；training-standardized R2=0.993329, RMSE=0.222741
  QQ尾宽/oracle区间：lower=1.4315/[0.8949,1.1186]；upper=1.2985/[0.8563,1.2224]；overrun=True；underrun=False
  QQ四段比率[1-10,10-50,50-90,90-99]=[1.6843,1.1516,1.0761,1.5087]；尾部曲率RMSE(lower/upper)=0.3093/0.2035；oracle外分位点=35.64%
[93/126] DEL-S_CHL-S_soil：MSE=244.964；RMSE=15.3541；shape-MSE/RMSE=0.134825/0.359591；model-norm MSE/RMSE=0.00113157/0.033；cos=0.939048；r=0.932587；W1raw=6.287297；W1norm=0.067098
  平均谱：MSE=53.3449；cos=0.990224；r=0.989261
  train分布参照：generated/train MSE=105.826；held-out/train MSE=132.246；ratio=0.8002
  多样性MSE：train=267.606；generated=224.892；ratio=0.8404；Pearson-distance ratio=0.9767
  峰形多样性：position-std ratio=1.0124；height-IQR ratio=0.9062；width-IQR ratio=1.1054；position frozen=0.000%
  负值：min=-65.921；<-40点=0.053130%；<-40光谱=11.000%
  training逐点包络外：lower点/光谱=0.018937%/16.000%；upper点/光谱=0.036297%/32.000%
  QQ拟合：raw R2=0.995162, RMSE=5.29657；model-normalized R2=0.995162, RMSE=0.0113837；training-standardized R2=0.997932, RMSE=0.158467
  QQ尾宽/oracle区间：lower=1.0357/[0.8497,1.1426]；upper=1.2232/[0.9226,1.0908]；overrun=True；underrun=False
  QQ四段比率[1-10,10-50,50-90,90-99]=[0.9587,1.1519,1.1036,1.3465]；尾部曲率RMSE(lower/upper)=0.1051/0.1291；oracle外分位点=17.82%
[94/126] DEL-S_CHL-S_water：MSE=208.729；RMSE=14.1057；shape-MSE/RMSE=0.157517/0.388946；model-norm MSE/RMSE=0.000964188/0.0303168；cos=0.929668；r=0.921241；W1raw=6.221822；W1norm=0.070342
  平均谱：MSE=66.4083；cos=0.980831；r=0.978191
  train分布参照：generated/train MSE=117.188；held-out/train MSE=154.484；ratio=0.7586
  多样性MSE：train=273.902；generated=231.46；ratio=0.8450；Pearson-distance ratio=0.9197
  峰形多样性：position-std ratio=1.1282；height-IQR ratio=1.0201；width-IQR ratio=1.1261；position frozen=0.000%
  负值：min=-43.374；<-40点=0.006312%；<-40光谱=5.000%
  training逐点包络外：lower点/光谱=0.008943%/10.000%；upper点/光谱=0.051552%/59.000%
  QQ拟合：raw R2=0.996749, RMSE=4.1342；model-normalized R2=0.996749, RMSE=0.00888548；training-standardized R2=0.996522, RMSE=0.322135
  QQ尾宽/oracle区间：lower=1.5298/[0.9150,1.1028]；upper=1.4131/[0.9201,1.0657]；overrun=True；underrun=False
  QQ四段比率[1-10,10-50,50-90,90-99]=[1.7400,1.2748,1.2436,1.5667]；尾部曲率RMSE(lower/upper)=0.2369/0.1452；oracle外分位点=57.43%
[95/126] DEL-S_TEB-H_CHL-H_soil：MSE=175.642；RMSE=13.0633；shape-MSE/RMSE=0.04464/0.207589；model-norm MSE/RMSE=0.00081135/0.0280766；cos=0.980998；r=0.977680；W1raw=6.046121；W1norm=0.032590
  平均谱：MSE=46.7193；cos=0.995037；r=0.994138
  train分布参照：generated/train MSE=103.995；held-out/train MSE=173.254；ratio=0.6002
  多样性MSE：train=239.819；generated=203.514；ratio=0.8486；Pearson-distance ratio=1.0886
  峰形多样性：position-std ratio=0.9015；height-IQR ratio=1.0400；width-IQR ratio=1.1180；position frozen=0.000%
  负值：min=-45.103；<-40点=0.011047%；<-40光谱=9.000%
  training逐点包络外：lower点/光谱=0.004734%/7.000%；upper点/光谱=0.033666%/24.000%
  QQ拟合：raw R2=0.999682, RMSE=3.04319；model-normalized R2=0.999682, RMSE=0.00654062；training-standardized R2=0.998711, RMSE=0.0948398
  QQ尾宽/oracle区间：lower=1.1772/[0.8096,1.2224]；upper=1.0096/[0.8786,1.1398]；overrun=False；underrun=False
  QQ四段比率[1-10,10-50,50-90,90-99]=[1.2845,1.0725,1.1105,0.9353]；尾部曲率RMSE(lower/upper)=0.0898/0.0877；oracle外分位点=0.99%
[96/126] DEL-S_TEB-H_CHL-H_water：MSE=292.853；RMSE=16.6371；shape-MSE/RMSE=0.0330336/0.178469；model-norm MSE/RMSE=0.00135279/0.0357575；cos=0.986213；r=0.983483；W1raw=7.540791；W1norm=0.038800
  平均谱：MSE=104.523；cos=0.994003；r=0.992733
  train分布参照：generated/train MSE=131.217；held-out/train MSE=256.421；ratio=0.5117
  多样性MSE：train=279.189；generated=237.132；ratio=0.8494；Pearson-distance ratio=0.9090
  峰形多样性：position-std ratio=1.0627；height-IQR ratio=1.1445；width-IQR ratio=1.3430；position frozen=0.000%
  负值：min=-54.478；<-40点=0.016307%；<-40光谱=8.000%
  training逐点包络外：lower点/光谱=0.007365%/8.000%；upper点/光谱=0.041031%/45.000%
  QQ拟合：raw R2=0.998101, RMSE=4.82404；model-normalized R2=0.998101, RMSE=0.0103681；training-standardized R2=0.987033, RMSE=0.298039
  QQ尾宽/oracle区间：lower=1.5074/[0.8724,1.1394]；upper=1.6489/[0.8845,1.1169]；overrun=True；underrun=False
  QQ四段比率[1-10,10-50,50-90,90-99]=[1.9221,1.1195,1.2258,2.1401]；尾部曲率RMSE(lower/upper)=0.3269/0.4227；oracle外分位点=9.90%
[97/126] DEL-S_TEB-H_CHL-M_soil：MSE=189.996；RMSE=13.5212；shape-MSE/RMSE=0.0422659/0.203697；model-norm MSE/RMSE=0.000877654/0.0290607；cos=0.982088；r=0.978867；W1raw=5.860342；W1norm=0.032473
  平均谱：MSE=31.9153；cos=0.996096；r=0.995327
  train分布参照：generated/train MSE=84.4366；held-out/train MSE=219.793；ratio=0.3842
  多样性MSE：train=210.78；generated=179.736；ratio=0.8527；Pearson-distance ratio=0.8811
  峰形多样性：position-std ratio=1.0686；height-IQR ratio=1.0515；width-IQR ratio=1.0907；position frozen=0.000%
  负值：min=-34.727；<-40点=0.000000%；<-40光谱=0.000%
  training逐点包络外：lower点/光谱=0.002104%/3.000%；upper点/光谱=0.009995%/10.000%
  QQ拟合：raw R2=0.999598, RMSE=1.19681；model-normalized R2=0.999598, RMSE=0.00257226；training-standardized R2=0.993435, RMSE=0.135015
  QQ尾宽/oracle区间：lower=1.3083/[0.9364,1.0858]；upper=1.1915/[0.9070,1.1307]；overrun=True；underrun=False
  QQ四段比率[1-10,10-50,50-90,90-99]=[1.6806,1.0026,1.0256,1.3610]；尾部曲率RMSE(lower/upper)=0.3096/0.1733；oracle外分位点=3.96%
[98/126] DEL-S_TEB-H_CHL-M_water：MSE=161.978；RMSE=12.5455；shape-MSE/RMSE=0.0267768/0.161585；model-norm MSE/RMSE=0.000748231/0.0269636；cos=0.988778；r=0.986612；W1raw=6.127534；W1norm=0.032788
  平均谱：MSE=65.7948；cos=0.994667；r=0.993555
  train分布参照：generated/train MSE=91.2655；held-out/train MSE=305.764；ratio=0.2985
  多样性MSE：train=214.897；generated=183.162；ratio=0.8523；Pearson-distance ratio=0.8440
  峰形多样性：position-std ratio=1.0310；height-IQR ratio=1.1418；width-IQR ratio=1.2467；position frozen=0.000%
  负值：min=-41.753；<-40点=0.001052%；<-40光谱=1.000%
  training逐点包络外：lower点/光谱=0.003156%/5.000%；upper点/光谱=0.012099%/18.000%
  QQ拟合：raw R2=0.999018, RMSE=2.67544；model-normalized R2=0.999018, RMSE=0.00575022；training-standardized R2=0.988961, RMSE=0.147961
  QQ尾宽/oracle区间：lower=0.8729/[0.8506,1.1964]；upper=1.2982/[0.9067,1.1253]；overrun=True；underrun=False
  QQ四段比率[1-10,10-50,50-90,90-99]=[0.7815,1.0301,1.1450,1.4580]；尾部曲率RMSE(lower/upper)=0.4601/0.1290；oracle外分位点=2.97%
[99/126] DEL-S_TEB-H_CHL-S_soil：MSE=178.204；RMSE=13.0603；shape-MSE/RMSE=0.0428678/0.205066；model-norm MSE/RMSE=0.000823186/0.0280701；cos=0.981774；r=0.978566；W1raw=5.905702；W1norm=0.034762
  平均谱：MSE=46.3576；cos=0.996065；r=0.995309
  train分布参照：generated/train MSE=100.941；held-out/train MSE=187.755；ratio=0.5376
  多样性MSE：train=231.258；generated=197.099；ratio=0.8523；Pearson-distance ratio=0.8933
  峰形多样性：position-std ratio=0.9794；height-IQR ratio=1.0106；width-IQR ratio=1.2267；position frozen=0.000%
  负值：min=-48.144；<-40点=0.017359%；<-40光谱=9.000%
  training逐点包络外：lower点/光谱=0.003156%/4.000%；upper点/光谱=0.003682%/6.000%
  QQ拟合：raw R2=0.998323, RMSE=5.13023；model-normalized R2=0.998323, RMSE=0.0110262；training-standardized R2=0.997067, RMSE=0.14295
  QQ尾宽/oracle区间：lower=1.2075/[0.9109,1.1480]；upper=1.2082/[0.9278,1.1422]；overrun=True；underrun=False
  QQ四段比率[1-10,10-50,50-90,90-99]=[1.4299,1.0012,1.1108,1.3033]；尾部曲率RMSE(lower/upper)=0.1414/0.1163；oracle外分位点=1.98%
[100/126] DEL-S_TEB-H_CHL-S_water：MSE=330.524；RMSE=17.368；shape-MSE/RMSE=0.0386475/0.193978；model-norm MSE/RMSE=0.0015268/0.0373284；cos=0.983891；r=0.980676；W1raw=6.739649；W1norm=0.039157
  平均谱：MSE=73.8666；cos=0.994293；r=0.993094
  train分布参照：generated/train MSE=102.621；held-out/train MSE=234.514；ratio=0.4376
  多样性MSE：train=234.555；generated=200.309；ratio=0.8540；Pearson-distance ratio=0.7950
  峰形多样性：position-std ratio=0.9994；height-IQR ratio=1.0644；width-IQR ratio=1.3505；position frozen=0.000%
  负值：min=-35.117；<-40点=0.000000%；<-40光谱=0.000%
  training逐点包络外：lower点/光谱=0.006839%/8.000%；upper点/光谱=0.008417%/11.000%
  QQ拟合：raw R2=0.998160, RMSE=4.12106；model-normalized R2=0.998160, RMSE=0.00885724；training-standardized R2=0.994690, RMSE=0.120978
  QQ尾宽/oracle区间：lower=1.1835/[0.8436,1.1623]；upper=0.9417/[0.8834,1.1536]；overrun=True；underrun=False
  QQ四段比率[1-10,10-50,50-90,90-99]=[1.3465,1.0266,0.9895,0.9056]；尾部曲率RMSE(lower/upper)=0.1340/0.2586；oracle外分位点=1.98%
[101/126] DEL-S_TEB-H_soil：MSE=40.2692；RMSE=6.20687；shape-MSE/RMSE=0.0401553/0.196042；model-norm MSE/RMSE=0.000186017/0.0133402；cos=0.981605；r=0.979922；W1raw=2.592169；W1norm=0.034653
  平均谱：MSE=9.36455；cos=0.995976；r=0.995595
  train分布参照：generated/train MSE=19.89；held-out/train MSE=29.5199；ratio=0.6738
  多样性MSE：train=57.3686；generated=48.8848；ratio=0.8521；Pearson-distance ratio=0.8768
  峰形多样性：position-std ratio=1.0385；height-IQR ratio=0.9937；width-IQR ratio=1.0634；position frozen=0.000%
  负值：min=-22.896；<-40点=0.000000%；<-40光谱=0.000%
  training逐点包络外：lower点/光谱=0.000000%/0.000%；upper点/光谱=0.009279%/3.000%
  QQ拟合：raw R2=0.997444, RMSE=1.37599；model-normalized R2=0.997444, RMSE=0.00295736；training-standardized R2=0.980318, RMSE=0.555658
  QQ尾宽/oracle区间：lower=1.9285/[0.8906,1.2113]；upper=1.6939/[0.9004,1.1593]；overrun=True；underrun=False
  QQ四段比率[1-10,10-50,50-90,90-99]=[2.4053,1.4130,1.1623,2.2657]；尾部曲率RMSE(lower/upper)=0.7619/0.5436；oracle外分位点=64.36%
[102/126] DEL-S_TEB-H_water：MSE=46.5786；RMSE=6.72368；shape-MSE/RMSE=0.0426253/0.20339；model-norm MSE/RMSE=0.000215162/0.014451；cos=0.980587；r=0.978687；W1raw=2.683186；W1norm=0.031996
  平均谱：MSE=12.0822；cos=0.994735；r=0.994198
  train分布参照：generated/train MSE=24.3754；held-out/train MSE=32.7199；ratio=0.7450
  多样性MSE：train=67.2656；generated=57.0359；ratio=0.8479；Pearson-distance ratio=0.8313
  峰形多样性：position-std ratio=0.8757；height-IQR ratio=0.9871；width-IQR ratio=1.0480；position frozen=0.000%
  负值：min=-20.638；<-40点=0.000000%；<-40光谱=0.000%
  training逐点包络外：lower点/光谱=0.000000%/0.000%；upper点/光谱=0.000000%/0.000%
  QQ拟合：raw R2=0.998798, RMSE=1.04325；model-normalized R2=0.998798, RMSE=0.00224222；training-standardized R2=0.997487, RMSE=0.47401
  QQ尾宽/oracle区间：lower=1.5392/[0.8983,1.0984]；upper=1.5874/[0.9103,1.0975]；overrun=True；underrun=False
  QQ四段比率[1-10,10-50,50-90,90-99]=[1.6610,1.3752,1.3682,1.7766]；尾部曲率RMSE(lower/upper)=0.1923/0.1896；oracle外分位点=73.27%
[103/126] DEL-S_TEB-M_CHL-H_soil：MSE=131.18；RMSE=11.2589；shape-MSE/RMSE=0.0431525/0.20531；model-norm MSE/RMSE=0.000605964/0.0241984；cos=0.981897；r=0.978424；W1raw=5.273153；W1norm=0.034002
  平均谱：MSE=31.3798；cos=0.994460；r=0.993547
  train分布参照：generated/train MSE=75.7556；held-out/train MSE=114.691；ratio=0.6605
  多样性MSE：train=161.888；generated=136.852；ratio=0.8453；Pearson-distance ratio=0.8717
  峰形多样性：position-std ratio=1.0372；height-IQR ratio=1.1080；width-IQR ratio=0.9167；position frozen=0.000%
  负值：min=-40.233；<-40点=0.000526%；<-40光谱=1.000%
  training逐点包络外：lower点/光谱=0.006839%/7.000%；upper点/光谱=0.016833%/17.000%
  QQ拟合：raw R2=0.999087, RMSE=1.95603；model-normalized R2=0.999087, RMSE=0.00420402；training-standardized R2=0.995156, RMSE=0.25719
  QQ尾宽/oracle区间：lower=1.3282/[0.9159,1.0782]；upper=1.3569/[0.8715,1.2183]；overrun=True；underrun=False
  QQ四段比率[1-10,10-50,50-90,90-99]=[1.5124,1.1173,1.1833,1.5113]；尾部曲率RMSE(lower/upper)=0.2021/0.2771；oracle外分位点=35.64%
[104/126] DEL-S_TEB-M_CHL-H_water：MSE=213.106；RMSE=14.358；shape-MSE/RMSE=0.0479611/0.216499；model-norm MSE/RMSE=0.000984409/0.0308591；cos=0.980002；r=0.976019；W1raw=5.920788；W1norm=0.036752
  平均谱：MSE=39.5198；cos=0.995061；r=0.994022
  train分布参照：generated/train MSE=94.6529；held-out/train MSE=153.458；ratio=0.6168
  多样性MSE：train=227.025；generated=191.914；ratio=0.8453；Pearson-distance ratio=0.8163
  峰形多样性：position-std ratio=1.1422；height-IQR ratio=0.9773；width-IQR ratio=1.1978；position frozen=0.000%
  负值：min=-50.717；<-40点=0.015781%；<-40光谱=7.000%
  training逐点包络外：lower点/光谱=0.006312%/7.000%；upper点/光谱=0.097317%/78.000%
  QQ拟合：raw R2=0.999165, RMSE=1.79669；model-normalized R2=0.999165, RMSE=0.00386157；training-standardized R2=0.992733, RMSE=0.203356
  QQ尾宽/oracle区间：lower=1.4434/[0.8603,1.1602]；upper=1.2641/[0.8229,1.2094]；overrun=True；underrun=False
  QQ四段比率[1-10,10-50,50-90,90-99]=[1.7713,1.1014,1.1329,1.3763]；尾部曲率RMSE(lower/upper)=0.3487/0.1617；oracle外分位点=4.95%
[105/126] DEL-S_TEB-M_CHL-M_soil：MSE=159.614；RMSE=12.4766；shape-MSE/RMSE=0.0653486/0.253732；model-norm MSE/RMSE=0.000737313/0.0268154；cos=0.972411；r=0.967326；W1raw=5.558694；W1norm=0.040528
  平均谱：MSE=32.7734；cos=0.992772；r=0.991364
  train分布参照：generated/train MSE=80.5864；held-out/train MSE=129.886；ratio=0.6204
  多样性MSE：train=184.173；generated=156.367；ratio=0.8490；Pearson-distance ratio=0.8746
  峰形多样性：position-std ratio=1.0626；height-IQR ratio=0.9767；width-IQR ratio=1.1231；position frozen=0.000%
  负值：min=-45.226；<-40点=0.007365%；<-40光谱=5.000%
  training逐点包络外：lower点/光谱=0.005260%/8.000%；upper点/光谱=0.005260%/9.000%
  QQ拟合：raw R2=0.999605, RMSE=0.890169；model-normalized R2=0.999605, RMSE=0.00191321；training-standardized R2=0.995720, RMSE=0.12149
  QQ尾宽/oracle区间：lower=1.1724/[0.9111,1.1293]；upper=1.2715/[0.9342,1.0971]；overrun=True；underrun=False
  QQ四段比率[1-10,10-50,50-90,90-99]=[1.3495,0.9911,1.0836,1.4554]；尾部曲率RMSE(lower/upper)=0.1535/0.2119；oracle外分位点=2.97%
[106/126] DEL-S_TEB-M_CHL-M_water：MSE=162.123；RMSE=12.536；shape-MSE/RMSE=0.0423093/0.202739；model-norm MSE/RMSE=0.000748903/0.0269433；cos=0.982464；r=0.978845；W1raw=6.003266；W1norm=0.039693
  平均谱：MSE=35.8553；cos=0.995275；r=0.994240
  train分布参照：generated/train MSE=103.908；held-out/train MSE=196.977；ratio=0.5275
  多样性MSE：train=236.158；generated=199.785；ratio=0.8460；Pearson-distance ratio=0.8458
  峰形多样性：position-std ratio=0.9880；height-IQR ratio=1.0830；width-IQR ratio=1.3240；position frozen=0.000%
  负值：min=-31.982；<-40点=0.000000%；<-40光谱=0.000%
  training逐点包络外：lower点/光谱=0.002630%/4.000%；upper点/光谱=0.051026%/25.000%
  QQ拟合：raw R2=0.998920, RMSE=1.86383；model-normalized R2=0.998920, RMSE=0.00400586；training-standardized R2=0.996704, RMSE=0.126919
  QQ尾宽/oracle区间：lower=1.2373/[0.9100,1.1228]；upper=1.2249/[0.8662,1.1763]；overrun=True；underrun=False
  QQ四段比率[1-10,10-50,50-90,90-99]=[1.4761,1.0075,1.0919,1.3583]；尾部曲率RMSE(lower/upper)=0.1763/0.1633；oracle外分位点=3.96%
[107/126] DEL-S_TEB-M_CHL-S_soil：MSE=217.384；RMSE=14.4744；shape-MSE/RMSE=0.0865884/0.290969；model-norm MSE/RMSE=0.00100417/0.0311092；cos=0.963005；r=0.956706；W1raw=6.231516；W1norm=0.047740
  平均谱：MSE=47.0889；cos=0.988604；r=0.986540
  train分布参照：generated/train MSE=87.8445；held-out/train MSE=185.871；ratio=0.4726
  多样性MSE：train=208.421；generated=175.411；ratio=0.8416；Pearson-distance ratio=0.8332
  峰形多样性：position-std ratio=0.9214；height-IQR ratio=0.9758；width-IQR ratio=1.2223；position frozen=0.000%
  负值：min=-33.520；<-40点=0.000000%；<-40光谱=0.000%
  training逐点包络外：lower点/光谱=0.007365%/9.000%；upper点/光谱=0.032088%/21.000%
  QQ拟合：raw R2=0.998146, RMSE=2.18117；model-normalized R2=0.998146, RMSE=0.00468791；training-standardized R2=0.999216, RMSE=0.0665308
  QQ尾宽/oracle区间：lower=1.0098/[0.8817,1.1453]；upper=1.0252/[0.9073,1.1003]；overrun=False；underrun=False
  QQ四段比率[1-10,10-50,50-90,90-99]=[1.0082,1.0118,1.0379,1.0155]；尾部曲率RMSE(lower/upper)=0.0317/0.1089；oracle外分位点=0.00%
[108/126] DEL-S_TEB-M_CHL-S_water：MSE=182.765；RMSE=13.2975；shape-MSE/RMSE=0.0587123/0.239124；model-norm MSE/RMSE=0.000844254/0.0285797；cos=0.975068；r=0.970644；W1raw=6.385977；W1norm=0.045034
  平均谱：MSE=60.4548；cos=0.990264；r=0.988455
  train分布参照：generated/train MSE=103.824；held-out/train MSE=236.386；ratio=0.4392
  多样性MSE：train=230.998；generated=195.521；ratio=0.8464；Pearson-distance ratio=0.8446
  峰形多样性：position-std ratio=1.0513；height-IQR ratio=0.9598；width-IQR ratio=1.3760；position frozen=0.000%
  负值：min=-43.156；<-40点=0.002104%；<-40光谱=1.000%
  training逐点包络外：lower点/光谱=0.005786%/7.000%；upper点/光谱=0.013151%/13.000%
  QQ拟合：raw R2=0.996484, RMSE=2.9491；model-normalized R2=0.996484, RMSE=0.0063384；training-standardized R2=0.994842, RMSE=0.14901
  QQ尾宽/oracle区间：lower=1.1957/[0.9155,1.0976]；upper=1.0156/[0.8308,1.1858]；overrun=True；underrun=False
  QQ四段比率[1-10,10-50,50-90,90-99]=[1.1768,1.2221,1.0061,1.0232]；尾部曲率RMSE(lower/upper)=0.0879/0.2705；oracle外分位点=0.99%
[109/126] DEL-S_TEB-M_soil：MSE=33.016；RMSE=5.64298；shape-MSE/RMSE=0.0342308/0.182043；model-norm MSE/RMSE=0.000152512/0.0121282；cos=0.984289；r=0.982885；W1raw=2.727962；W1norm=0.036623
  平均谱：MSE=16.1572；cos=0.991815；r=0.991062
  train分布参照：generated/train MSE=20.3694；held-out/train MSE=25.7341；ratio=0.7915
  多样性MSE：train=58.6869；generated=50.1963；ratio=0.8553；Pearson-distance ratio=0.8545
  峰形多样性：position-std ratio=0.9330；height-IQR ratio=0.9677；width-IQR ratio=1.1631；position frozen=0.000%
  负值：min=-21.246；<-40点=0.000000%；<-40光谱=0.000%
  training逐点包络外：lower点/光谱=0.000000%/0.000%；upper点/光谱=0.002141%/2.000%
  QQ拟合：raw R2=0.999324, RMSE=1.33419；model-normalized R2=0.999324, RMSE=0.00286752；training-standardized R2=0.997067, RMSE=0.478352
  QQ尾宽/oracle区间：lower=1.5388/[0.8911,1.1674]；upper=1.5375/[0.9018,1.1529]；overrun=True；underrun=False
  QQ四段比率[1-10,10-50,50-90,90-99]=[1.6843,1.3383,1.3585,1.6709]；尾部曲率RMSE(lower/upper)=0.2220/0.2902；oracle外分位点=74.26%
[110/126] DEL-S_TEB-M_water：MSE=28.0604；RMSE=5.22534；shape-MSE/RMSE=0.029812/0.170482；model-norm MSE/RMSE=0.00012962/0.0112306；cos=0.986421；r=0.985094；W1raw=2.198591；W1norm=0.027465
  平均谱：MSE=4.24779；cos=0.997962；r=0.997750
  train分布参照：generated/train MSE=18.4298；held-out/train MSE=25.6823；ratio=0.7176
  多样性MSE：train=49.3739；generated=42.3826；ratio=0.8584；Pearson-distance ratio=0.8736
  峰形多样性：position-std ratio=1.0452；height-IQR ratio=1.0660；width-IQR ratio=1.0685；position frozen=0.000%
  负值：min=-19.445；<-40点=0.000000%；<-40光谱=0.000%
  training逐点包络外：lower点/光谱=0.000000%/0.000%；upper点/光谱=0.000000%/0.000%
  QQ拟合：raw R2=0.999171, RMSE=1.29205；model-normalized R2=0.999171, RMSE=0.00277696；training-standardized R2=0.980454, RMSE=0.790503
  QQ尾宽/oracle区间：lower=2.2441/[0.8966,1.1586]；upper=2.1134/[0.8808,1.1287]；overrun=True；underrun=False
  QQ四段比率[1-10,10-50,50-90,90-99]=[2.9045,1.5014,1.8012,2.3191]；尾部曲率RMSE(lower/upper)=0.7762/0.7820；oracle外分位点=74.26%
[111/126] DEL-S_TEB-S_CHL-H_soil：MSE=161.374；RMSE=12.4383；shape-MSE/RMSE=0.0940706/0.303276；model-norm MSE/RMSE=0.000745439/0.0267333；cos=0.959220；r=0.952965；W1raw=5.288802；W1norm=0.044488
  平均谱：MSE=25.7886；cos=0.994302；r=0.993355
  train分布参照：generated/train MSE=81.201；held-out/train MSE=160.714；ratio=0.5053
  多样性MSE：train=204.583；generated=174.317；ratio=0.8521；Pearson-distance ratio=0.7928
  峰形多样性：position-std ratio=1.0813；height-IQR ratio=0.9000；width-IQR ratio=1.0169；position frozen=0.000%
  负值：min=-52.398；<-40点=0.024198%；<-40光谱=10.000%
  training逐点包络外：lower点/光谱=0.006312%/7.000%；upper点/光谱=0.002630%/3.000%
  QQ拟合：raw R2=0.999131, RMSE=3.41418；model-normalized R2=0.999131, RMSE=0.00733798；training-standardized R2=0.993507, RMSE=0.196009
  QQ尾宽/oracle区间：lower=1.3922/[0.9120,1.1668]；upper=1.1307/[0.8947,1.1508]；overrun=True；underrun=False
  QQ四段比率[1-10,10-50,50-90,90-99]=[1.5895,1.1966,1.0615,1.1887]；尾部曲率RMSE(lower/upper)=0.2558/0.1667；oracle外分位点=3.96%
[112/126] DEL-S_TEB-S_CHL-H_water：MSE=207.694；RMSE=14.0971；shape-MSE/RMSE=0.0936268/0.302265；model-norm MSE/RMSE=0.000959407/0.0302984；cos=0.960499；r=0.953187；W1raw=5.972550；W1norm=0.052037
  平均谱：MSE=32.5707；cos=0.991953；r=0.990660
  train分布参照：generated/train MSE=116.158；held-out/train MSE=159.609；ratio=0.7278
  多样性MSE：train=259.97；generated=219.785；ratio=0.8454；Pearson-distance ratio=0.8557
  峰形多样性：position-std ratio=1.1588；height-IQR ratio=0.9768；width-IQR ratio=1.2986；position frozen=0.000%
  负值：min=-57.749；<-40点=0.025250%；<-40光谱=8.000%
  training逐点包络外：lower点/光谱=0.005786%/7.000%；upper点/光谱=0.030510%/35.000%
  QQ拟合：raw R2=0.998256, RMSE=2.63593；model-normalized R2=0.998256, RMSE=0.0056653；training-standardized R2=0.990134, RMSE=0.269414
  QQ尾宽/oracle区间：lower=1.4949/[0.9317,1.1076]；upper=1.1570/[0.8973,1.1361]；overrun=True；underrun=False
  QQ四段比率[1-10,10-50,50-90,90-99]=[1.7092,1.2642,0.9858,1.3338]；尾部曲率RMSE(lower/upper)=0.3837/0.1204；oracle外分位点=27.72%
[113/126] DEL-S_TEB-S_CHL-M_soil：MSE=167.647；RMSE=12.6274；shape-MSE/RMSE=0.130749/0.35152；model-norm MSE/RMSE=0.000774418/0.0271396；cos=0.944206；r=0.934626；W1raw=5.549093；W1norm=0.058346
  平均谱：MSE=32.0976；cos=0.992834；r=0.991426
  train分布参照：generated/train MSE=142.736；held-out/train MSE=137.673；ratio=1.0368
  多样性MSE：train=249.722；generated=211.338；ratio=0.8463；Pearson-distance ratio=0.7798
  峰形多样性：position-std ratio=0.9897；height-IQR ratio=0.9168；width-IQR ratio=1.1867；position frozen=0.000%
  负值：min=-27.781；<-40点=0.000000%；<-40光谱=0.000%
  training逐点包络外：lower点/光谱=0.006312%/8.000%；upper点/光谱=0.028406%/31.000%
  QQ拟合：raw R2=0.998798, RMSE=3.46906；model-normalized R2=0.998798, RMSE=0.00745593；training-standardized R2=0.985613, RMSE=0.388899
  QQ尾宽/oracle区间：lower=1.5817/[0.8959,1.1227]；upper=1.6470/[0.8290,1.2155]；overrun=True；underrun=False
  QQ四段比率[1-10,10-50,50-90,90-99]=[1.9559,1.1815,1.2855,2.0074]；尾部曲率RMSE(lower/upper)=0.4576/0.5334；oracle外分位点=58.42%
[114/126] DEL-S_TEB-S_CHL-M_water：MSE=245.555；RMSE=15.274；shape-MSE/RMSE=0.0949356/0.303119；model-norm MSE/RMSE=0.0011343/0.0328279；cos=0.959878；r=0.952532；W1raw=6.041220；W1norm=0.055605
  平均谱：MSE=28.8595；cos=0.990966；r=0.989351
  train分布参照：generated/train MSE=123.374；held-out/train MSE=146.435；ratio=0.8425
  多样性MSE：train=218.447；generated=184.026；ratio=0.8424；Pearson-distance ratio=0.8784
  峰形多样性：position-std ratio=1.0758；height-IQR ratio=0.9447；width-IQR ratio=1.3394；position frozen=0.000%
  负值：min=-72.482；<-40点=0.050500%；<-40光谱=13.000%
  training逐点包络外：lower点/光谱=0.001052%/1.000%；upper点/光谱=0.034719%/24.000%
  QQ拟合：raw R2=0.998990, RMSE=1.4848；model-normalized R2=0.998990, RMSE=0.00319123；training-standardized R2=0.994914, RMSE=0.133385
  QQ尾宽/oracle区间：lower=1.0733/[0.8891,1.1290]；upper=1.2541/[0.9343,1.0866]；overrun=True；underrun=False
  QQ四段比率[1-10,10-50,50-90,90-99]=[1.1887,0.9346,1.0354,1.4867]；尾部曲率RMSE(lower/upper)=0.1308/0.2569；oracle外分位点=1.98%
[115/126] DEL-S_TEB-S_CHL-S_soil：MSE=224.773；RMSE=14.6097；shape-MSE/RMSE=0.240031/0.475598；model-norm MSE/RMSE=0.0010383/0.0314001；cos=0.894473；r=0.879985；W1raw=7.280155；W1norm=0.084987
  平均谱：MSE=97.7096；cos=0.974074；r=0.969351
  train分布参照：generated/train MSE=122.769；held-out/train MSE=148.675；ratio=0.8257
  多样性MSE：train=287.149；generated=241.053；ratio=0.8395；Pearson-distance ratio=0.8578
  峰形多样性：position-std ratio=1.0617；height-IQR ratio=0.9695；width-IQR ratio=0.9941；position frozen=0.000%
  负值：min=-45.080；<-40点=0.007891%；<-40光谱=3.000%
  training逐点包络外：lower点/光谱=0.011573%/11.000%；upper点/光谱=0.031562%/36.000%
  QQ拟合：raw R2=0.995805, RMSE=6.49647；model-normalized R2=0.995805, RMSE=0.0139626；training-standardized R2=0.992108, RMSE=0.327738
  QQ尾宽/oracle区间：lower=1.5763/[0.9039,1.1301]；upper=1.3194/[0.8973,1.1342]；overrun=True；underrun=False
  QQ四段比率[1-10,10-50,50-90,90-99]=[1.9412,1.2147,1.1242,1.4958]；尾部曲率RMSE(lower/upper)=0.3622/0.1731；oracle外分位点=48.51%
[116/126] DEL-S_TEB-S_CHL-S_water：MSE=206.643；RMSE=14.1928；shape-MSE/RMSE=0.105855/0.321909；model-norm MSE/RMSE=0.000954552/0.030504；cos=0.955391；r=0.947073；W1raw=5.571159；W1norm=0.051090
  平均谱：MSE=26.2151；cos=0.992351；r=0.990734
  train分布参照：generated/train MSE=94.7206；held-out/train MSE=188.394；ratio=0.5028
  多样性MSE：train=239.653；generated=202.821；ratio=0.8463；Pearson-distance ratio=0.8233
  峰形多样性：position-std ratio=0.9838；height-IQR ratio=1.1039；width-IQR ratio=1.0295；position frozen=0.000%
  负值：min=-37.068；<-40点=0.000000%；<-40光谱=0.000%
  training逐点包络外：lower点/光谱=0.004734%/6.000%；upper点/光谱=0.017885%/20.000%
  QQ拟合：raw R2=0.999231, RMSE=1.01577；model-normalized R2=0.999231, RMSE=0.00218316；training-standardized R2=0.997482, RMSE=0.162074
  QQ尾宽/oracle区间：lower=1.1375/[0.8929,1.1330]；upper=1.2309/[0.9173,1.1191]；overrun=True；underrun=False
  QQ四段比率[1-10,10-50,50-90,90-99]=[1.1053,1.1840,1.0525,1.4223]；尾部曲率RMSE(lower/upper)=0.0418/0.1748；oracle外分位点=3.96%
[117/126] DEL-S_TEB-S_soil：MSE=17.2148；RMSE=4.10109；shape-MSE/RMSE=0.0417514/0.202229；model-norm MSE/RMSE=7.95208e-05/0.00881433；cos=0.980733；r=0.979124；W1raw=1.544123；W1norm=0.031349
  平均谱：MSE=2.4699；cos=0.997124；r=0.996865
  train分布参照：generated/train MSE=10.3524；held-out/train MSE=14.3567；ratio=0.7211
  多样性MSE：train=27.5535；generated=23.5369；ratio=0.8542；Pearson-distance ratio=0.8317
  峰形多样性：position-std ratio=0.9737；height-IQR ratio=1.1054；width-IQR ratio=1.1743；position frozen=0.000%
  负值：min=-15.121；<-40点=0.000000%；<-40光谱=0.000%
  training逐点包络外：lower点/光谱=0.000000%/0.000%；upper点/光谱=0.000000%/0.000%
  QQ拟合：raw R2=0.999360, RMSE=0.612671；model-normalized R2=0.999360, RMSE=0.00131679；training-standardized R2=0.991879, RMSE=0.555648
  QQ尾宽/oracle区间：lower=1.8180/[0.9172,1.0912]；upper=1.5542/[0.8692,1.1660]；overrun=True；underrun=False
  QQ四段比率[1-10,10-50,50-90,90-99]=[2.1113,1.4628,1.3354,1.7166]；尾部曲率RMSE(lower/upper)=0.5546/0.2645；oracle外分位点=76.24%
[118/126] DEL-S_TEB-S_water：MSE=12.1639；RMSE=3.4489；shape-MSE/RMSE=0.0306079/0.173334；model-norm MSE/RMSE=5.61891e-05/0.0074126；cos=0.986176；r=0.984696；W1raw=1.507107；W1norm=0.029168
  平均谱：MSE=2.01303；cos=0.997587；r=0.997317
  train分布参照：generated/train MSE=8.31096；held-out/train MSE=9.27455；ratio=0.8961
  多样性MSE：train=22.0678；generated=18.956；ratio=0.8590；Pearson-distance ratio=0.8954
  峰形多样性：position-std ratio=0.8259；height-IQR ratio=0.8772；width-IQR ratio=1.5113；position frozen=0.000%
  负值：min=-16.235；<-40点=0.000000%；<-40光谱=0.000%
  training逐点包络外：lower点/光谱=0.000000%/0.000%；upper点/光谱=0.000000%/0.000%
  QQ拟合：raw R2=0.999316, RMSE=0.47729；model-normalized R2=0.999316, RMSE=0.00102583；training-standardized R2=0.979791, RMSE=1.23482
  QQ尾宽/oracle区间：lower=2.5165/[0.8346,1.2120]；upper=2.6323/[0.9123,1.1169]；overrun=True；underrun=False
  QQ四段比率[1-10,10-50,50-90,90-99]=[2.8275,2.0166,1.9301,3.1501]；尾部曲率RMSE(lower/upper)=1.2741/1.0211；oracle外分位点=76.24%
[119/126] DEL-S_soil：MSE=490.19；RMSE=20.5263；shape-MSE/RMSE=0.17461/0.372112；model-norm MSE/RMSE=0.00226435/0.0441165；cos=0.928779；r=0.912695；W1raw=7.477124；W1norm=0.060890
  平均谱：MSE=77.7605；cos=0.992201；r=0.990633
  train分布参照：generated/train MSE=209.318；held-out/train MSE=203.272；ratio=1.0297
  多样性MSE：train=633.442；generated=545.253；ratio=0.8608；Pearson-distance ratio=0.7590
  峰形多样性：position-std ratio=1.1095；height-IQR ratio=0.9919；width-IQR ratio=1.2314；position frozen=0.000%
  负值：min=-44.685；<-40点=0.001428%；<-40光谱=1.000%
  training逐点包络外：lower点/光谱=0.002141%/2.000%；upper点/光谱=0.007138%/6.000%
  QQ拟合：raw R2=0.994468, RMSE=6.16788；model-normalized R2=0.994468, RMSE=0.0132564；training-standardized R2=0.993937, RMSE=0.103912
  QQ尾宽/oracle区间：lower=0.7855/[0.9068,1.1491]；upper=0.9289/[0.8146,1.3069]；overrun=False；underrun=True
  QQ四段比率[1-10,10-50,50-90,90-99]=[0.5930,1.0119,1.0382,0.8115]；尾部曲率RMSE(lower/upper)=0.2905/0.1498；oracle外分位点=0.99%
[120/126] DEL-S_water：MSE=895.899；RMSE=27.6451；shape-MSE/RMSE=0.204809/0.4178；model-norm MSE/RMSE=0.00413846/0.0594165；cos=0.914211；r=0.897596；W1raw=8.526632；W1norm=0.060957
  平均谱：MSE=99.4324；cos=0.978841；r=0.975687
  train分布参照：generated/train MSE=406.479；held-out/train MSE=315.792；ratio=1.2872
  多样性MSE：train=1215.97；generated=1005.68；ratio=0.8271；Pearson-distance ratio=0.9408
  峰形多样性：position-std ratio=0.8444；height-IQR ratio=1.0377；width-IQR ratio=1.1617；position frozen=0.000%
  负值：min=-78.466；<-40点=0.165596%；<-40光谱=21.000%
  training逐点包络外：lower点/光谱=0.008565%/5.000%；upper点/光谱=0.109921%/17.000%
  QQ拟合：raw R2=0.994281, RMSE=3.89652；model-normalized R2=0.994281, RMSE=0.00837464；training-standardized R2=0.993159, RMSE=0.161981
  QQ尾宽/oracle区间：lower=1.0268/[0.8657,1.3189]；upper=0.9826/[0.8900,1.1502]；overrun=False；underrun=False
  QQ四段比率[1-10,10-50,50-90,90-99]=[0.9054,1.1887,1.2159,0.7803]；尾部曲率RMSE(lower/upper)=0.2864/0.3085；oracle外分位点=6.93%
[121/126] TEB-H_soil：MSE=80.1701；RMSE=8.81936；shape-MSE/RMSE=0.00993354/0.0979501；model-norm MSE/RMSE=0.000370332/0.0189551；cos=0.995587；r=0.995033；W1raw=4.493589；W1norm=0.024300
  平均谱：MSE=42.4206；cos=0.998616；r=0.998473
  train分布参照：generated/train MSE=44.1262；held-out/train MSE=72.7135；ratio=0.6069
  多样性MSE：train=126.671；generated=107.651；ratio=0.8498；Pearson-distance ratio=0.7991
  峰形多样性：position-std ratio=0.9039；height-IQR ratio=0.9899；width-IQR ratio=0.9844；position frozen=0.000%
  负值：min=-44.280；<-40点=0.007852%；<-40光谱=4.000%
  training逐点包络外：lower点/光谱=0.002141%/1.000%；upper点/光谱=0.003569%/5.000%
  QQ拟合：raw R2=0.999116, RMSE=5.20419；model-normalized R2=0.999116, RMSE=0.0111852；training-standardized R2=0.989768, RMSE=0.420329
  QQ尾宽/oracle区间：lower=1.5138/[0.9152,1.1124]；upper=1.6026/[0.8444,1.1579]；overrun=True；underrun=False
  QQ四段比率[1-10,10-50,50-90,90-99]=[1.8381,1.1882,1.2899,1.9213]；尾部曲率RMSE(lower/upper)=0.3718/0.4942；oracle外分位点=49.50%
[122/126] TEB-H_water：MSE=97.7095；RMSE=9.71216；shape-MSE/RMSE=0.0128238/0.11058；model-norm MSE/RMSE=0.000451353/0.020874；cos=0.994264；r=0.993588；W1raw=4.449337；W1norm=0.024885
  平均谱：MSE=45.5136；cos=0.997284；r=0.996953
  train分布参照：generated/train MSE=47.9578；held-out/train MSE=62.3501；ratio=0.7692
  多样性MSE：train=131.554；generated=111.687；ratio=0.8490；Pearson-distance ratio=0.8935
  峰形多样性：position-std ratio=1.0069；height-IQR ratio=1.0860；width-IQR ratio=1.2217；position frozen=0.000%
  负值：min=-45.355；<-40点=0.007852%；<-40光谱=4.000%
  training逐点包络外：lower点/光谱=0.000000%/0.000%；upper点/光谱=0.005710%/3.000%
  QQ拟合：raw R2=0.999822, RMSE=2.71753；model-normalized R2=0.999822, RMSE=0.00584069；training-standardized R2=0.982472, RMSE=0.648593
  QQ尾宽/oracle区间：lower=1.8917/[0.8577,1.1396]；upper=1.8876/[0.8792,1.1576]；overrun=True；underrun=False
  QQ四段比率[1-10,10-50,50-90,90-99]=[2.3120,1.4303,1.3817,2.4004]；尾部曲率RMSE(lower/upper)=0.7394/0.7222；oracle外分位点=72.28%
[123/126] TEB-M_soil：MSE=110.266；RMSE=10.2624；shape-MSE/RMSE=0.0241321/0.153817；model-norm MSE/RMSE=0.000509355/0.0220567；cos=0.989350；r=0.987934；W1raw=4.063603；W1norm=0.030857
  平均谱：MSE=23.005；cos=0.997331；r=0.996955
  train分布参照：generated/train MSE=41.0404；held-out/train MSE=60.5251；ratio=0.6781
  多样性MSE：train=118.056；generated=100.079；ratio=0.8477；Pearson-distance ratio=0.8600
  峰形多样性：position-std ratio=0.9090；height-IQR ratio=1.1221；width-IQR ratio=1.2421；position frozen=0.000%
  负值：min=-33.255；<-40点=0.000000%；<-40光谱=0.000%
  training逐点包络外：lower点/光谱=0.000000%/0.000%；upper点/光谱=0.017131%/10.000%
  QQ拟合：raw R2=0.999424, RMSE=2.51475；model-normalized R2=0.999424, RMSE=0.00540487；training-standardized R2=0.983829, RMSE=0.453021
  QQ尾宽/oracle区间：lower=1.8036/[0.9048,1.1147]；upper=1.4348/[0.8945,1.0940]；overrun=True；underrun=False
  QQ四段比率[1-10,10-50,50-90,90-99]=[2.2963,1.3813,1.2198,1.6548]；尾部曲率RMSE(lower/upper)=0.7582/0.3069；oracle外分位点=51.49%
[124/126] TEB-M_water：MSE=104.881；RMSE=9.79904；shape-MSE/RMSE=0.0280524/0.161701；model-norm MSE/RMSE=0.00048448/0.0210607；cos=0.987520；r=0.985974；W1raw=3.956348；W1norm=0.032328
  平均谱：MSE=26.2725；cos=0.997267；r=0.996909
  train分布参照：generated/train MSE=43.3662；held-out/train MSE=56.2292；ratio=0.7712
  多样性MSE：train=122.381；generated=103.931；ratio=0.8492；Pearson-distance ratio=0.8796
  峰形多样性：position-std ratio=0.8791；height-IQR ratio=1.1459；width-IQR ratio=1.0112；position frozen=11.111%
  负值：min=-26.807；<-40点=0.000000%；<-40光谱=0.000%
  training逐点包络外：lower点/光谱=0.002141%/2.000%；upper点/光谱=0.021413%/8.000%
  QQ拟合：raw R2=0.999482, RMSE=3.21136；model-normalized R2=0.999482, RMSE=0.00690206；training-standardized R2=0.975065, RMSE=0.648497
  QQ尾宽/oracle区间：lower=2.0057/[0.9289,1.1112]；upper=1.9273/[0.8952,1.1233]；overrun=True；underrun=False
  QQ四段比率[1-10,10-50,50-90,90-99]=[2.5629,1.4104,1.3753,2.4811]；尾部曲率RMSE(lower/upper)=0.8881/0.7689；oracle外分位点=55.45%
[125/126] TEB-S_soil：MSE=89.6613；RMSE=9.32033；shape-MSE/RMSE=0.0808177/0.280906；model-norm MSE/RMSE=0.000414176/0.0200318；cos=0.964767；r=0.959591；W1raw=4.368655；W1norm=0.057266
  平均谱：MSE=31.4343；cos=0.985567；r=0.983554
  train分布参照：generated/train MSE=53.5487；held-out/train MSE=91.6042；ratio=0.5846
  多样性MSE：train=136.046；generated=114.775；ratio=0.8436；Pearson-distance ratio=0.7623
  峰形多样性：position-std ratio=0.9533；height-IQR ratio=1.1523；width-IQR ratio=1.2196；position frozen=0.000%
  负值：min=-23.417；<-40点=0.000000%；<-40光谱=0.000%
  training逐点包络外：lower点/光谱=0.000000%/0.000%；upper点/光谱=0.010707%/7.000%
  QQ拟合：raw R2=0.996824, RMSE=2.43174；model-normalized R2=0.996824, RMSE=0.00522646；training-standardized R2=0.985370, RMSE=0.773757
  QQ尾宽/oracle区间：lower=1.7808/[0.8461,1.1439]；upper=2.1416/[0.8597,1.1236]；overrun=True；underrun=False
  QQ四段比率[1-10,10-50,50-90,90-99]=[1.9429,1.5713,1.5868,2.7424]；尾部曲率RMSE(lower/upper)=0.6210/0.8544；oracle外分位点=75.25%
[126/126] TEB-S_water：MSE=140.434；RMSE=11.5341；shape-MSE/RMSE=0.152998/0.379769；model-norm MSE/RMSE=0.000648714/0.0247899；cos=0.932293；r=0.923501；W1raw=4.606198；W1norm=0.077686
  平均谱：MSE=50.4045；cos=0.992296；r=0.991073
  train分布参照：generated/train MSE=57.7633；held-out/train MSE=86.8239；ratio=0.6653
  多样性MSE：train=135.243；generated=114.981；ratio=0.8502；Pearson-distance ratio=0.9053
  峰形多样性：position-std ratio=1.0434；height-IQR ratio=0.8398；width-IQR ratio=1.0428；position frozen=0.000%
  负值：min=-24.504；<-40点=0.000000%；<-40光谱=0.000%
  training逐点包络外：lower点/光谱=0.000000%/0.000%；upper点/光谱=0.000000%/0.000%
  QQ拟合：raw R2=0.993953, RMSE=5.91348；model-normalized R2=0.993953, RMSE=0.0127096；training-standardized R2=0.973218, RMSE=0.705618
  QQ尾宽/oracle区间：lower=2.3403/[0.9039,1.1190]；upper=1.7697/[0.9238,1.0973]；overrun=True；underrun=False
  QQ四段比率[1-10,10-50,50-90,90-99]=[3.0940,1.6460,1.3923,2.1151]；尾部曲率RMSE(lower/upper)=1.0466/0.4481；oracle外分位点=60.40%
===== 评价完成 =====
逐条件指标：/home/wqzheng/project/outputs/experiments/d4_3_2_11_full_spectrum_tail_guided_30min/metrics_all126_n20/condition_metrics.csv
总体统计：/home/wqzheng/project/outputs/experiments/d4_3_2_11_full_spectrum_tail_guided_30min/metrics_all126_n20/overall_metric_summary.csv
QQ图：/home/wqzheng/project/outputs/experiments/d4_3_2_11_full_spectrum_tail_guided_30min/metrics_all126_n20/qq_plots
光谱分布图：/home/wqzheng/project/outputs/experiments/d4_3_2_11_full_spectrum_tail_guided_30min/metrics_all126_n20/spectral_distribution_plots
全条件总览图：/home/wqzheng/project/outputs/experiments/d4_3_2_11_full_spectrum_tail_guided_30min/metrics_all126_n20/quality_overview.png
QQ分层汇总：/home/wqzheng/project/outputs/experiments/d4_3_2_11_full_spectrum_tail_guided_30min/metrics_all126_n20/qq_stratified_summary.csv
全质量分层汇总：/home/wqzheng/project/outputs/experiments/d4_3_2_11_full_spectrum_tail_guided_30min/metrics_all126_n20/quality_stratified_summary.csv
峰形多样性明细：/home/wqzheng/project/outputs/experiments/d4_3_2_11_full_spectrum_tail_guided_30min/metrics_all126_n20/peak_morphology_details.csv
特征峰小提琴图：/home/wqzheng/project/outputs/experiments/d4_3_2_11_full_spectrum_tail_guided_30min/metrics_all126_n20/peak_violin_plots
报告：/home/wqzheng/project/outputs/experiments/d4_3_2_11_full_spectrum_tail_guided_30min/metrics_all126_n20/evaluation_report.txt
