===== D4条件生成核心指标评价 =====
checkpoint：/home/wqzheng/project/outputs/experiments/d4_3_2_10_prior_conditioned_residual_30min/checkpoints/best.pt
真实参考子集：validation
条件数：126
[1/126] CHL-H_TEB-H_soil：MSE=214.748；RMSE=14.2979；shape-MSE/RMSE=0.0406844/0.19572；model-norm MSE/RMSE=0.000991991/0.0307299；cos=0.981988；r=0.979658；W1raw=5.934160；W1norm=0.030380
  平均谱：MSE=45.2611；cos=0.996366；r=0.995927
  train分布参照：generated/train MSE=119.804；held-out/train MSE=134.325；ratio=0.8919
  多样性MSE：train=212.941；generated=225.514；ratio=1.0590；Pearson-distance ratio=1.1432
  峰形多样性：position-std ratio=0.9333；height-IQR ratio=1.1193；width-IQR ratio=1.4890；position frozen=0.000%
  负值：min=-45.814；<-40点=0.023672%；<-40光谱=5.000%
  training逐点包络外：lower点/光谱=0.000000%/0.000%；upper点/光谱=0.168332%/55.000%
  QQ拟合：raw R2=0.998428, RMSE=4.31642；model-normalized R2=0.998428, RMSE=0.00927713；training-standardized R2=0.987598, RMSE=0.413797
  QQ尾宽/oracle区间：lower=1.7176/[0.8578,1.1816]；upper=1.4295/[0.7882,1.2583]；overrun=True；underrun=False
  QQ四段比率[1-10,10-50,50-90,90-99]=[2.0830,1.2979,1.2337,1.5986]；尾部曲率RMSE(lower/upper)=0.5676/0.2857；oracle外分位点=68.32%
[2/126] CHL-H_TEB-H_water：MSE=323.845；RMSE=17.7272；shape-MSE/RMSE=0.0354485/0.186377；model-norm MSE/RMSE=0.00149595/0.0381005；cos=0.984033；r=0.982276；W1raw=7.693557；W1norm=0.031228
  平均谱：MSE=85.2324；cos=0.995638；r=0.995176
  train分布参照：generated/train MSE=176.081；held-out/train MSE=241.679；ratio=0.7286
  多样性MSE：train=458.098；generated=377.829；ratio=0.8248；Pearson-distance ratio=0.7814
  峰形多样性：position-std ratio=1.0949；height-IQR ratio=1.0523；width-IQR ratio=1.0982；position frozen=0.000%
  负值：min=-107.978；<-40点=1.009995%；<-40光谱=100.000%
  training逐点包络外：lower点/光谱=0.005260%/10.000%；upper点/光谱=0.136770%/65.000%
  QQ拟合：raw R2=0.998778, RMSE=4.8338；model-normalized R2=0.998778, RMSE=0.0103891；training-standardized R2=0.997149, RMSE=0.189335
  QQ尾宽/oracle区间：lower=1.2321/[0.8723,1.1593]；upper=1.1424/[0.8783,1.1748]；overrun=True；underrun=False
  QQ四段比率[1-10,10-50,50-90,90-99]=[1.3459,1.1215,1.2466,1.0555]；尾部曲率RMSE(lower/upper)=0.1750/0.1457；oracle外分位点=5.94%
[3/126] CHL-H_TEB-M_soil：MSE=216.954；RMSE=14.5233；shape-MSE/RMSE=0.0620716/0.24623；model-norm MSE/RMSE=0.00100218/0.0312144；cos=0.972746；r=0.968964；W1raw=6.499033；W1norm=0.038831
  平均谱：MSE=59.0595；cos=0.992264；r=0.991122
  train分布参照：generated/train MSE=110.76；held-out/train MSE=142.93；ratio=0.7749
  多样性MSE：train=264.393；generated=274.604；ratio=1.0386；Pearson-distance ratio=0.9830
  峰形多样性：position-std ratio=0.9741；height-IQR ratio=1.2297；width-IQR ratio=1.3867；position frozen=0.000%
  负值：min=-45.201；<-40点=0.015781%；<-40光谱=10.000%
  training逐点包络外：lower点/光谱=0.044713%/20.000%；upper点/光谱=0.065755%/25.000%
  QQ拟合：raw R2=0.999832, RMSE=3.38775；model-normalized R2=0.999832, RMSE=0.00728116；training-standardized R2=0.997792, RMSE=0.129935
  QQ尾宽/oracle区间：lower=1.2258/[0.8972,1.1512]；upper=1.1452/[0.9084,1.2067]；overrun=True；underrun=False
  QQ四段比率[1-10,10-50,50-90,90-99]=[1.3924,1.0518,1.0933,1.1943]；尾部曲率RMSE(lower/upper)=0.1541/0.1062；oracle外分位点=6.93%
[4/126] CHL-H_TEB-M_water：MSE=181.993；RMSE=13.1028；shape-MSE/RMSE=0.0468163/0.213692；model-norm MSE/RMSE=0.000840686/0.0281614；cos=0.978986；r=0.976592；W1raw=6.016198；W1norm=0.036076
  平均谱：MSE=43.1531；cos=0.993788；r=0.992972
  train分布参照：generated/train MSE=105.825；held-out/train MSE=129.064；ratio=0.8199
  多样性MSE：train=277.123；generated=248.967；ratio=0.8984；Pearson-distance ratio=0.7005
  峰形多样性：position-std ratio=1.0034；height-IQR ratio=0.9770；width-IQR ratio=1.1067；position frozen=0.000%
  负值：min=-74.852；<-40点=0.239348%；<-40光谱=65.000%
  training逐点包络外：lower点/光谱=0.049974%/20.000%；upper点/光谱=0.039453%/30.000%
  QQ拟合：raw R2=0.998644, RMSE=2.02128；model-normalized R2=0.998644, RMSE=0.00434426；training-standardized R2=0.999417, RMSE=0.0962743
  QQ尾宽/oracle区间：lower=1.1045/[0.8946,1.1792]；upper=1.0155/[0.7987,1.2082]；overrun=False；underrun=False
  QQ四段比率[1-10,10-50,50-90,90-99]=[1.1544,1.0534,1.0664,0.9677]；尾部曲率RMSE(lower/upper)=0.0419/0.0637；oracle外分位点=7.92%
[5/126] CHL-H_TEB-S_soil：MSE=207.37；RMSE=14.0602；shape-MSE/RMSE=0.0771297/0.27295；model-norm MSE/RMSE=0.000957913/0.0302192；cos=0.965770；r=0.961435；W1raw=6.977194；W1norm=0.042814
  平均谱：MSE=70.7836；cos=0.986322；r=0.984494
  train分布参照：generated/train MSE=117.158；held-out/train MSE=122.835；ratio=0.9538
  多样性MSE：train=294.869；generated=254.727；ratio=0.8639；Pearson-distance ratio=0.9791
  峰形多样性：position-std ratio=1.2416；height-IQR ratio=0.7720；width-IQR ratio=1.1671；position frozen=0.000%
  负值：min=-54.204；<-40点=0.063125%；<-40光谱=30.000%
  training逐点包络外：lower点/光谱=0.007891%/15.000%；upper点/光谱=0.076276%/60.000%
  QQ拟合：raw R2=0.997842, RMSE=2.31461；model-normalized R2=0.997842, RMSE=0.00497471；training-standardized R2=0.997717, RMSE=0.390022
  QQ尾宽/oracle区间：lower=1.5454/[0.8947,1.1217]；upper=1.4096/[0.8946,1.1284]；overrun=True；underrun=False
  QQ四段比率[1-10,10-50,50-90,90-99]=[1.6798,1.3809,1.3648,1.4477]；尾部曲率RMSE(lower/upper)=0.1226/0.1844；oracle外分位点=70.30%
[6/126] CHL-H_TEB-S_water：MSE=211.461；RMSE=13.9081；shape-MSE/RMSE=0.0609791/0.237156；model-norm MSE/RMSE=0.000976809/0.0298921；cos=0.972395；r=0.969510；W1raw=6.716448；W1norm=0.042292
  平均谱：MSE=79.3965；cos=0.991098；r=0.990297
  train分布参照：generated/train MSE=88.4255；held-out/train MSE=100.087；ratio=0.8835
  多样性MSE：train=217.753；generated=186.918；ratio=0.8584；Pearson-distance ratio=0.8483
  峰形多样性：position-std ratio=0.9343；height-IQR ratio=1.0584；width-IQR ratio=1.1082；position frozen=0.000%
  负值：min=-48.799；<-40点=0.105208%；<-40光谱=35.000%
  training逐点包络外：lower点/光谱=0.000000%/0.000%；upper点/光谱=0.060494%/30.000%
  QQ拟合：raw R2=0.996948, RMSE=5.05956；model-normalized R2=0.996948, RMSE=0.0108743；training-standardized R2=0.993855, RMSE=0.095474
  QQ尾宽/oracle区间：lower=0.8791/[0.9235,1.1143]；upper=1.0629/[0.8875,1.1087]；overrun=False；underrun=True
  QQ四段比率[1-10,10-50,50-90,90-99]=[0.8204,0.9492,1.1594,0.9744]；尾部曲率RMSE(lower/upper)=0.3072/0.0617；oracle外分位点=1.98%
[7/126] CHL-H_soil：MSE=422.357；RMSE=20.1838；shape-MSE/RMSE=0.0391715/0.193631；model-norm MSE/RMSE=0.00195101/0.0433803；cos=0.982305；r=0.980414；W1raw=8.678326；W1norm=0.036121
  平均谱：MSE=87.3669；cos=0.995758；r=0.995290
  train分布参照：generated/train MSE=213.508；held-out/train MSE=312.885；ratio=0.6824
  多样性MSE：train=605.175；generated=525.947；ratio=0.8691；Pearson-distance ratio=0.9316
  峰形多样性：position-std ratio=1.1317；height-IQR ratio=0.7567；width-IQR ratio=1.1134；position frozen=0.000%
  负值：min=-71.442；<-40点=0.331405%；<-40光谱=95.000%
  training逐点包络外：lower点/光谱=0.018411%/15.000%；upper点/光谱=0.218306%/85.000%
  QQ拟合：raw R2=0.999462, RMSE=3.35969；model-normalized R2=0.999462, RMSE=0.00722087；training-standardized R2=0.997242, RMSE=0.123076
  QQ尾宽/oracle区间：lower=1.1164/[0.8658,1.1623]；upper=0.9737/[0.9124,1.1400]；overrun=False；underrun=False
  QQ四段比率[1-10,10-50,50-90,90-99]=[1.1641,1.0613,1.0913,0.8723]；尾部曲率RMSE(lower/upper)=0.1258/0.2193；oracle外分位点=0.99%
[8/126] CHL-H_water：MSE=429.437；RMSE=20.5007；shape-MSE/RMSE=0.0295999/0.170488；model-norm MSE/RMSE=0.00198371/0.0440614；cos=0.986425；r=0.985200；W1raw=9.013342；W1norm=0.030246
  平均谱：MSE=79.4027；cos=0.997455；r=0.997274
  train分布参照：generated/train MSE=217.042；held-out/train MSE=307.966；ratio=0.7048
  多样性MSE：train=587.892；generated=606.021；ratio=1.0308；Pearson-distance ratio=1.0825
  峰形多样性：position-std ratio=0.9243；height-IQR ratio=0.9623；width-IQR ratio=1.1554；position frozen=0.000%
  负值：min=-75.864；<-40点=0.418201%；<-40光谱=75.000%
  training逐点包络外：lower点/光谱=0.081536%/60.000%；upper点/光谱=0.399790%/90.000%
  QQ拟合：raw R2=0.999587, RMSE=3.99819；model-normalized R2=0.999587, RMSE=0.00859316；training-standardized R2=0.989788, RMSE=0.272741
  QQ尾宽/oracle区间：lower=1.2911/[0.8731,1.1686]；upper=0.9112/[0.8484,1.1852]；overrun=True；underrun=False
  QQ四段比率[1-10,10-50,50-90,90-99]=[1.3014,1.2805,1.2785,0.6645]；尾部曲率RMSE(lower/upper)=0.0964/0.4802；oracle外分位点=35.64%
[9/126] CHL-M_TEB-H_soil：MSE=113.926；RMSE=10.5099；shape-MSE/RMSE=0.0564999/0.233142；model-norm MSE/RMSE=0.000526263/0.0225886；cos=0.975082；r=0.971750；W1raw=5.361469；W1norm=0.041595
  平均谱：MSE=51.4838；cos=0.988210；r=0.986565
  train分布参照：generated/train MSE=49.5674；held-out/train MSE=118.034；ratio=0.4199
  多样性MSE：train=118.924；generated=119.886；ratio=1.0081；Pearson-distance ratio=1.0749
  峰形多样性：position-std ratio=0.8776；height-IQR ratio=1.1776；width-IQR ratio=1.1402；position frozen=0.000%
  负值：min=-30.703；<-40点=0.000000%；<-40光谱=0.000%
  training逐点包络外：lower点/光谱=0.000000%/0.000%；upper点/光谱=0.026302%/15.000%
  QQ拟合：raw R2=0.999092, RMSE=1.63188；model-normalized R2=0.999092, RMSE=0.00350733；training-standardized R2=0.998274, RMSE=0.0861071
  QQ尾宽/oracle区间：lower=1.0700/[0.9388,1.0766]；upper=1.1281/[0.9174,1.1371]；overrun=False；underrun=False
  QQ四段比率[1-10,10-50,50-90,90-99]=[1.0778,1.0587,1.0157,1.2234]；尾部曲率RMSE(lower/upper)=0.1373/0.0992；oracle外分位点=1.98%
[10/126] CHL-M_TEB-H_water：MSE=98.1121；RMSE=9.87425；shape-MSE/RMSE=0.0475229/0.21748；model-norm MSE/RMSE=0.000453213/0.0212224；cos=0.979431；r=0.976239；W1raw=4.843050；W1norm=0.036680
  平均谱：MSE=29.3026；cos=0.993483；r=0.992438
  train分布参照：generated/train MSE=53.0867；held-out/train MSE=96.5628；ratio=0.5498
  多样性MSE：train=137.927；generated=121.109；ratio=0.8781；Pearson-distance ratio=0.9021
  峰形多样性：position-std ratio=1.1180；height-IQR ratio=0.8539；width-IQR ratio=0.8812；position frozen=0.000%
  负值：min=-30.917；<-40点=0.000000%；<-40光谱=0.000%
  training逐点包络外：lower点/光谱=0.013151%/5.000%；upper点/光谱=0.010521%/15.000%
  QQ拟合：raw R2=0.999350, RMSE=1.04477；model-normalized R2=0.999350, RMSE=0.0022455；training-standardized R2=0.997965, RMSE=0.0711288
  QQ尾宽/oracle区间：lower=0.9651/[0.9111,1.1213]；upper=1.0379/[0.8550,1.1800]；overrun=False；underrun=False
  QQ四段比率[1-10,10-50,50-90,90-99]=[0.9145,1.0239,1.1077,0.9794]；尾部曲率RMSE(lower/upper)=0.1950/0.1056；oracle外分位点=0.00%
[11/126] CHL-M_TEB-M_soil：MSE=136.74；RMSE=11.5245；shape-MSE/RMSE=0.0786042/0.276482；model-norm MSE/RMSE=0.000631648/0.0247692；cos=0.965512；r=0.960698；W1raw=5.993580；W1norm=0.047929
  平均谱：MSE=81.9763；cos=0.978870；r=0.975681
  train分布参照：generated/train MSE=64.7828；held-out/train MSE=125.881；ratio=0.5146
  多样性MSE：train=140.756；generated=154.415；ratio=1.0970；Pearson-distance ratio=1.1142
  峰形多样性：position-std ratio=0.9485；height-IQR ratio=1.2168；width-IQR ratio=1.0520；position frozen=0.000%
  负值：min=-34.645；<-40点=0.000000%；<-40光谱=0.000%
  training逐点包络外：lower点/光谱=0.000000%/0.000%；upper点/光谱=0.089427%/25.000%
  QQ拟合：raw R2=0.997722, RMSE=2.77201；model-normalized R2=0.997722, RMSE=0.00595778；training-standardized R2=0.995001, RMSE=0.130422
  QQ尾宽/oracle区间：lower=1.1530/[0.8303,1.1630]；upper=0.9915/[0.7948,1.2293]；overrun=False；underrun=False
  QQ四段比率[1-10,10-50,50-90,90-99]=[1.2881,1.0014,0.8877,1.0817]；尾部曲率RMSE(lower/upper)=0.1898/0.2187；oracle外分位点=0.99%
[12/126] CHL-M_TEB-M_water：MSE=202.64；RMSE=13.8839；shape-MSE/RMSE=0.101033/0.313028；model-norm MSE/RMSE=0.000936063/0.0298401；cos=0.955902；r=0.949483；W1raw=6.185096；W1norm=0.045918
  平均谱：MSE=54.2343；cos=0.986630；r=0.984458
  train分布参照：generated/train MSE=98.4457；held-out/train MSE=106.19；ratio=0.9271
  多样性MSE：train=284.656；generated=242.544；ratio=0.8521；Pearson-distance ratio=1.0074
  峰形多样性：position-std ratio=1.0271；height-IQR ratio=1.0521；width-IQR ratio=1.1870；position frozen=0.000%
  负值：min=-40.635；<-40点=0.005260%；<-40光谱=5.000%
  training逐点包络外：lower点/光谱=0.007891%/10.000%；upper点/光谱=0.073645%/20.000%
  QQ拟合：raw R2=0.995233, RMSE=3.74654；model-normalized R2=0.995233, RMSE=0.00805231；training-standardized R2=0.993464, RMSE=0.143561
  QQ尾宽/oracle区间：lower=1.1319/[0.8554,1.1834]；upper=0.8990/[0.8702,1.1546]；overrun=False；underrun=False
  QQ四段比率[1-10,10-50,50-90,90-99]=[1.1162,1.1468,1.1330,0.7117]；尾部曲率RMSE(lower/upper)=0.0989/0.3654；oracle外分位点=3.96%
[13/126] CHL-M_TEB-S_soil：MSE=162.32；RMSE=12.302；shape-MSE/RMSE=0.112276/0.328497；model-norm MSE/RMSE=0.000749812/0.0264402；cos=0.949840；r=0.943862；W1raw=5.001461；W1norm=0.047846
  平均谱：MSE=15.7439；cos=0.993358；r=0.992509
  train分布参照：generated/train MSE=96.0686；held-out/train MSE=64.4618；ratio=1.4903
  多样性MSE：train=205.812；generated=218.968；ratio=1.0639；Pearson-distance ratio=0.9426
  峰形多样性：position-std ratio=0.8737；height-IQR ratio=1.0375；width-IQR ratio=1.1990；position frozen=0.000%
  负值：min=-38.163；<-40点=0.000000%；<-40光谱=0.000%
  training逐点包络外：lower点/光谱=0.023672%/20.000%；upper点/光谱=0.013151%/10.000%
  QQ拟合：raw R2=0.998807, RMSE=2.52739；model-normalized R2=0.998807, RMSE=0.00543203；training-standardized R2=0.997355, RMSE=0.198264
  QQ尾宽/oracle区间：lower=1.1680/[0.8440,1.2797]；upper=1.1330/[0.8477,1.2384]；overrun=False；underrun=False
  QQ四段比率[1-10,10-50,50-90,90-99]=[1.1134,1.2294,1.2107,1.0737]；尾部曲率RMSE(lower/upper)=0.2089/0.2075；oracle外分位点=7.92%
[14/126] CHL-M_TEB-S_water：MSE=189.306；RMSE=13.532；shape-MSE/RMSE=0.112336/0.320506；model-norm MSE/RMSE=0.000874467/0.0290838；cos=0.949817；r=0.943832；W1raw=6.164310；W1norm=0.055898
  平均谱：MSE=30.9698；cos=0.990395；r=0.989028
  train分布参照：generated/train MSE=152.334；held-out/train MSE=71.9217；ratio=2.1181
  多样性MSE：train=430.014；generated=354.626；ratio=0.8247；Pearson-distance ratio=0.9547
  峰形多样性：position-std ratio=0.9479；height-IQR ratio=0.9357；width-IQR ratio=1.1238；position frozen=0.000%
  负值：min=-50.194；<-40点=0.118359%；<-40光谱=40.000%
  training逐点包络外：lower点/光谱=0.042083%/20.000%；upper点/光谱=0.036823%/20.000%
  QQ拟合：raw R2=0.997861, RMSE=3.30707；model-normalized R2=0.997861, RMSE=0.00710776；training-standardized R2=0.995317, RMSE=0.239447
  QQ尾宽/oracle区间：lower=1.1400/[0.8629,1.1718]；upper=1.0732/[0.9164,1.1720]；overrun=False；underrun=False
  QQ四段比率[1-10,10-50,50-90,90-99]=[0.9147,1.4078,1.2260,0.9211]；尾部曲率RMSE(lower/upper)=0.1509/0.2159；oracle外分位点=24.75%
[15/126] CHL-M_soil：MSE=484.98；RMSE=21.6326；shape-MSE/RMSE=0.0592585/0.240896；model-norm MSE/RMSE=0.00224028/0.0464942；cos=0.972987；r=0.970371；W1raw=9.508338；W1norm=0.051948
  平均谱：MSE=233.478；cos=0.989184；r=0.988083
  train分布参照：generated/train MSE=171.771；held-out/train MSE=315.367；ratio=0.5447
  多样性MSE：train=433.746；generated=372.2；ratio=0.8581；Pearson-distance ratio=0.8500
  峰形多样性：position-std ratio=1.0935；height-IQR ratio=1.1248；width-IQR ratio=1.2930；position frozen=0.000%
  负值：min=-71.765；<-40点=0.786428%；<-40光谱=95.000%
  training逐点包络外：lower点/光谱=0.078906%/55.000%；upper点/光谱=0.265650%/85.000%
  QQ拟合：raw R2=0.997761, RMSE=8.73864；model-normalized R2=0.997761, RMSE=0.0187816；training-standardized R2=0.997319, RMSE=0.120329
  QQ尾宽/oracle区间：lower=1.1975/[0.9089,1.0876]；upper=1.0702/[0.9127,1.1063]；overrun=True；underrun=False
  QQ四段比率[1-10,10-50,50-90,90-99]=[1.4123,0.9937,1.0123,1.1283]；尾部曲率RMSE(lower/upper)=0.2166/0.0919；oracle外分位点=2.97%
[16/126] CHL-M_water：MSE=442.219；RMSE=20.6889；shape-MSE/RMSE=0.0424864/0.20304；model-norm MSE/RMSE=0.00204276/0.0444658；cos=0.980483；r=0.978757；W1raw=9.455489；W1norm=0.034784
  平均谱：MSE=111.033；cos=0.995310；r=0.994934
  train分布参照：generated/train MSE=233.011；held-out/train MSE=359.47；ratio=0.6482
  多样性MSE：train=617.756；generated=554.195；ratio=0.8971；Pearson-distance ratio=0.9559
  峰形多样性：position-std ratio=0.8312；height-IQR ratio=0.8627；width-IQR ratio=1.2365；position frozen=0.000%
  负值：min=-71.281；<-40点=0.560231%；<-40光谱=65.000%
  training逐点包络外：lower点/光谱=0.010521%/15.000%；upper点/光谱=0.512888%/100.000%
  QQ拟合：raw R2=0.999600, RMSE=4.62721；model-normalized R2=0.999600, RMSE=0.0099451；training-standardized R2=0.996816, RMSE=0.240083
  QQ尾宽/oracle区间：lower=1.2619/[0.8889,1.1807]；upper=1.0249/[0.8562,1.1354]；overrun=True；underrun=False
  QQ四段比率[1-10,10-50,50-90,90-99]=[1.2691,1.2528,1.1771,0.8993]；尾部曲率RMSE(lower/upper)=0.0650/0.2318；oracle外分位点=30.69%
[17/126] CHL-S_TEB-H_soil：MSE=166.045；RMSE=12.6413；shape-MSE/RMSE=0.0883261/0.291238；model-norm MSE/RMSE=0.000767016/0.0271695；cos=0.960829；r=0.955837；W1raw=6.488696；W1norm=0.054021
  平均谱：MSE=72.139；cos=0.982714；r=0.980250
  train分布参照：generated/train MSE=86.2577；held-out/train MSE=106.761；ratio=0.8080
  多样性MSE：train=192.351；generated=167.661；ratio=0.8716；Pearson-distance ratio=0.8470
  峰形多样性：position-std ratio=1.0672；height-IQR ratio=1.0412；width-IQR ratio=0.9038；position frozen=0.000%
  负值：min=-40.696；<-40点=0.002630%；<-40光谱=5.000%
  training逐点包络外：lower点/光谱=0.000000%/0.000%；upper点/光谱=0.007891%/10.000%
  QQ拟合：raw R2=0.998235, RMSE=2.30596；model-normalized R2=0.998235, RMSE=0.00495612；training-standardized R2=0.996824, RMSE=0.196219
  QQ尾宽/oracle区间：lower=1.2618/[0.9386,1.0904]；upper=1.3022/[0.9036,1.1217]；overrun=True；underrun=False
  QQ四段比率[1-10,10-50,50-90,90-99]=[1.4515,1.0666,1.2463,1.3472]；尾部曲率RMSE(lower/upper)=0.1513/0.1746；oracle外分位点=14.85%
[18/126] CHL-S_TEB-H_water：MSE=209.467；RMSE=14.308；shape-MSE/RMSE=0.117645/0.338107；model-norm MSE/RMSE=0.000967598/0.0307516；cos=0.946519；r=0.941177；W1raw=6.455108；W1norm=0.054392
  平均谱：MSE=51.8845；cos=0.986350；r=0.985393
  train分布参照：generated/train MSE=108.453；held-out/train MSE=133.213；ratio=0.8141
  多样性MSE：train=273.256；generated=247.492；ratio=0.9057；Pearson-distance ratio=0.8575
  峰形多样性：position-std ratio=0.9580；height-IQR ratio=1.1104；width-IQR ratio=0.8584；position frozen=0.000%
  负值：min=-55.167；<-40点=0.226197%；<-40光谱=50.000%
  training逐点包络外：lower点/光谱=0.002630%/5.000%；upper点/光谱=0.021042%/30.000%
  QQ拟合：raw R2=0.997227, RMSE=3.7981；model-normalized R2=0.997227, RMSE=0.00816311；training-standardized R2=0.998785, RMSE=0.253817
  QQ尾宽/oracle区间：lower=1.1872/[0.8938,1.1095]；upper=1.1863/[0.9052,1.1202]；overrun=True；underrun=False
  QQ四段比率[1-10,10-50,50-90,90-99]=[1.2452,1.1291,1.1508,1.2218]；尾部曲率RMSE(lower/upper)=0.0628/0.1332；oracle外分位点=42.57%
[19/126] CHL-S_TEB-M_soil：MSE=139.406；RMSE=11.6567；shape-MSE/RMSE=0.0821318/0.282577；model-norm MSE/RMSE=0.000643963/0.0250532；cos=0.964005；r=0.958934；W1raw=5.421906；W1norm=0.046267
  平均谱：MSE=54.7494；cos=0.985168；r=0.982967
  train分布参照：generated/train MSE=56.5558；held-out/train MSE=77.1032；ratio=0.7335
  多样性MSE：train=139.97；generated=128.065；ratio=0.9149；Pearson-distance ratio=0.9801
  峰形多样性：position-std ratio=0.8302；height-IQR ratio=1.1619；width-IQR ratio=1.1632；position frozen=11.111%
  负值：min=-31.758；<-40点=0.000000%；<-40光谱=0.000%
  training逐点包络外：lower点/光谱=0.000000%/0.000%；upper点/光谱=0.023672%/5.000%
  QQ拟合：raw R2=0.998002, RMSE=2.63547；model-normalized R2=0.998002, RMSE=0.00566433；training-standardized R2=0.992513, RMSE=0.243361
  QQ尾宽/oracle区间：lower=1.3722/[0.8356,1.1788]；upper=1.4422/[0.8887,1.1471]；overrun=True；underrun=False
  QQ四段比率[1-10,10-50,50-90,90-99]=[1.6297,1.0898,1.1452,1.7375]；尾部曲率RMSE(lower/upper)=0.2413/0.2962；oracle外分位点=45.54%
[20/126] CHL-S_TEB-M_water：MSE=124.06；RMSE=10.9748；shape-MSE/RMSE=0.0782184/0.275186；model-norm MSE/RMSE=0.000573075/0.0235877；cos=0.965835；r=0.960891；W1raw=5.943818；W1norm=0.053562
  平均谱：MSE=55.0765；cos=0.985822；r=0.983625
  train分布参照：generated/train MSE=68.1394；held-out/train MSE=99.0335；ratio=0.6880
  多样性MSE：train=184.764；generated=157.387；ratio=0.8518；Pearson-distance ratio=0.8415
  峰形多样性：position-std ratio=0.9649；height-IQR ratio=0.8897；width-IQR ratio=0.9058；position frozen=0.000%
  负值：min=-41.342；<-40点=0.007891%；<-40光谱=5.000%
  training逐点包络外：lower点/光谱=0.000000%/0.000%；upper点/光谱=0.044713%/20.000%
  QQ拟合：raw R2=0.998850, RMSE=2.58584；model-normalized R2=0.998850, RMSE=0.00555766；training-standardized R2=0.998055, RMSE=0.100671
  QQ尾宽/oracle区间：lower=1.0717/[0.8605,1.1499]；upper=0.9989/[0.8908,1.1397]；overrun=False；underrun=False
  QQ四段比率[1-10,10-50,50-90,90-99]=[1.0808,1.0629,1.1246,0.9079]；尾部曲率RMSE(lower/upper)=0.0874/0.1384；oracle外分位点=2.97%
[21/126] CHL-S_TEB-S_soil：MSE=113.058；RMSE=10.4008；shape-MSE/RMSE=0.124023/0.347668；model-norm MSE/RMSE=0.000522251/0.0223541；cos=0.944333；r=0.937988；W1raw=4.545319；W1norm=0.048467
  平均谱：MSE=19.459；cos=0.989954；r=0.988676
  train分布参照：generated/train MSE=64.1569；held-out/train MSE=55.5337；ratio=1.1553
  多样性MSE：train=149.453；generated=171.816；ratio=1.1496；Pearson-distance ratio=1.1926
  峰形多样性：position-std ratio=1.0747；height-IQR ratio=1.3239；width-IQR ratio=1.4342；position frozen=0.000%
  负值：min=-37.441；<-40点=0.000000%；<-40光谱=0.000%
  training逐点包络外：lower点/光谱=0.039453%/10.000%；upper点/光谱=0.057864%/25.000%
  QQ拟合：raw R2=0.998851, RMSE=1.99714；model-normalized R2=0.998851, RMSE=0.00429239；training-standardized R2=0.997642, RMSE=0.321873
  QQ尾宽/oracle区间：lower=1.3824/[0.8915,1.1215]；upper=1.4914/[0.8590,1.1628]；overrun=True；underrun=False
  QQ四段比率[1-10,10-50,50-90,90-99]=[1.4633,1.2920,1.3884,1.5954]；尾部曲率RMSE(lower/upper)=0.1733/0.0931；oracle外分位点=61.39%
[22/126] CHL-S_TEB-S_water：MSE=116.206；RMSE=10.5368；shape-MSE/RMSE=0.135077/0.36113；model-norm MSE/RMSE=0.000536794/0.0226465；cos=0.940858；r=0.932462；W1raw=4.603790；W1norm=0.052896
  平均谱：MSE=20.4662；cos=0.988176；r=0.986274
  train分布参照：generated/train MSE=61.8159；held-out/train MSE=61.0776；ratio=1.0121
  多样性MSE：train=119.051；generated=138.596；ratio=1.1642；Pearson-distance ratio=0.9479
  峰形多样性：position-std ratio=1.1191；height-IQR ratio=1.0048；width-IQR ratio=1.1629；position frozen=0.000%
  负值：min=-32.548；<-40点=0.000000%；<-40光谱=0.000%
  training逐点包络外：lower点/光谱=0.018411%/15.000%；upper点/光谱=0.000000%/0.000%
  QQ拟合：raw R2=0.998219, RMSE=1.53253；model-normalized R2=0.998219, RMSE=0.00329382；training-standardized R2=0.993396, RMSE=0.0914156
  QQ尾宽/oracle区间：lower=0.9485/[0.8669,1.1138]；upper=0.8424/[0.7816,1.2329]；overrun=False；underrun=False
  QQ四段比率[1-10,10-50,50-90,90-99]=[0.8466,1.0664,1.0729,0.6856]；尾部曲率RMSE(lower/upper)=0.2337/0.3629；oracle外分位点=0.00%
[23/126] CHL-S_soil：MSE=47.9208；RMSE=6.86049；shape-MSE/RMSE=0.0206279/0.142368；model-norm MSE/RMSE=0.000221362/0.014745；cos=0.990474；r=0.989686；W1raw=3.109743；W1norm=0.025309
  平均谱：MSE=8.22932；cos=0.998286；r=0.998124
  train分布参照：generated/train MSE=31.4954；held-out/train MSE=35.88；ratio=0.8778
  多样性MSE：train=74.8947；generated=71.7219；ratio=0.9576；Pearson-distance ratio=0.9228
  峰形多样性：position-std ratio=0.9290；height-IQR ratio=1.2042；width-IQR ratio=1.1197；position frozen=0.000%
  负值：min=-28.733；<-40点=0.000000%；<-40光谱=0.000%
  training逐点包络外：lower点/光谱=0.000000%/0.000%；upper点/光谱=0.107838%/30.000%
  QQ拟合：raw R2=0.999036, RMSE=1.26571；model-normalized R2=0.999036, RMSE=0.00272034；training-standardized R2=0.998780, RMSE=0.281921
  QQ尾宽/oracle区间：lower=1.2529/[0.8598,1.1691]；upper=1.4301/[0.9223,1.1019]；overrun=True；underrun=False
  QQ四段比率[1-10,10-50,50-90,90-99]=[1.2615,1.2410,1.3200,1.5366]；尾部曲率RMSE(lower/upper)=0.0762/0.1161；oracle外分位点=51.49%
[24/126] CHL-S_water：MSE=85.3291；RMSE=9.07273；shape-MSE/RMSE=0.0443772/0.207915；model-norm MSE/RMSE=0.000394164/0.0194997；cos=0.979583；r=0.977811；W1raw=4.257260；W1norm=0.036780
  平均谱：MSE=29.4183；cos=0.992405；r=0.991621
  train分布参照：generated/train MSE=41.2447；held-out/train MSE=51.3122；ratio=0.8038
  多样性MSE：train=115.52；generated=101.325；ratio=0.8771；Pearson-distance ratio=0.8770
  峰形多样性：position-std ratio=0.7865；height-IQR ratio=0.6818；width-IQR ratio=1.3705；position frozen=0.000%
  负值：min=-41.050；<-40点=0.005260%；<-40光谱=5.000%
  training逐点包络外：lower点/光谱=0.000000%/0.000%；upper点/光谱=0.010521%/5.000%
  QQ拟合：raw R2=0.999406, RMSE=1.44144；model-normalized R2=0.999406, RMSE=0.00309804；training-standardized R2=0.996350, RMSE=0.0738692
  QQ尾宽/oracle区间：lower=1.1030/[0.9430,1.1230]；upper=0.9417/[0.8826,1.1414]；overrun=False；underrun=False
  QQ四段比率[1-10,10-50,50-90,90-99]=[1.2144,1.0044,1.0560,0.8546]；尾部曲率RMSE(lower/upper)=0.1253/0.2360；oracle外分位点=3.96%
[25/126] DEL-H_CHL-H_soil：MSE=235.818；RMSE=14.8962；shape-MSE/RMSE=0.0382885/0.190042；model-norm MSE/RMSE=0.00108932/0.0320158；cos=0.983041；r=0.980856；W1raw=6.460046；W1norm=0.029901
  平均谱：MSE=40.7396；cos=0.996968；r=0.996531
  train分布参照：generated/train MSE=142.691；held-out/train MSE=166.001；ratio=0.8596
  多样性MSE：train=429.308；generated=375.318；ratio=0.8742；Pearson-distance ratio=0.8304
  峰形多样性：position-std ratio=0.8746；height-IQR ratio=1.0504；width-IQR ratio=1.0650；position frozen=0.000%
  负值：min=-60.478；<-40点=0.155181%；<-40光谱=35.000%
  training逐点包络外：lower点/光谱=0.015781%/10.000%；upper点/光谱=0.018411%/20.000%
  QQ拟合：raw R2=0.999563, RMSE=2.80784；model-normalized R2=0.999563, RMSE=0.0060348；training-standardized R2=0.994566, RMSE=0.226848
  QQ尾宽/oracle区间：lower=1.1044/[0.8637,1.1576]；upper=1.0971/[0.8955,1.1261]；overrun=False；underrun=False
  QQ四段比率[1-10,10-50,50-90,90-99]=[0.9704,1.3459,1.2219,1.0107]；尾部曲率RMSE(lower/upper)=0.2697/0.2898；oracle外分位点=58.42%
[26/126] DEL-H_CHL-H_water：MSE=316.836；RMSE=17.4638；shape-MSE/RMSE=0.046079/0.2109；model-norm MSE/RMSE=0.00146357/0.0375343；cos=0.979760；r=0.976960；W1raw=7.934805；W1norm=0.037985
  平均谱：MSE=92.777；cos=0.993077；r=0.992100
  train分布参照：generated/train MSE=164.278；held-out/train MSE=229.161；ratio=0.7169
  多样性MSE：train=409.016；generated=351.653；ratio=0.8598；Pearson-distance ratio=0.9092
  峰形多样性：position-std ratio=1.1490；height-IQR ratio=1.0289；width-IQR ratio=1.0613；position frozen=0.000%
  负值：min=-56.733；<-40点=0.036823%；<-40光谱=15.000%
  training逐点包络外：lower点/光谱=0.055234%/20.000%；upper点/光谱=0.105208%/40.000%
  QQ拟合：raw R2=0.998931, RMSE=4.3045；model-normalized R2=0.998931, RMSE=0.00925152；training-standardized R2=0.999390, RMSE=0.196684
  QQ尾宽/oracle区间：lower=1.0640/[0.8668,1.1359]；upper=1.1364/[0.8883,1.1178]；overrun=True；underrun=False
  QQ四段比率[1-10,10-50,50-90,90-99]=[1.0169,1.1308,1.1046,1.1642]；尾部曲率RMSE(lower/upper)=0.0786/0.0557；oracle外分位点=75.25%
[27/126] DEL-H_CHL-M_soil：MSE=228.582；RMSE=15.0188；shape-MSE/RMSE=0.0407786/0.200862；model-norm MSE/RMSE=0.0010559/0.0322793；cos=0.981819；r=0.979611；W1raw=6.270994；W1norm=0.032063
  平均谱：MSE=35.1995；cos=0.996586；r=0.996260
  train分布参照：generated/train MSE=114.215；held-out/train MSE=152.307；ratio=0.7499
  多样性MSE：train=320.599；generated=311.139；ratio=0.9705；Pearson-distance ratio=0.9332
  峰形多样性：position-std ratio=1.0162；height-IQR ratio=1.0262；width-IQR ratio=0.8464；position frozen=0.000%
  负值：min=-51.827；<-40点=0.144661%；<-40光谱=45.000%
  training逐点包络外：lower点/光谱=0.010521%/15.000%；upper点/光谱=0.110468%/60.000%
  QQ拟合：raw R2=0.999186, RMSE=2.19371；model-normalized R2=0.999186, RMSE=0.00471486；training-standardized R2=0.993593, RMSE=0.311224
  QQ尾宽/oracle区间：lower=1.4779/[0.9312,1.0817]；upper=1.2510/[0.8727,1.1249]；overrun=True；underrun=False
  QQ四段比率[1-10,10-50,50-90,90-99]=[1.6021,1.3024,1.1223,1.3578]；尾部曲率RMSE(lower/upper)=0.4216/0.1187；oracle外分位点=40.59%
[28/126] DEL-H_CHL-M_water：MSE=410.336；RMSE=19.7566；shape-MSE/RMSE=0.0499668/0.219257；model-norm MSE/RMSE=0.00189548/0.0424621；cos=0.977946；r=0.975017；W1raw=7.269464；W1norm=0.039313
  平均谱：MSE=108.532；cos=0.993700；r=0.992786
  train分布参照：generated/train MSE=123.824；held-out/train MSE=334.869；ratio=0.3698
  多样性MSE：train=262.946；generated=229.529；ratio=0.8729；Pearson-distance ratio=0.9959
  峰形多样性：position-std ratio=1.0327；height-IQR ratio=1.0050；width-IQR ratio=0.8726；position frozen=0.000%
  负值：min=-46.094；<-40点=0.015781%；<-40光谱=10.000%
  training逐点包络外：lower点/光谱=0.000000%/0.000%；upper点/光谱=0.099947%/70.000%
  QQ拟合：raw R2=0.998424, RMSE=7.78359；model-normalized R2=0.998424, RMSE=0.016729；training-standardized R2=0.990648, RMSE=0.264779
  QQ尾宽/oracle区间：lower=1.4296/[0.8853,1.1125]；upper=1.2042/[0.9133,1.1298]；overrun=True；underrun=False
  QQ四段比率[1-10,10-50,50-90,90-99]=[1.5920,1.2078,0.9708,1.4349]；尾部曲率RMSE(lower/upper)=0.4427/0.1654；oracle外分位点=31.68%
[29/126] DEL-H_CHL-S_soil：MSE=356.303；RMSE=18.7117；shape-MSE/RMSE=0.0606813/0.240517；model-norm MSE/RMSE=0.00164588/0.0402164；cos=0.972743；r=0.969659；W1raw=7.033912；W1norm=0.042330
  平均谱：MSE=46.2155；cos=0.994081；r=0.993299
  train分布参照：generated/train MSE=131.688；held-out/train MSE=245.658；ratio=0.5361
  多样性MSE：train=337.225；generated=289.101；ratio=0.8573；Pearson-distance ratio=0.7682
  峰形多样性：position-std ratio=1.0827；height-IQR ratio=1.0261；width-IQR ratio=1.2328；position frozen=0.000%
  负值：min=-48.626；<-40点=0.102578%；<-40光谱=40.000%
  training逐点包络外：lower点/光谱=0.010521%/10.000%；upper点/光谱=0.044713%/40.000%
  QQ拟合：raw R2=0.997971, RMSE=2.72927；model-normalized R2=0.997971, RMSE=0.00586592；training-standardized R2=0.996475, RMSE=0.204961
  QQ尾宽/oracle区间：lower=1.2190/[0.8804,1.1377]；upper=1.0437/[0.9260,1.1101]；overrun=True；underrun=False
  QQ四段比率[1-10,10-50,50-90,90-99]=[1.2935,1.1356,1.1872,0.9390]；尾部曲率RMSE(lower/upper)=0.0900/0.2630；oracle外分位点=43.56%
[30/126] DEL-H_CHL-S_water：MSE=231.484；RMSE=14.9637；shape-MSE/RMSE=0.0520919/0.225724；model-norm MSE/RMSE=0.0010693/0.032161；cos=0.977098；r=0.973954；W1raw=7.328201；W1norm=0.044279
  平均谱：MSE=92.6154；cos=0.992537；r=0.991464
  train分布参照：generated/train MSE=119.579；held-out/train MSE=186.728；ratio=0.6404
  多样性MSE：train=285.607；generated=250.184；ratio=0.8760；Pearson-distance ratio=0.7877
  峰形多样性：position-std ratio=0.9833；height-IQR ratio=0.8971；width-IQR ratio=0.8258；position frozen=0.000%
  负值：min=-46.766；<-40点=0.013151%；<-40光谱=10.000%
  training逐点包络外：lower点/光谱=0.005260%/5.000%；upper点/光谱=0.023672%/30.000%
  QQ拟合：raw R2=0.997396, RMSE=6.91953；model-normalized R2=0.997396, RMSE=0.0148719；training-standardized R2=0.997323, RMSE=0.164454
  QQ尾宽/oracle区间：lower=1.2451/[0.8977,1.1083]；upper=1.0681/[0.8984,1.1255]；overrun=True；underrun=False
  QQ四段比率[1-10,10-50,50-90,90-99]=[1.3444,1.1363,1.0680,1.0682]；尾部曲率RMSE(lower/upper)=0.0993/0.1909；oracle外分位点=39.60%
[31/126] DEL-H_TEB-H_CHL-H_soil：MSE=213.134；RMSE=14.1784；shape-MSE/RMSE=0.0141878/0.11817；model-norm MSE/RMSE=0.000984538/0.0304732；cos=0.993909；r=0.992906；W1raw=5.782526；W1norm=0.020996
  平均谱：MSE=33.4933；cos=0.998669；r=0.998455
  train分布参照：generated/train MSE=166.762；held-out/train MSE=124.676；ratio=1.3376
  多样性MSE：train=291.451；generated=254.061；ratio=0.8717；Pearson-distance ratio=0.9071
  峰形多样性：position-std ratio=0.9980；height-IQR ratio=1.1681；width-IQR ratio=1.2433；position frozen=0.000%
  负值：min=-46.936；<-40点=0.028932%；<-40光谱=15.000%
  training逐点包络外：lower点/光谱=0.000000%/0.000%；upper点/光谱=0.005260%/5.000%
  QQ拟合：raw R2=0.999637, RMSE=2.8041；model-normalized R2=0.999637, RMSE=0.00602675；training-standardized R2=0.995419, RMSE=0.226272
  QQ尾宽/oracle区间：lower=1.4711/[0.8913,1.1788]；upper=1.2903/[0.8399,1.1738]；overrun=True；underrun=False
  QQ四段比率[1-10,10-50,50-90,90-99]=[1.8385,1.1782,1.1874,1.3951]；尾部曲率RMSE(lower/upper)=0.2541/0.0899；oracle外分位点=8.91%
[32/126] DEL-H_TEB-H_CHL-H_water：MSE=193.979；RMSE=13.6951；shape-MSE/RMSE=0.0151027/0.120586；model-norm MSE/RMSE=0.000896055/0.0294345；cos=0.993818；r=0.992449；W1raw=6.159681；W1norm=0.021370
  平均谱：MSE=40.5475；cos=0.998627；r=0.998316
  train分布参照：generated/train MSE=150.894；held-out/train MSE=198.996；ratio=0.7583
  多样性MSE：train=261.045；generated=250.758；ratio=0.9606；Pearson-distance ratio=0.9353
  峰形多样性：position-std ratio=1.0890；height-IQR ratio=1.2483；width-IQR ratio=1.1082；position frozen=0.000%
  负值：min=-43.621；<-40点=0.013151%；<-40光谱=10.000%
  training逐点包络外：lower点/光谱=0.000000%/0.000%；upper点/光谱=0.005260%/10.000%
  QQ拟合：raw R2=0.999719, RMSE=1.82996；model-normalized R2=0.999719, RMSE=0.00393307；training-standardized R2=0.998841, RMSE=0.085495
  QQ尾宽/oracle区间：lower=1.0079/[0.8793,1.1484]；upper=1.0471/[0.8514,1.1885]；overrun=False；underrun=False
  QQ四段比率[1-10,10-50,50-90,90-99]=[0.9907,1.0264,1.1255,0.9819]；尾部曲率RMSE(lower/upper)=0.0710/0.0441；oracle外分位点=0.99%
[33/126] DEL-H_TEB-H_CHL-M_soil：MSE=500.54；RMSE=21.4928；shape-MSE/RMSE=0.0175912/0.130134；model-norm MSE/RMSE=0.00231216/0.0461937；cos=0.992562；r=0.991204；W1raw=7.093623；W1norm=0.025654
  平均谱：MSE=52.0661；cos=0.998048；r=0.997687
  train分布参照：generated/train MSE=207.501；held-out/train MSE=395.736；ratio=0.5243
  多样性MSE：train=346.835；generated=301.82；ratio=0.8702；Pearson-distance ratio=1.0574
  峰形多样性：position-std ratio=0.9835；height-IQR ratio=1.2005；width-IQR ratio=1.2771；position frozen=0.000%
  负值：min=-57.869；<-40点=0.057864%；<-40光谱=10.000%
  training逐点包络外：lower点/光谱=0.007891%/5.000%；upper点/光谱=0.036823%/25.000%
  QQ拟合：raw R2=0.999631, RMSE=4.65734；model-normalized R2=0.999631, RMSE=0.0100099；training-standardized R2=0.995326, RMSE=0.208465
  QQ尾宽/oracle区间：lower=1.3995/[0.7921,1.2080]；upper=1.3121/[0.7502,1.2564]；overrun=True；underrun=False
  QQ四段比率[1-10,10-50,50-90,90-99]=[1.6577,1.1763,1.1280,1.5269]；尾部曲率RMSE(lower/upper)=0.2387/0.1361；oracle外分位点=7.92%
[34/126] DEL-H_TEB-H_CHL-M_water：MSE=334.736；RMSE=17.9927；shape-MSE/RMSE=0.0173596/0.130242；model-norm MSE/RMSE=0.00154626/0.0386711；cos=0.992838；r=0.991320；W1raw=7.869248；W1norm=0.028399
  平均谱：MSE=105.037；cos=0.996652；r=0.995986
  train分布参照：generated/train MSE=137.314；held-out/train MSE=269.722；ratio=0.5091
  多样性MSE：train=231.158；generated=253.387；ratio=1.0962；Pearson-distance ratio=1.0923
  峰形多样性：position-std ratio=0.9671；height-IQR ratio=1.3642；width-IQR ratio=1.2344；position frozen=0.000%
  负值：min=-45.445；<-40点=0.015781%；<-40光谱=10.000%
  training逐点包络外：lower点/光谱=0.000000%/0.000%；upper点/光谱=0.026302%/30.000%
  QQ拟合：raw R2=0.998798, RMSE=4.8423；model-normalized R2=0.998798, RMSE=0.0104074；training-standardized R2=0.998132, RMSE=0.137481
  QQ尾宽/oracle区间：lower=0.8156/[0.9182,1.0822]；upper=1.0014/[0.9404,1.0718]；overrun=False；underrun=True
  QQ四段比率[1-10,10-50,50-90,90-99]=[0.7651,0.8781,0.9169,1.0945]；尾部曲率RMSE(lower/upper)=0.1379/0.0958；oracle外分位点=4.95%
[35/126] DEL-H_TEB-H_CHL-S_soil：MSE=489.403；RMSE=20.0665；shape-MSE/RMSE=0.0147197/0.12009；model-norm MSE/RMSE=0.00226072/0.0431283；cos=0.993634；r=0.992640；W1raw=6.172386；W1norm=0.022230
  平均谱：MSE=31.8169；cos=0.998309；r=0.998030
  train分布参照：generated/train MSE=148.687；held-out/train MSE=265.611；ratio=0.5598
  多样性MSE：train=265.277；generated=297.688；ratio=1.1222；Pearson-distance ratio=0.9932
  峰形多样性：position-std ratio=1.0314；height-IQR ratio=1.2243；width-IQR ratio=0.9655；position frozen=0.000%
  负值：min=-49.962；<-40点=0.060494%；<-40光谱=25.000%
  training逐点包络外：lower点/光谱=0.013151%/10.000%；upper点/光谱=0.057864%/45.000%
  QQ拟合：raw R2=0.999387, RMSE=2.17596；model-normalized R2=0.999387, RMSE=0.00467671；training-standardized R2=0.992620, RMSE=0.193103
  QQ尾宽/oracle区间：lower=1.2520/[0.9266,1.0822]；upper=1.1083/[0.9143,1.1315]；overrun=True；underrun=False
  QQ四段比率[1-10,10-50,50-90,90-99]=[1.1915,1.3289,1.0183,1.2099]；尾部曲率RMSE(lower/upper)=0.1369/0.3000；oracle外分位点=10.89%
[36/126] DEL-H_TEB-H_CHL-S_water：MSE=286.213；RMSE=16.1508；shape-MSE/RMSE=0.0150326/0.121521；model-norm MSE/RMSE=0.00132211/0.0347124；cos=0.993756；r=0.992484；W1raw=6.713716；W1norm=0.024502
  平均谱：MSE=70.6513；cos=0.998863；r=0.998643
  train分布参照：generated/train MSE=199.325；held-out/train MSE=224.098；ratio=0.8895
  多样性MSE：train=295.71；generated=278.264；ratio=0.9410；Pearson-distance ratio=0.8170
  峰形多样性：position-std ratio=0.8395；height-IQR ratio=1.0485；width-IQR ratio=0.9430；position frozen=0.000%
  负值：min=-40.702；<-40点=0.007891%；<-40光谱=5.000%
  training逐点包络外：lower点/光谱=0.000000%/0.000%；upper点/光谱=0.005260%/10.000%
  QQ拟合：raw R2=0.999539, RMSE=6.09008；model-normalized R2=0.999539, RMSE=0.0130892；training-standardized R2=0.998619, RMSE=0.0659435
  QQ尾宽/oracle区间：lower=1.0885/[0.8744,1.1473]；upper=1.0006/[0.8395,1.2173]；overrun=False；underrun=False
  QQ四段比率[1-10,10-50,50-90,90-99]=[1.2056,0.9867,1.0957,0.9193]；尾部曲率RMSE(lower/upper)=0.0772/0.0796；oracle外分位点=0.99%
[37/126] DEL-H_TEB-H_soil：MSE=52.2339；RMSE=7.19835；shape-MSE/RMSE=0.0378509/0.193579；model-norm MSE/RMSE=0.000241286/0.0154712；cos=0.982468；r=0.981075；W1raw=2.812260；W1norm=0.033587
  平均谱：MSE=9.00887；cos=0.997455；r=0.997247
  train分布参照：generated/train MSE=21.1755；held-out/train MSE=38.1245；ratio=0.5554
  多样性MSE：train=68.462；generated=71.7449；ratio=1.0480；Pearson-distance ratio=1.0180
  峰形多样性：position-std ratio=1.0123；height-IQR ratio=1.2329；width-IQR ratio=1.0819；position frozen=0.000%
  负值：min=-22.071；<-40点=0.000000%；<-40光谱=0.000%
  training逐点包络外：lower点/光谱=0.000000%/0.000%；upper点/光谱=0.010707%/5.000%
  QQ拟合：raw R2=0.998707, RMSE=1.87402；model-normalized R2=0.998707, RMSE=0.00402777；training-standardized R2=0.993965, RMSE=0.395003
  QQ尾宽/oracle区间：lower=1.6042/[0.8910,1.1450]；upper=1.2347/[0.8797,1.1474]；overrun=True；underrun=False
  QQ四段比率[1-10,10-50,50-90,90-99]=[1.9571,1.2548,1.2280,1.2392]；尾部曲率RMSE(lower/upper)=0.3926/0.1062；oracle外分位点=68.32%
[38/126] DEL-H_TEB-H_water：MSE=38.9452；RMSE=6.19063；shape-MSE/RMSE=0.0275515/0.164836；model-norm MSE/RMSE=0.000179901/0.0133053；cos=0.987317；r=0.986224；W1raw=2.784071；W1norm=0.031143
  平均谱：MSE=14.6882；cos=0.995062；r=0.994617
  train分布参照：generated/train MSE=17.7124；held-out/train MSE=27.336；ratio=0.6480
  多样性MSE：train=45.1112；generated=49.2459；ratio=1.0917；Pearson-distance ratio=1.0644
  峰形多样性：position-std ratio=0.9865；height-IQR ratio=1.0684；width-IQR ratio=1.2676；position frozen=0.000%
  负值：min=-26.796；<-40点=0.000000%；<-40光谱=0.000%
  training逐点包络外：lower点/光谱=0.000000%/0.000%；upper点/光谱=0.000000%/0.000%
  QQ拟合：raw R2=0.998311, RMSE=1.90496；model-normalized R2=0.998311, RMSE=0.00409426；training-standardized R2=0.994404, RMSE=0.554945
  QQ尾宽/oracle区间：lower=1.7267/[0.8714,1.1967]；upper=1.7098/[0.9069,1.1345]；overrun=True；underrun=False
  QQ四段比率[1-10,10-50,50-90,90-99]=[1.9142,1.4895,1.3418,2.0271]；尾部曲率RMSE(lower/upper)=0.3605/0.3363；oracle外分位点=81.19%
[39/126] DEL-H_TEB-M_CHL-H_soil：MSE=205.689；RMSE=14.0094；shape-MSE/RMSE=0.0252903/0.157796；model-norm MSE/RMSE=0.000950149/0.0301099；cos=0.989248；r=0.987355；W1raw=5.267438；W1norm=0.024060
  平均谱：MSE=23.9789；cos=0.997883；r=0.997501
  train分布参照：generated/train MSE=84.6669；held-out/train MSE=152.289；ratio=0.5560
  多样性MSE：train=175.832；generated=172.745；ratio=0.9824；Pearson-distance ratio=0.9887
  峰形多样性：position-std ratio=1.2284；height-IQR ratio=1.1949；width-IQR ratio=1.1799；position frozen=0.000%
  负值：min=-37.677；<-40点=0.000000%；<-40光谱=0.000%
  training逐点包络外：lower点/光谱=0.015781%/20.000%；upper点/光谱=0.013151%/15.000%
  QQ拟合：raw R2=0.999739, RMSE=1.36715；model-normalized R2=0.999739, RMSE=0.00293835；training-standardized R2=0.996555, RMSE=0.127957
  QQ尾宽/oracle区间：lower=1.0499/[0.9267,1.0938]；upper=1.2441/[0.9169,1.1096]；overrun=True；underrun=False
  QQ四段比率[1-10,10-50,50-90,90-99]=[1.0675,1.0286,1.0920,1.3974]；尾部曲率RMSE(lower/upper)=0.1641/0.1446；oracle外分位点=4.95%
[40/126] DEL-H_TEB-M_CHL-H_water：MSE=258.977；RMSE=15.8128；shape-MSE/RMSE=0.0188039/0.135292；model-norm MSE/RMSE=0.0011963/0.0339859；cos=0.992336；r=0.990598；W1raw=6.755940；W1norm=0.028744
  平均谱：MSE=71.0144；cos=0.997550；r=0.996979
  train分布参照：generated/train MSE=71.7334；held-out/train MSE=179.247；ratio=0.4002
  多样性MSE：train=220.626；generated=193.951；ratio=0.8791；Pearson-distance ratio=0.8649
  峰形多样性：position-std ratio=1.0207；height-IQR ratio=0.9713；width-IQR ratio=1.1873；position frozen=0.000%
  负值：min=-32.138；<-40点=0.000000%；<-40光谱=0.000%
  training逐点包络外：lower点/光谱=0.000000%/0.000%；upper点/光谱=0.010521%/15.000%
  QQ拟合：raw R2=0.999903, RMSE=4.8304；model-normalized R2=0.999903, RMSE=0.0103818；training-standardized R2=0.997800, RMSE=0.237789
  QQ尾宽/oracle区间：lower=1.1395/[0.9138,1.1031]；upper=0.9808/[0.9174,1.0921]；overrun=True；underrun=False
  QQ四段比率[1-10,10-50,50-90,90-99]=[1.2475,1.0411,0.9685,0.9932]；尾部曲率RMSE(lower/upper)=0.1153/0.1301；oracle外分位点=100.00%
[41/126] DEL-H_TEB-M_CHL-M_soil：MSE=237.934；RMSE=14.9218；shape-MSE/RMSE=0.0297848/0.16901；model-norm MSE/RMSE=0.0010991/0.0320709；cos=0.987265；r=0.985108；W1raw=6.659236；W1norm=0.031310
  平均谱：MSE=76.3765；cos=0.995166；r=0.994283
  train分布参照：generated/train MSE=73.8184；held-out/train MSE=180.249；ratio=0.4095
  多样性MSE：train=208.845；generated=178.234；ratio=0.8534；Pearson-distance ratio=0.8849
  峰形多样性：position-std ratio=0.9832；height-IQR ratio=1.1301；width-IQR ratio=1.0312；position frozen=0.000%
  负值：min=-37.605；<-40点=0.000000%；<-40光谱=0.000%
  training逐点包络外：lower点/光谱=0.010521%/15.000%；upper点/光谱=0.021042%/15.000%
  QQ拟合：raw R2=0.999812, RMSE=4.76451；model-normalized R2=0.999812, RMSE=0.0102402；training-standardized R2=0.997826, RMSE=0.13948
  QQ尾宽/oracle区间：lower=0.9636/[0.9099,1.1504]；upper=1.0866/[0.9040,1.1153]；overrun=False；underrun=False
  QQ四段比率[1-10,10-50,50-90,90-99]=[0.9117,1.0414,0.9146,1.2743]；尾部曲率RMSE(lower/upper)=0.0633/0.1495；oracle外分位点=5.94%
[42/126] DEL-H_TEB-M_CHL-M_water：MSE=214.257；RMSE=14.3089；shape-MSE/RMSE=0.0224592/0.146967；model-norm MSE/RMSE=0.000989723/0.0307535；cos=0.990756；r=0.988770；W1raw=6.470135；W1norm=0.028225
  平均谱：MSE=57.9574；cos=0.997974；r=0.997508
  train分布参照：generated/train MSE=90.5057；held-out/train MSE=143.264；ratio=0.6317
  多样性MSE：train=255.895；generated=224.975；ratio=0.8792；Pearson-distance ratio=1.0271
  峰形多样性：position-std ratio=0.9404；height-IQR ratio=0.8519；width-IQR ratio=1.2452；position frozen=0.000%
  负值：min=-38.856；<-40点=0.000000%；<-40光谱=0.000%
  training逐点包络外：lower点/光谱=0.000000%/0.000%；upper点/光谱=0.007891%/5.000%
  QQ拟合：raw R2=0.999559, RMSE=4.48395；model-normalized R2=0.999559, RMSE=0.0096372；training-standardized R2=0.997773, RMSE=0.19651
  QQ尾宽/oracle区间：lower=1.1015/[0.8731,1.1303]；upper=1.1711/[0.8736,1.1512]；overrun=True；underrun=False
  QQ四段比率[1-10,10-50,50-90,90-99]=[1.2373,0.9865,1.1652,1.1772]；尾部曲率RMSE(lower/upper)=0.1033/0.0907；oracle外分位点=1.98%
[43/126] DEL-H_TEB-M_CHL-S_soil：MSE=176.168；RMSE=13.094；shape-MSE/RMSE=0.026457/0.161282；model-norm MSE/RMSE=0.000813777/0.0281425；cos=0.988721；r=0.986771；W1raw=5.180946；W1norm=0.024407
  平均谱：MSE=24.8689；cos=0.997701；r=0.997353
  train分布参照：generated/train MSE=83.0548；held-out/train MSE=152.395；ratio=0.5450
  多样性MSE：train=182.966；generated=163.445；ratio=0.8933；Pearson-distance ratio=0.7940
  峰形多样性：position-std ratio=1.0329；height-IQR ratio=1.0355；width-IQR ratio=1.2085；position frozen=0.000%
  负值：min=-33.879；<-40点=0.000000%；<-40光谱=0.000%
  training逐点包络外：lower点/光谱=0.000000%/0.000%；upper点/光谱=0.055234%/20.000%
  QQ拟合：raw R2=0.999739, RMSE=1.45189；model-normalized R2=0.999739, RMSE=0.00312051；training-standardized R2=0.997379, RMSE=0.166034
  QQ尾宽/oracle区间：lower=1.2293/[0.9231,1.1139]；upper=1.1123/[0.8898,1.1528]；overrun=True；underrun=False
  QQ四段比率[1-10,10-50,50-90,90-99]=[1.2765,1.1740,1.0253,1.2025]；尾部曲率RMSE(lower/upper)=0.1432/0.0853；oracle外分位点=13.86%
[44/126] DEL-H_TEB-M_CHL-S_water：MSE=296.884；RMSE=16.7615；shape-MSE/RMSE=0.0262537/0.160815；model-norm MSE/RMSE=0.00137141/0.0360248；cos=0.989152；r=0.986873；W1raw=6.603428；W1norm=0.029066
  平均谱：MSE=61.2337；cos=0.997837；r=0.997381
  train分布参照：generated/train MSE=139.19；held-out/train MSE=191.789；ratio=0.7257
  多样性MSE：train=314.181；generated=281.16；ratio=0.8949；Pearson-distance ratio=0.9664
  峰形多样性：position-std ratio=1.0512；height-IQR ratio=0.9645；width-IQR ratio=1.6136；position frozen=0.000%
  负值：min=-29.063；<-40点=0.000000%；<-40光谱=0.000%
  training逐点包络外：lower点/光谱=0.000000%/0.000%；upper点/光谱=0.015781%/10.000%
  QQ拟合：raw R2=0.999348, RMSE=5.3354；model-normalized R2=0.999348, RMSE=0.0114672；training-standardized R2=0.995598, RMSE=0.206683
  QQ尾宽/oracle区间：lower=1.0509/[0.7927,1.2720]；upper=1.0167/[0.8291,1.2185]；overrun=False；underrun=False
  QQ四段比率[1-10,10-50,50-90,90-99]=[1.0027,1.1025,1.1792,0.8775]；尾部曲率RMSE(lower/upper)=0.2300/0.2280；oracle外分位点=32.67%
[45/126] DEL-H_TEB-M_soil：MSE=43.0412；RMSE=6.47444；shape-MSE/RMSE=0.0367635/0.189466；model-norm MSE/RMSE=0.000198822/0.0139153；cos=0.982991；r=0.981618；W1raw=2.355826；W1norm=0.028743
  平均谱：MSE=6.3739；cos=0.997198；r=0.996951
  train分布参照：generated/train MSE=19.6334；held-out/train MSE=28.6848；ratio=0.6845
  多样性MSE：train=57.8552；generated=51.6385；ratio=0.8925；Pearson-distance ratio=0.8950
  峰形多样性：position-std ratio=1.0028；height-IQR ratio=0.9455；width-IQR ratio=1.0567；position frozen=0.000%
  负值：min=-37.359；<-40点=0.000000%；<-40光谱=0.000%
  training逐点包络外：lower点/光谱=0.007138%/5.000%；upper点/光谱=0.028551%/10.000%
  QQ拟合：raw R2=0.999641, RMSE=0.763102；model-normalized R2=0.999641, RMSE=0.00164011；training-standardized R2=0.987298, RMSE=0.491746
  QQ尾宽/oracle区间：lower=1.8694/[0.8293,1.2326]；upper=1.4343/[0.9056,1.1013]；overrun=True；underrun=False
  QQ四段比率[1-10,10-50,50-90,90-99]=[2.2516,1.4423,1.2225,1.6054]；尾部曲率RMSE(lower/upper)=0.6321/0.1555；oracle外分位点=78.22%
[46/126] DEL-H_TEB-M_water：MSE=35.6338；RMSE=5.91594；shape-MSE/RMSE=0.0303954/0.172145；model-norm MSE/RMSE=0.000164605/0.0127149；cos=0.986115；r=0.984802；W1raw=2.357114；W1norm=0.026664
  平均谱：MSE=6.17468；cos=0.997432；r=0.997173
  train分布参照：generated/train MSE=19.9592；held-out/train MSE=33.1693；ratio=0.6017
  多样性MSE：train=56.7881；generated=49.9193；ratio=0.8790；Pearson-distance ratio=0.8819
  峰形多样性：position-std ratio=1.1260；height-IQR ratio=1.0757；width-IQR ratio=1.1102；position frozen=0.000%
  负值：min=-16.614；<-40点=0.000000%；<-40光谱=0.000%
  training逐点包络外：lower点/光谱=0.000000%/0.000%；upper点/光谱=0.000000%/0.000%
  QQ拟合：raw R2=0.999595, RMSE=0.679243；model-normalized R2=0.999595, RMSE=0.00145987；training-standardized R2=0.992624, RMSE=0.4064
  QQ尾宽/oracle区间：lower=1.5523/[0.9169,1.1403]；upper=1.6189/[0.8830,1.1355]；overrun=True；underrun=False
  QQ四段比率[1-10,10-50,50-90,90-99]=[1.8448,1.2319,1.3526,1.8405]；尾部曲率RMSE(lower/upper)=0.2729/0.3733；oracle外分位点=60.40%
[47/126] DEL-H_TEB-S_CHL-H_soil：MSE=147.56；RMSE=11.9256；shape-MSE/RMSE=0.0434735/0.205749；model-norm MSE/RMSE=0.000681629/0.0256312；cos=0.981431；r=0.978263；W1raw=5.620854；W1norm=0.031133
  平均谱：MSE=30.6194；cos=0.995941；r=0.995219
  train分布参照：generated/train MSE=91.5391；held-out/train MSE=119.258；ratio=0.7676
  多样性MSE：train=208.091；generated=181.604；ratio=0.8727；Pearson-distance ratio=0.8608
  峰形多样性：position-std ratio=0.9513；height-IQR ratio=0.9181；width-IQR ratio=0.9955；position frozen=0.000%
  负值：min=-45.310；<-40点=0.057864%；<-40光谱=30.000%
  training逐点包络外：lower点/光谱=0.068385%/20.000%；upper点/光谱=0.031562%/30.000%
  QQ拟合：raw R2=0.999323, RMSE=1.99403；model-normalized R2=0.999323, RMSE=0.00428569；training-standardized R2=0.997493, RMSE=0.243126
  QQ尾宽/oracle区间：lower=1.3866/[0.8667,1.1574]；upper=1.3012/[0.8795,1.1245]；overrun=True；underrun=False
  QQ四段比率[1-10,10-50,50-90,90-99]=[1.6152,1.1729,1.2756,1.3281]；尾部曲率RMSE(lower/upper)=0.1571/0.0549；oracle外分位点=32.67%
[48/126] DEL-H_TEB-S_CHL-H_water：MSE=203.305；RMSE=14.0685；shape-MSE/RMSE=0.0367441/0.188393；model-norm MSE/RMSE=0.000939134/0.030237；cos=0.985035；r=0.981628；W1raw=7.232452；W1norm=0.037183
  平均谱：MSE=60.7679；cos=0.995481；r=0.994438
  train分布参照：generated/train MSE=104.061；held-out/train MSE=301.974；ratio=0.3446
  多样性MSE：train=248.097；generated=211.469；ratio=0.8524；Pearson-distance ratio=0.8982
  峰形多样性：position-std ratio=0.9055；height-IQR ratio=0.9876；width-IQR ratio=1.0904；position frozen=0.000%
  负值：min=-35.610；<-40点=0.000000%；<-40光谱=0.000%
  training逐点包络外：lower点/光谱=0.005260%/10.000%；upper点/光谱=0.031562%/30.000%
  QQ拟合：raw R2=0.998980, RMSE=3.0283；model-normalized R2=0.998980, RMSE=0.00650862；training-standardized R2=0.982566, RMSE=0.152768
  QQ尾宽/oracle区间：lower=0.7996/[0.8644,1.1556]；upper=0.8146/[0.8386,1.1538]；overrun=False；underrun=True
  QQ四段比率[1-10,10-50,50-90,90-99]=[0.7057,0.9356,1.1318,0.6197]；尾部曲率RMSE(lower/upper)=0.5773/0.3525；oracle外分位点=4.95%
[49/126] DEL-H_TEB-S_CHL-M_soil：MSE=137.245；RMSE=11.5307；shape-MSE/RMSE=0.030691/0.173862；model-norm MSE/RMSE=0.000633979/0.0247825；cos=0.986780；r=0.984654；W1raw=6.145443；W1norm=0.033018
  平均谱：MSE=54.488；cos=0.995042；r=0.994164
  train分布参照：generated/train MSE=86.0033；held-out/train MSE=151.289；ratio=0.5685
  多样性MSE：train=180.771；generated=156.621；ratio=0.8664；Pearson-distance ratio=0.8312
  峰形多样性：position-std ratio=0.9185；height-IQR ratio=1.0403；width-IQR ratio=0.7268；position frozen=0.000%
  负值：min=-31.913；<-40点=0.000000%；<-40光谱=0.000%
  training逐点包络外：lower点/光谱=0.000000%/0.000%；upper点/光谱=0.028932%/15.000%
  QQ拟合：raw R2=0.998818, RMSE=4.49499；model-normalized R2=0.998818, RMSE=0.00966091；training-standardized R2=0.997177, RMSE=0.138783
  QQ尾宽/oracle区间：lower=0.9408/[0.9284,1.0918]；upper=1.0331/[0.8871,1.1210]；overrun=False；underrun=False
  QQ四段比率[1-10,10-50,50-90,90-99]=[0.9345,0.9483,1.1236,0.9599]；尾部曲率RMSE(lower/upper)=0.2061/0.1384；oracle外分位点=37.62%
[50/126] DEL-H_TEB-S_CHL-M_water：MSE=259.585；RMSE=15.9359；shape-MSE/RMSE=0.0382198/0.193783；model-norm MSE/RMSE=0.00119911/0.0342505；cos=0.984340；r=0.980890；W1raw=7.194430；W1norm=0.038556
  平均谱：MSE=56.2628；cos=0.996343；r=0.995514
  train分布参照：generated/train MSE=88.9118；held-out/train MSE=252.983；ratio=0.3515
  多样性MSE：train=229.127；generated=210.463；ratio=0.9185；Pearson-distance ratio=0.9269
  峰形多样性：position-std ratio=1.1725；height-IQR ratio=0.9086；width-IQR ratio=1.2402；position frozen=0.000%
  负值：min=-34.053；<-40点=0.000000%；<-40光谱=0.000%
  training逐点包络外：lower点/光谱=0.013151%/10.000%；upper点/光谱=0.039453%/35.000%
  QQ拟合：raw R2=0.999505, RMSE=4.42976；model-normalized R2=0.999505, RMSE=0.00952072；training-standardized R2=0.997883, RMSE=0.279432
  QQ尾宽/oracle区间：lower=0.7483/[0.8770,1.1393]；upper=0.8562/[0.7581,1.2804]；overrun=False；underrun=True
  QQ四段比率[1-10,10-50,50-90,90-99]=[0.6626,0.8689,0.8378,0.8743]；尾部曲率RMSE(lower/upper)=0.1783/0.0366；oracle外分位点=60.40%
[51/126] DEL-H_TEB-S_CHL-S_soil：MSE=189.919；RMSE=13.5813；shape-MSE/RMSE=0.0463801/0.213352；model-norm MSE/RMSE=0.000877298/0.0291898；cos=0.980139；r=0.976810；W1raw=5.597264；W1norm=0.031831
  平均谱：MSE=31.2702；cos=0.996376；r=0.995723
  train分布参照：generated/train MSE=129.923；held-out/train MSE=153.046；ratio=0.8489
  多样性MSE：train=262.555；generated=228.447；ratio=0.8701；Pearson-distance ratio=0.9115
  峰形多样性：position-std ratio=1.0612；height-IQR ratio=0.8694；width-IQR ratio=1.5111；position frozen=0.000%
  负值：min=-50.706；<-40点=0.026302%；<-40光谱=10.000%
  training逐点包络外：lower点/光谱=0.013151%/5.000%；upper点/光谱=0.007891%/10.000%
  QQ拟合：raw R2=0.999633, RMSE=2.75554；model-normalized R2=0.999633, RMSE=0.00592239；training-standardized R2=0.997608, RMSE=0.106609
  QQ尾宽/oracle区间：lower=1.2612/[0.8941,1.1233]；upper=1.0860/[0.8396,1.1959]；overrun=True；underrun=False
  QQ四段比率[1-10,10-50,50-90,90-99]=[1.4869,1.0678,1.0654,1.1044]；尾部曲率RMSE(lower/upper)=0.1522/0.0872；oracle外分位点=1.98%
[52/126] DEL-H_TEB-S_CHL-S_water：MSE=273.601；RMSE=15.9678；shape-MSE/RMSE=0.0370361/0.191379；model-norm MSE/RMSE=0.00126385/0.034319；cos=0.984707；r=0.981482；W1raw=6.774628；W1norm=0.036557
  平均谱：MSE=66.6453；cos=0.996458；r=0.995771
  train分布参照：generated/train MSE=137.975；held-out/train MSE=386.383；ratio=0.3571
  多样性MSE：train=244.831；generated=217.799；ratio=0.8896；Pearson-distance ratio=0.7976
  峰形多样性：position-std ratio=0.9824；height-IQR ratio=0.9969；width-IQR ratio=1.1237；position frozen=0.000%
  负值：min=-40.183；<-40点=0.002630%；<-40光谱=5.000%
  training逐点包络外：lower点/光谱=0.005260%/5.000%；upper点/光谱=0.047344%/10.000%
  QQ拟合：raw R2=0.999548, RMSE=5.77479；model-normalized R2=0.999548, RMSE=0.0124115；training-standardized R2=0.998071, RMSE=0.252156
  QQ尾宽/oracle区间：lower=0.9296/[0.8608,1.1490]；upper=0.8677/[0.9153,1.0993]；overrun=False；underrun=True
  QQ四段比率[1-10,10-50,50-90,90-99]=[0.9649,0.8924,0.9306,0.8146]；尾部曲率RMSE(lower/upper)=0.0218/0.1617；oracle外分位点=84.16%
[53/126] DEL-H_TEB-S_soil：MSE=48.7878；RMSE=6.85226；shape-MSE/RMSE=0.0472365/0.213406；model-norm MSE/RMSE=0.000225367/0.0147273；cos=0.978200；r=0.976382；W1raw=2.723982；W1norm=0.035237
  平均谱：MSE=17.2302；cos=0.992493；r=0.991837
  train分布参照：generated/train MSE=20.6417；held-out/train MSE=28.2464；ratio=0.7308
  多样性MSE：train=57.5561；generated=54.1621；ratio=0.9410；Pearson-distance ratio=0.9298
  峰形多样性：position-std ratio=1.0499；height-IQR ratio=0.9158；width-IQR ratio=1.4571；position frozen=0.000%
  负值：min=-24.842；<-40点=0.000000%；<-40光谱=0.000%
  training逐点包络外：lower点/光谱=0.000000%/0.000%；upper点/光谱=0.007138%/5.000%
  QQ拟合：raw R2=0.998043, RMSE=1.97614；model-normalized R2=0.998043, RMSE=0.00424724；training-standardized R2=0.990254, RMSE=0.266572
  QQ尾宽/oracle区间：lower=1.4246/[0.8672,1.1203]；upper=1.4699/[0.8890,1.1788]；overrun=True；underrun=False
  QQ四段比率[1-10,10-50,50-90,90-99]=[1.7714,1.0959,1.2110,1.7226]；尾部曲率RMSE(lower/upper)=0.2943/0.4169；oracle外分位点=26.73%
[54/126] DEL-H_TEB-S_water：MSE=42.7361；RMSE=6.40024；shape-MSE/RMSE=0.0434995/0.203854；model-norm MSE/RMSE=0.000197413/0.0137558；cos=0.980224；r=0.978250；W1raw=2.910698；W1norm=0.034133
  平均谱：MSE=13.8149；cos=0.994288；r=0.993719
  train分布参照：generated/train MSE=25.7343；held-out/train MSE=33.0999；ratio=0.7775
  多样性MSE：train=65.2821；generated=58.1248；ratio=0.8904；Pearson-distance ratio=0.8738
  峰形多样性：position-std ratio=1.0376；height-IQR ratio=0.9643；width-IQR ratio=1.2283；position frozen=0.000%
  负值：min=-27.340；<-40点=0.000000%；<-40光谱=0.000%
  training逐点包络外：lower点/光谱=0.000000%/0.000%；upper点/光谱=0.053533%/15.000%
  QQ拟合：raw R2=0.998300, RMSE=1.84584；model-normalized R2=0.998300, RMSE=0.00396721；training-standardized R2=0.995084, RMSE=0.589317
  QQ尾宽/oracle区间：lower=1.7125/[0.8592,1.2108]；upper=1.6682/[0.9091,1.1208]；overrun=True；underrun=False
  QQ四段比率[1-10,10-50,50-90,90-99]=[1.9184,1.4352,1.4696,1.8042]；尾部曲率RMSE(lower/upper)=0.4354/0.2957；oracle外分位点=74.26%
[55/126] DEL-H_soil：MSE=352.198；RMSE=17.6053；shape-MSE/RMSE=0.0329616/0.174389；model-norm MSE/RMSE=0.00162692/0.0378385；cos=0.986258；r=0.983519；W1raw=7.384744；W1norm=0.032178
  平均谱：MSE=70.3775；cos=0.996398；r=0.995785
  train分布参照：generated/train MSE=206.714；held-out/train MSE=210.758；ratio=0.9808
  多样性MSE：train=585.45；generated=567.005；ratio=0.9685；Pearson-distance ratio=0.8643
  峰形多样性：position-std ratio=0.9506；height-IQR ratio=0.9612；width-IQR ratio=1.2288；position frozen=0.000%
  负值：min=-54.528；<-40点=0.174875%；<-40光谱=30.000%
  training逐点包络外：lower点/光谱=0.007138%/5.000%；upper点/光谱=0.124911%/10.000%
  QQ拟合：raw R2=0.999163, RMSE=4.27491；model-normalized R2=0.999163, RMSE=0.00918791；training-standardized R2=0.993120, RMSE=0.200589
  QQ尾宽/oracle区间：lower=0.7333/[0.6996,1.3308]；upper=0.8456/[0.8303,1.2811]；overrun=False；underrun=False
  QQ四段比率[1-10,10-50,50-90,90-99]=[0.5899,0.8891,1.0081,0.7066]；尾部曲率RMSE(lower/upper)=0.2944/0.1111；oracle外分位点=9.90%
[56/126] DEL-H_water：MSE=2757.62；RMSE=45.6366；shape-MSE/RMSE=0.122846/0.297659；model-norm MSE/RMSE=0.0127384/0.0980851；cos=0.946409；r=0.938577；W1raw=15.653239；W1norm=0.047859
  平均谱：MSE=333.617；cos=0.992364；r=0.990695
  train分布参照：generated/train MSE=1284.09；held-out/train MSE=1256.96；ratio=1.0216
  多样性MSE：train=3363.77；generated=3162.04；ratio=0.9400；Pearson-distance ratio=1.2144
  峰形多样性：position-std ratio=1.2330；height-IQR ratio=0.7814；width-IQR ratio=1.1364；position frozen=0.000%
  负值：min=-138.965；<-40点=0.827980%；<-40光谱=35.000%
  training逐点包络外：lower点/光谱=0.399714%/30.000%；upper点/光谱=0.153462%/35.000%
  QQ拟合：raw R2=0.993517, RMSE=11.5962；model-normalized R2=0.993517, RMSE=0.0249232；training-standardized R2=0.981670, RMSE=0.258975
  QQ尾宽/oracle区间：lower=0.9277/[0.7327,1.3824]；upper=0.9006/[0.8359,1.1982]；overrun=False；underrun=False
  QQ四段比率[1-10,10-50,50-90,90-99]=[0.6719,1.3293,1.2001,0.6825]；尾部曲率RMSE(lower/upper)=0.4764/0.5607；oracle外分位点=19.80%
[57/126] DEL-M_CHL-H_soil：MSE=208.092；RMSE=14.3071；shape-MSE/RMSE=0.0740078/0.269169；model-norm MSE/RMSE=0.000961246/0.0307497；cos=0.967031；r=0.962996；W1raw=6.865749；W1norm=0.044800
  平均谱：MSE=41.082；cos=0.993224；r=0.992331
  train分布参照：generated/train MSE=121.992；held-out/train MSE=127.41；ratio=0.9575
  多样性MSE：train=331.378；generated=284.245；ratio=0.8578；Pearson-distance ratio=1.0917
  峰形多样性：position-std ratio=0.9901；height-IQR ratio=0.9677；width-IQR ratio=1.2688；position frozen=0.000%
  负值：min=-48.199；<-40点=0.055234%；<-40光谱=20.000%
  training逐点包络外：lower点/光谱=0.213046%/20.000%；upper点/光谱=0.115729%/60.000%
  QQ拟合：raw R2=0.998355, RMSE=1.99365；model-normalized R2=0.998355, RMSE=0.00428487；training-standardized R2=0.994966, RMSE=0.134094
  QQ尾宽/oracle区间：lower=1.0967/[0.9123,1.1117]；upper=0.9827/[0.8835,1.1584]；overrun=False；underrun=False
  QQ四段比率[1-10,10-50,50-90,90-99]=[1.0180,1.1972,1.0166,0.9516]；尾部曲率RMSE(lower/upper)=0.1911/0.3200；oracle外分位点=18.81%
[58/126] DEL-M_CHL-H_water：MSE=165.762；RMSE=12.7522；shape-MSE/RMSE=0.0449266/0.210152；model-norm MSE/RMSE=0.000765709/0.0274079；cos=0.979844；r=0.977537；W1raw=5.946885；W1norm=0.035150
  平均谱：MSE=29.7118；cos=0.996112；r=0.995652
  train分布参照：generated/train MSE=113.216；held-out/train MSE=136.791；ratio=0.8277
  多样性MSE：train=305.126；generated=273.852；ratio=0.8975；Pearson-distance ratio=0.9460
  峰形多样性：position-std ratio=0.9900；height-IQR ratio=1.0291；width-IQR ratio=0.9992；position frozen=0.000%
  负值：min=-87.563；<-40点=0.241978%；<-40光谱=65.000%
  training逐点包络外：lower点/光谱=0.076276%/25.000%；upper点/光谱=0.078906%/60.000%
  QQ拟合：raw R2=0.998452, RMSE=2.40112；model-normalized R2=0.998452, RMSE=0.00516064；training-standardized R2=0.990631, RMSE=0.211537
  QQ尾宽/oracle区间：lower=1.3842/[0.8813,1.1505]；upper=1.0401/[0.8812,1.1577]；overrun=True；underrun=False
  QQ四段比率[1-10,10-50,50-90,90-99]=[1.5092,1.2510,1.1113,0.9904]；尾部曲率RMSE(lower/upper)=0.1158/0.4417；oracle外分位点=49.50%
[59/126] DEL-M_CHL-M_soil：MSE=215.485；RMSE=14.3607；shape-MSE/RMSE=0.0627593/0.248729；model-norm MSE/RMSE=0.000995398/0.030865；cos=0.972222；r=0.968620；W1raw=6.162872；W1norm=0.040011
  平均谱：MSE=42.4943；cos=0.994284；r=0.993489
  train分布参照：generated/train MSE=140.115；held-out/train MSE=150.511；ratio=0.9309
  多样性MSE：train=291.103；generated=274.94；ratio=0.9445；Pearson-distance ratio=0.8437
  峰形多样性：position-std ratio=1.0054；height-IQR ratio=1.0301；width-IQR ratio=1.2329；position frozen=0.000%
  负值：min=-42.136；<-40点=0.010521%；<-40光谱=5.000%
  training逐点包络外：lower点/光谱=0.010521%/10.000%；upper点/光谱=0.099947%/65.000%
  QQ拟合：raw R2=0.996455, RMSE=4.8948；model-normalized R2=0.996455, RMSE=0.0105202；training-standardized R2=0.992323, RMSE=0.359063
  QQ尾宽/oracle区间：lower=1.7567/[0.8977,1.1276]；upper=1.3967/[0.8804,1.1235]；overrun=True；underrun=False
  QQ四段比率[1-10,10-50,50-90,90-99]=[2.1925,1.3411,1.3181,1.4648]；尾部曲率RMSE(lower/upper)=0.3675/0.1194；oracle外分位点=56.44%
[60/126] DEL-M_CHL-M_water：MSE=271.238；RMSE=16.0797；shape-MSE/RMSE=0.0844094/0.284855；model-norm MSE/RMSE=0.00125294/0.0345595；cos=0.962840；r=0.957795；W1raw=6.399468；W1norm=0.045475
  平均谱：MSE=30.6997；cos=0.994427；r=0.993592
  train分布参照：generated/train MSE=150.838；held-out/train MSE=168.792；ratio=0.8936
  多样性MSE：train=379.101；generated=327.673；ratio=0.8643；Pearson-distance ratio=0.8466
  峰形多样性：position-std ratio=1.0483；height-IQR ratio=0.9919；width-IQR ratio=0.8850；position frozen=0.000%
  负值：min=-62.547；<-40点=0.034193%；<-40光谱=10.000%
  training逐点包络外：lower点/光谱=0.002630%/5.000%；upper点/光谱=0.065755%/30.000%
  QQ拟合：raw R2=0.998542, RMSE=1.77706；model-normalized R2=0.998542, RMSE=0.00381937；training-standardized R2=0.997836, RMSE=0.237204
  QQ尾宽/oracle区间：lower=1.2210/[0.8970,1.1152]；upper=1.3599/[0.9262,1.1088]；overrun=True；underrun=False
  QQ四段比率[1-10,10-50,50-90,90-99]=[1.2333,1.2060,1.2507,1.4631]；尾部曲率RMSE(lower/upper)=0.1979/0.0854；oracle外分位点=39.60%
[61/126] DEL-M_CHL-S_soil：MSE=153.771；RMSE=12.2312；shape-MSE/RMSE=0.0585298/0.239187；model-norm MSE/RMSE=0.00071032/0.0262882；cos=0.973886；r=0.970735；W1raw=5.668974；W1norm=0.040344
  平均谱：MSE=31.0619；cos=0.993875；r=0.993080
  train分布参照：generated/train MSE=88.3035；held-out/train MSE=143.886；ratio=0.6137
  多样性MSE：train=224.011；generated=216.068；ratio=0.9645；Pearson-distance ratio=0.8893
  峰形多样性：position-std ratio=0.9374；height-IQR ratio=1.0410；width-IQR ratio=0.9930；position frozen=0.000%
  负值：min=-52.495；<-40点=0.060494%；<-40光谱=15.000%
  training逐点包络外：lower点/光谱=0.007891%/10.000%；upper点/光谱=0.034193%/30.000%
  QQ拟合：raw R2=0.998648, RMSE=1.74762；model-normalized R2=0.998648, RMSE=0.0037561；training-standardized R2=0.996536, RMSE=0.215685
  QQ尾宽/oracle区间：lower=1.2279/[0.9005,1.0940]；upper=1.3438/[0.9018,1.0995]；overrun=True；underrun=False
  QQ四段比率[1-10,10-50,50-90,90-99]=[1.2422,1.2070,1.1065,1.5936]；尾部曲率RMSE(lower/upper)=0.1763/0.1742；oracle外分位点=24.75%
[62/126] DEL-M_CHL-S_water：MSE=227.262；RMSE=14.8899；shape-MSE/RMSE=0.104369/0.31688；model-norm MSE/RMSE=0.0010498/0.0320023；cos=0.953633；r=0.947815；W1raw=6.156245；W1norm=0.046816
  平均谱：MSE=24.5417；cos=0.994316；r=0.993534
  train分布参照：generated/train MSE=150.764；held-out/train MSE=161.488；ratio=0.9336
  多样性MSE：train=355.551；generated=321.563；ratio=0.9044；Pearson-distance ratio=0.9198
  峰形多样性：position-std ratio=1.0323；height-IQR ratio=0.9185；width-IQR ratio=0.9676；position frozen=0.000%
  负值：min=-63.625；<-40点=0.049974%；<-40光谱=10.000%
  training逐点包络外：lower点/光谱=0.005260%/10.000%；upper点/光谱=0.031562%/35.000%
  QQ拟合：raw R2=0.999005, RMSE=1.35597；model-normalized R2=0.999005, RMSE=0.00291434；training-standardized R2=0.996223, RMSE=0.2386
  QQ尾宽/oracle区间：lower=1.4295/[0.8867,1.1099]；upper=1.0967/[0.9295,1.0978]；overrun=True；underrun=False
  QQ四段比率[1-10,10-50,50-90,90-99]=[1.5929,1.2350,1.1499,1.0573]；尾部曲率RMSE(lower/upper)=0.1579/0.2152；oracle外分位点=37.62%
[63/126] DEL-M_TEB-H_CHL-H_soil：MSE=209.133；RMSE=14.1597；shape-MSE/RMSE=0.0220751/0.147534；model-norm MSE/RMSE=0.000966055/0.0304329；cos=0.990634；r=0.988962；W1raw=5.566043；W1norm=0.025188
  平均谱：MSE=35.4779；cos=0.997659；r=0.997257
  train分布参照：generated/train MSE=115.557；held-out/train MSE=237.343；ratio=0.4869
  多样性MSE：train=189.477；generated=166.331；ratio=0.8778；Pearson-distance ratio=0.9431
  峰形多样性：position-std ratio=0.8965；height-IQR ratio=0.7529；width-IQR ratio=1.3446；position frozen=0.000%
  负值：min=-39.600；<-40点=0.000000%；<-40光谱=0.000%
  training逐点包络外：lower点/光谱=0.002630%/5.000%；upper点/光谱=0.015781%/10.000%
  QQ拟合：raw R2=0.999600, RMSE=2.72561；model-normalized R2=0.999600, RMSE=0.00585804；training-standardized R2=0.989540, RMSE=0.212746
  QQ尾宽/oracle区间：lower=1.4213/[0.9026,1.1362]；upper=0.9926/[0.8710,1.1447]；overrun=True；underrun=False
  QQ四段比率[1-10,10-50,50-90,90-99]=[1.6805,1.1883,0.9896,0.9952]；尾部曲率RMSE(lower/upper)=0.3552/0.1716；oracle外分位点=11.88%
[64/126] DEL-M_TEB-H_CHL-H_water：MSE=214.574；RMSE=14.428；shape-MSE/RMSE=0.0193239/0.137606；model-norm MSE/RMSE=0.000991191/0.0310097；cos=0.991998；r=0.990338；W1raw=6.470335；W1norm=0.027211
  平均谱：MSE=49.3886；cos=0.998503；r=0.998179
  train分布参照：generated/train MSE=95.0819；held-out/train MSE=167.772；ratio=0.5667
  多样性MSE：train=221.469；generated=265.952；ratio=1.2009；Pearson-distance ratio=1.0154
  峰形多样性：position-std ratio=1.1600；height-IQR ratio=1.3051；width-IQR ratio=1.6489；position frozen=0.000%
  负值：min=-43.095；<-40点=0.010521%；<-40光谱=5.000%
  training逐点包络外：lower点/光谱=0.007891%/10.000%；upper点/光谱=0.184114%/50.000%
  QQ拟合：raw R2=0.999804, RMSE=3.80408；model-normalized R2=0.999804, RMSE=0.00817597；training-standardized R2=0.997579, RMSE=0.185305
  QQ尾宽/oracle区间：lower=1.2103/[0.9124,1.1238]；upper=1.2279/[0.9238,1.0983]；overrun=True；underrun=False
  QQ四段比率[1-10,10-50,50-90,90-99]=[1.2341,1.1815,1.0838,1.3877]；尾部曲率RMSE(lower/upper)=0.1663/0.1265；oracle外分位点=9.90%
[65/126] DEL-M_TEB-H_CHL-M_soil：MSE=154.86；RMSE=12.1775；shape-MSE/RMSE=0.021174/0.143689；model-norm MSE/RMSE=0.000715352/0.0261726；cos=0.990997；r=0.989413；W1raw=5.604971；W1norm=0.025755
  平均谱：MSE=36.2855；cos=0.997474；r=0.997018
  train分布参照：generated/train MSE=61.7665；held-out/train MSE=197.463；ratio=0.3128
  多样性MSE：train=155.406；generated=134.061；ratio=0.8627；Pearson-distance ratio=0.8553
  峰形多样性：position-std ratio=1.0761；height-IQR ratio=1.0644；width-IQR ratio=1.2050；position frozen=0.000%
  负值：min=-32.283；<-40点=0.000000%；<-40光谱=0.000%
  training逐点包络外：lower点/光谱=0.000000%/0.000%；upper点/光谱=0.039453%/20.000%
  QQ拟合：raw R2=0.999761, RMSE=2.4796；model-normalized R2=0.999761, RMSE=0.00532932；training-standardized R2=0.994791, RMSE=0.100354
  QQ尾宽/oracle区间：lower=1.0507/[0.9140,1.1037]；upper=1.2183/[0.9166,1.1219]；overrun=True；underrun=False
  QQ四段比率[1-10,10-50,50-90,90-99]=[1.2131,0.8789,1.0837,1.3389]；尾部曲率RMSE(lower/upper)=0.1212/0.2339；oracle外分位点=2.97%
[66/126] DEL-M_TEB-H_CHL-M_water：MSE=261.134；RMSE=15.8918；shape-MSE/RMSE=0.028334/0.166117；model-norm MSE/RMSE=0.00120627/0.0341557；cos=0.988267；r=0.985833；W1raw=7.182839；W1norm=0.031776
  平均谱：MSE=80.8033；cos=0.995328；r=0.994321
  train分布参照：generated/train MSE=134.478；held-out/train MSE=169.943；ratio=0.7913
  多样性MSE：train=266.583；generated=244.991；ratio=0.9190；Pearson-distance ratio=1.0514
  峰形多样性：position-std ratio=1.1282；height-IQR ratio=1.1137；width-IQR ratio=1.2823；position frozen=0.000%
  负值：min=-46.205；<-40点=0.013151%；<-40光谱=5.000%
  training逐点包络外：lower点/光谱=0.000000%/0.000%；upper点/光谱=0.026302%/35.000%
  QQ拟合：raw R2=0.999547, RMSE=2.80169；model-normalized R2=0.999547, RMSE=0.00602157；training-standardized R2=0.990547, RMSE=0.158725
  QQ尾宽/oracle区间：lower=1.1095/[0.8890,1.1252]；upper=1.4379/[0.8994,1.0846]；overrun=True；underrun=False
  QQ四段比率[1-10,10-50,50-90,90-99]=[1.2519,0.9561,1.1396,1.8123]；尾部曲率RMSE(lower/upper)=0.1415/0.3740；oracle外分位点=4.95%
[67/126] DEL-M_TEB-H_CHL-S_soil：MSE=134.515；RMSE=11.5391；shape-MSE/RMSE=0.0218619/0.146636；model-norm MSE/RMSE=0.000621372/0.0248005；cos=0.990686；r=0.989069；W1raw=5.785445；W1norm=0.025980
  平均谱：MSE=42.7671；cos=0.996866；r=0.996311
  train分布参照：generated/train MSE=88.2281；held-out/train MSE=102.368；ratio=0.8619
  多样性MSE：train=166.302；generated=157.991；ratio=0.9500；Pearson-distance ratio=0.8359
  峰形多样性：position-std ratio=0.8476；height-IQR ratio=1.4457；width-IQR ratio=1.2796；position frozen=0.000%
  负值：min=-32.717；<-40点=0.000000%；<-40光谱=0.000%
  training逐点包络外：lower点/光谱=0.000000%/0.000%；upper点/光谱=0.015781%/20.000%
  QQ拟合：raw R2=0.999450, RMSE=2.66707；model-normalized R2=0.999450, RMSE=0.00573224；training-standardized R2=0.995964, RMSE=0.164739
  QQ尾宽/oracle区间：lower=1.3221/[0.8854,1.1078]；upper=1.1184/[0.9302,1.0711]；overrun=True；underrun=False
  QQ四段比率[1-10,10-50,50-90,90-99]=[1.6507,1.0351,1.2063,1.0574]；尾部曲率RMSE(lower/upper)=0.2044/0.0910；oracle外分位点=14.85%
[68/126] DEL-M_TEB-H_CHL-S_water：MSE=216.112；RMSE=14.4524；shape-MSE/RMSE=0.0226305/0.14835；model-norm MSE/RMSE=0.000998294/0.031062；cos=0.990530；r=0.988685；W1raw=6.129703；W1norm=0.026843
  平均谱：MSE=46.1096；cos=0.997636；r=0.997192
  train分布参照：generated/train MSE=113.969；held-out/train MSE=129.061；ratio=0.8831
  多样性MSE：train=247.108；generated=284.771；ratio=1.1524；Pearson-distance ratio=1.1441
  峰形多样性：position-std ratio=1.0293；height-IQR ratio=0.9577；width-IQR ratio=1.5239；position frozen=0.000%
  负值：min=-41.930；<-40点=0.013151%；<-40光谱=15.000%
  training逐点包络外：lower点/光谱=0.000000%/0.000%；upper点/光谱=0.226197%/65.000%
  QQ拟合：raw R2=0.999086, RMSE=3.41977；model-normalized R2=0.999086, RMSE=0.00734999；training-standardized R2=0.997920, RMSE=0.235244
  QQ尾宽/oracle区间：lower=1.3519/[0.9077,1.1162]；upper=1.2315/[0.9281,1.1045]；overrun=True；underrun=False
  QQ四段比率[1-10,10-50,50-90,90-99]=[1.5896,1.1490,1.2062,1.2590]；尾部曲率RMSE(lower/upper)=0.1745/0.0910；oracle外分位点=45.54%
[69/126] DEL-M_TEB-H_soil：MSE=36.2445；RMSE=5.90216；shape-MSE/RMSE=0.0339447/0.180465；model-norm MSE/RMSE=0.000167425/0.0126853；cos=0.984343；r=0.983028；W1raw=2.427984；W1norm=0.031355
  平均谱：MSE=6.5586；cos=0.997153；r=0.996901
  train分布参照：generated/train MSE=19.5053；held-out/train MSE=24.3661；ratio=0.8005
  多样性MSE：train=56.4475；generated=49.5592；ratio=0.8780；Pearson-distance ratio=0.8764
  峰形多样性：position-std ratio=1.0396；height-IQR ratio=0.9483；width-IQR ratio=1.0459；position frozen=0.000%
  负值：min=-15.256；<-40点=0.000000%；<-40光谱=0.000%
  training逐点包络外：lower点/光谱=0.000000%/0.000%；upper点/光谱=0.003569%/5.000%
  QQ拟合：raw R2=0.999400, RMSE=0.705394；model-normalized R2=0.999400, RMSE=0.00151608；training-standardized R2=0.997770, RMSE=0.338451
  QQ尾宽/oracle区间：lower=1.2558/[0.9163,1.1259]；upper=1.4485/[0.8526,1.1682]；overrun=True；underrun=False
  QQ四段比率[1-10,10-50,50-90,90-99]=[1.2581,1.2522,1.2150,1.6643]；尾部曲率RMSE(lower/upper)=0.1075/0.2070；oracle外分位点=72.28%
[70/126] DEL-M_TEB-H_water：MSE=35.6566；RMSE=5.88621；shape-MSE/RMSE=0.0306973/0.172724；model-norm MSE/RMSE=0.00016471/0.012651；cos=0.985965；r=0.984651；W1raw=2.720183；W1norm=0.030412
  平均谱：MSE=12.4118；cos=0.994940；r=0.994462
  train分布参照：generated/train MSE=18.1402；held-out/train MSE=24.039；ratio=0.7546
  多样性MSE：train=46.0111；generated=50.091；ratio=1.0887；Pearson-distance ratio=1.0727
  峰形多样性：position-std ratio=0.9486；height-IQR ratio=0.9444；width-IQR ratio=1.4101；position frozen=0.000%
  负值：min=-19.298；<-40点=0.000000%；<-40光谱=0.000%
  training逐点包络外：lower点/光谱=0.000000%/0.000%；upper点/光谱=0.003569%/5.000%
  QQ拟合：raw R2=0.998295, RMSE=1.76666；model-normalized R2=0.998295, RMSE=0.00379703；training-standardized R2=0.989758, RMSE=0.528476
  QQ尾宽/oracle区间：lower=1.7261/[0.8819,1.1861]；upper=1.6838/[0.9208,1.1015]；overrun=True；underrun=False
  QQ四段比率[1-10,10-50,50-90,90-99]=[2.1155,1.3219,1.3642,1.9443]；尾部曲率RMSE(lower/upper)=0.4681/0.5148；oracle外分位点=65.35%
[71/126] DEL-M_TEB-M_CHL-H_soil：MSE=150.236；RMSE=12.1343；shape-MSE/RMSE=0.0424514/0.202385；model-norm MSE/RMSE=0.00069399/0.0260798；cos=0.981996；r=0.978774；W1raw=5.961461；W1norm=0.032113
  平均谱：MSE=46.5049；cos=0.994356；r=0.993268
  train分布参照：generated/train MSE=101.034；held-out/train MSE=202.478；ratio=0.4990
  多样性MSE：train=222.892；generated=217.843；ratio=0.9773；Pearson-distance ratio=0.9960
  峰形多样性：position-std ratio=1.1745；height-IQR ratio=1.0638；width-IQR ratio=1.0252；position frozen=0.000%
  负值：min=-31.489；<-40点=0.000000%；<-40光谱=0.000%
  training逐点包络外：lower点/光谱=0.000000%/0.000%；upper点/光谱=0.000000%/0.000%
  QQ拟合：raw R2=0.999470, RMSE=2.24496；model-normalized R2=0.999470, RMSE=0.00482501；training-standardized R2=0.994558, RMSE=0.208328
  QQ尾宽/oracle区间：lower=1.1068/[0.8697,1.1350]；upper=1.4137/[0.8436,1.1435]；overrun=True；underrun=False
  QQ四段比率[1-10,10-50,50-90,90-99]=[1.0806,1.1407,1.2101,1.6089]；尾部曲率RMSE(lower/upper)=0.2577/0.1786；oracle外分位点=19.80%
[72/126] DEL-M_TEB-M_CHL-H_water：MSE=232.798；RMSE=15.1007；shape-MSE/RMSE=0.0384089/0.194974；model-norm MSE/RMSE=0.00107537/0.0324555；cos=0.984033；r=0.980796；W1raw=7.036845；W1norm=0.036439
  平均谱：MSE=58.628；cos=0.995184；r=0.994134
  train分布参照：generated/train MSE=123.547；held-out/train MSE=209.442；ratio=0.5899
  多样性MSE：train=253.82；generated=219.576；ratio=0.8651；Pearson-distance ratio=0.7613
  峰形多样性：position-std ratio=0.9586；height-IQR ratio=0.8720；width-IQR ratio=0.9117；position frozen=0.000%
  负值：min=-33.881；<-40点=0.000000%；<-40光谱=0.000%
  training逐点包络外：lower点/光谱=0.000000%/0.000%；upper点/光谱=0.036823%/35.000%
  QQ拟合：raw R2=0.999585, RMSE=1.36245；model-normalized R2=0.999585, RMSE=0.00292826；training-standardized R2=0.997602, RMSE=0.134765
  QQ尾宽/oracle区间：lower=1.0096/[0.8629,1.1686]；upper=0.9018/[0.8984,1.1472]；overrun=False；underrun=False
  QQ四段比率[1-10,10-50,50-90,90-99]=[1.1173,0.8931,0.8693,0.9292]；尾部曲率RMSE(lower/upper)=0.1014/0.1561；oracle外分位点=9.90%
[73/126] DEL-M_TEB-M_CHL-M_soil：MSE=169.068；RMSE=12.709；shape-MSE/RMSE=0.0447475/0.207443；model-norm MSE/RMSE=0.000780983/0.027315；cos=0.981120；r=0.977626；W1raw=6.062489；W1norm=0.034805
  平均谱：MSE=49.8538；cos=0.993765；r=0.992572
  train分布参照：generated/train MSE=100.899；held-out/train MSE=154.367；ratio=0.6536
  多样性MSE：train=203.681；generated=176.947；ratio=0.8687；Pearson-distance ratio=0.8698
  峰形多样性：position-std ratio=1.0282；height-IQR ratio=1.0594；width-IQR ratio=0.7791；position frozen=11.111%
  负值：min=-35.619；<-40点=0.000000%；<-40光谱=0.000%
  training逐点包络外：lower点/光谱=0.013151%/10.000%；upper点/光谱=0.026302%/25.000%
  QQ拟合：raw R2=0.999762, RMSE=2.42134；model-normalized R2=0.999762, RMSE=0.00520409；training-standardized R2=0.998446, RMSE=0.130718
  QQ尾宽/oracle区间：lower=1.2037/[0.9035,1.1231]；upper=1.0620/[0.8955,1.1013]；overrun=True；underrun=False
  QQ四段比率[1-10,10-50,50-90,90-99]=[1.3163,1.0836,1.0329,1.0888]；尾部曲率RMSE(lower/upper)=0.1327/0.0429；oracle外分位点=0.99%
[74/126] DEL-M_TEB-M_CHL-M_water：MSE=166.835；RMSE=12.7315；shape-MSE/RMSE=0.0276683/0.165143；model-norm MSE/RMSE=0.000770668/0.0273634；cos=0.988363；r=0.986166；W1raw=5.736454；W1norm=0.031092
  平均谱：MSE=30.4383；cos=0.997832；r=0.997464
  train分布参照：generated/train MSE=88.8467；held-out/train MSE=140.861；ratio=0.6307
  多样性MSE：train=233.986；generated=203.236；ratio=0.8686；Pearson-distance ratio=0.8897
  峰形多样性：position-std ratio=1.0088；height-IQR ratio=1.2720；width-IQR ratio=1.6188；position frozen=0.000%
  负值：min=-37.842；<-40点=0.000000%；<-40光谱=0.000%
  training逐点包络外：lower点/光谱=0.000000%/0.000%；upper点/光谱=0.023672%/25.000%
  QQ拟合：raw R2=0.999800, RMSE=1.95654；model-normalized R2=0.999800, RMSE=0.00420513；training-standardized R2=0.998281, RMSE=0.169145
  QQ尾宽/oracle区间：lower=1.2371/[0.9292,1.0751]；upper=1.1634/[0.9206,1.1014]；overrun=True；underrun=False
  QQ四段比率[1-10,10-50,50-90,90-99]=[1.3124,1.1621,1.1014,1.2216]；尾部曲率RMSE(lower/upper)=0.0690/0.1447；oracle外分位点=14.85%
[75/126] DEL-M_TEB-M_CHL-S_soil：MSE=129.699；RMSE=11.2163；shape-MSE/RMSE=0.0347349/0.184876；model-norm MSE/RMSE=0.000599124/0.0241069；cos=0.985276；r=0.982633；W1raw=5.608894；W1norm=0.031867
  平均谱：MSE=44.2675；cos=0.994040；r=0.992902
  train分布参照：generated/train MSE=75.4349；held-out/train MSE=137.359；ratio=0.5492
  多样性MSE：train=171.445；generated=148.18；ratio=0.8643；Pearson-distance ratio=0.8598
  峰形多样性：position-std ratio=1.0408；height-IQR ratio=1.0874；width-IQR ratio=1.1887；position frozen=0.000%
  负值：min=-32.189；<-40点=0.000000%；<-40光谱=0.000%
  training逐点包络外：lower点/光谱=0.000000%/0.000%；upper点/光谱=0.060494%/30.000%
  QQ拟合：raw R2=0.999315, RMSE=1.81991；model-normalized R2=0.999315, RMSE=0.00391147；training-standardized R2=0.997252, RMSE=0.152083
  QQ尾宽/oracle区间：lower=1.2718/[0.9140,1.1095]；upper=1.2601/[0.9012,1.1005]；overrun=True；underrun=False
  QQ四段比率[1-10,10-50,50-90,90-99]=[1.4617,1.0831,1.0969,1.4221]；尾部曲率RMSE(lower/upper)=0.1725/0.1377；oracle外分位点=5.94%
[76/126] DEL-M_TEB-M_CHL-S_water：MSE=206.28；RMSE=14.0514；shape-MSE/RMSE=0.0346594/0.182913；model-norm MSE/RMSE=0.000952875/0.0302001；cos=0.985628；r=0.982670；W1raw=6.080643；W1norm=0.032888
  平均谱：MSE=45.064；cos=0.996691；r=0.996103
  train分布参照：generated/train MSE=120.788；held-out/train MSE=182.567；ratio=0.6616
  多样性MSE：train=306.272；generated=269.497；ratio=0.8799；Pearson-distance ratio=0.9111
  峰形多样性：position-std ratio=0.9252；height-IQR ratio=1.0157；width-IQR ratio=1.1558；position frozen=10.000%
  负值：min=-34.827；<-40点=0.000000%；<-40光谱=0.000%
  training逐点包络外：lower点/光谱=0.000000%/0.000%；upper点/光谱=0.010521%/10.000%
  QQ拟合：raw R2=0.999648, RMSE=2.02191；model-normalized R2=0.999648, RMSE=0.00434562；training-standardized R2=0.997725, RMSE=0.131906
  QQ尾宽/oracle区间：lower=1.1903/[0.9081,1.1325]；upper=1.1104/[0.8616,1.1917]；overrun=True；underrun=False
  QQ四段比率[1-10,10-50,50-90,90-99]=[1.2119,1.1655,1.0703,1.1508]；尾部曲率RMSE(lower/upper)=0.0558/0.1947；oracle外分位点=1.98%
[77/126] DEL-M_TEB-M_soil：MSE=39.1434；RMSE=6.1335；shape-MSE/RMSE=0.0384716/0.193507；model-norm MSE/RMSE=0.000180816/0.0131825；cos=0.982302；r=0.980764；W1raw=2.556002；W1norm=0.033955
  平均谱：MSE=9.51394；cos=0.995310；r=0.994939
  train分布参照：generated/train MSE=19.8003；held-out/train MSE=28.4381；ratio=0.6963
  多样性MSE：train=61.6437；generated=53.4969；ratio=0.8678；Pearson-distance ratio=0.8006
  峰形多样性：position-std ratio=0.8397；height-IQR ratio=0.9876；width-IQR ratio=0.9287；position frozen=10.000%
  负值：min=-17.733；<-40点=0.000000%；<-40光谱=0.000%
  training逐点包络外：lower点/光谱=0.000000%/0.000%；upper点/光谱=0.042827%/10.000%
  QQ拟合：raw R2=0.998595, RMSE=1.07811；model-normalized R2=0.998595, RMSE=0.00231714；training-standardized R2=0.995336, RMSE=0.403932
  QQ尾宽/oracle区间：lower=1.5295/[0.8868,1.1496]；upper=1.3357/[0.8962,1.1520]；overrun=True；underrun=False
  QQ四段比率[1-10,10-50,50-90,90-99]=[1.6974,1.3246,1.3616,1.3179]；尾部曲率RMSE(lower/upper)=0.2093/0.2451；oracle外分位点=74.26%
[78/126] DEL-M_TEB-M_water：MSE=41.2161；RMSE=6.3519；shape-MSE/RMSE=0.0387688/0.194993；model-norm MSE/RMSE=0.000190391/0.0136519；cos=0.982397；r=0.980616；W1raw=2.731416；W1norm=0.031353
  平均谱：MSE=10.3147；cos=0.995416；r=0.994926
  train分布参照：generated/train MSE=23.8583；held-out/train MSE=24.3038；ratio=0.9817
  多样性MSE：train=57.5829；generated=60.8091；ratio=1.0560；Pearson-distance ratio=1.0581
  峰形多样性：position-std ratio=1.1691；height-IQR ratio=1.3704；width-IQR ratio=1.2798；position frozen=0.000%
  负值：min=-25.150；<-40点=0.000000%；<-40光谱=0.000%
  training逐点包络外：lower点/光谱=0.000000%/0.000%；upper点/光谱=0.078515%/20.000%
  QQ拟合：raw R2=0.999081, RMSE=1.16216；model-normalized R2=0.999081, RMSE=0.00249779；training-standardized R2=0.989320, RMSE=0.505331
  QQ尾宽/oracle区间：lower=1.8792/[0.8059,1.2398]；upper=1.6057/[0.9034,1.1191]；overrun=True；underrun=False
  QQ四段比率[1-10,10-50,50-90,90-99]=[2.2394,1.4980,1.2403,1.9880]；尾部曲率RMSE(lower/upper)=0.5079/0.2770；oracle外分位点=81.19%
[79/126] DEL-M_TEB-S_CHL-H_soil：MSE=176.098；RMSE=13.0048；shape-MSE/RMSE=0.0661319/0.252857；model-norm MSE/RMSE=0.000813456/0.0279507；cos=0.971586；r=0.966934；W1raw=5.874850；W1norm=0.041380
  平均谱：MSE=42.449；cos=0.991034；r=0.989390
  train分布参照：generated/train MSE=96.9961；held-out/train MSE=219.61；ratio=0.4417
  多样性MSE：train=222.001；generated=189.635；ratio=0.8542；Pearson-distance ratio=0.8649
  峰形多样性：position-std ratio=1.1304；height-IQR ratio=0.7901；width-IQR ratio=1.0342；position frozen=0.000%
  负值：min=-36.775；<-40点=0.000000%；<-40光谱=0.000%
  training逐点包络外：lower点/光谱=0.000000%/0.000%；upper点/光谱=0.094687%/40.000%
  QQ拟合：raw R2=0.999111, RMSE=2.11382；model-normalized R2=0.999111, RMSE=0.00454315；training-standardized R2=0.996962, RMSE=0.0829851
  QQ尾宽/oracle区间：lower=1.0595/[0.8499,1.1381]；upper=0.9639/[0.9113,1.1168]；overrun=False；underrun=False
  QQ四段比率[1-10,10-50,50-90,90-99]=[1.0616,1.0571,1.1312,0.8453]；尾部曲率RMSE(lower/upper)=0.0924/0.2449；oracle外分位点=0.99%
[80/126] DEL-M_TEB-S_CHL-H_water：MSE=202.573；RMSE=13.8176；shape-MSE/RMSE=0.0503667/0.220657；model-norm MSE/RMSE=0.000935754/0.0296976；cos=0.979204；r=0.974817；W1raw=6.215895；W1norm=0.039759
  平均谱：MSE=37.1789；cos=0.995008；r=0.993890
  train分布参照：generated/train MSE=99.4229；held-out/train MSE=218.575；ratio=0.4549
  多样性MSE：train=281.834；generated=238.782；ratio=0.8472；Pearson-distance ratio=1.1427
  峰形多样性：position-std ratio=0.9218；height-IQR ratio=1.0287；width-IQR ratio=1.4535；position frozen=0.000%
  负值：min=-60.103；<-40点=0.042083%；<-40光谱=10.000%
  training逐点包络外：lower点/光谱=0.002630%/5.000%；upper点/光谱=0.031562%/10.000%
  QQ拟合：raw R2=0.998467, RMSE=2.13324；model-normalized R2=0.998467, RMSE=0.00458489；training-standardized R2=0.998141, RMSE=0.0954468
  QQ尾宽/oracle区间：lower=1.1630/[0.9116,1.1333]；upper=1.0188/[0.9024,1.1126]；overrun=True；underrun=False
  QQ四段比率[1-10,10-50,50-90,90-99]=[1.2646,1.0781,1.0865,0.9577]；尾部曲率RMSE(lower/upper)=0.1164/0.1399；oracle外分位点=0.99%
[81/126] DEL-M_TEB-S_CHL-M_soil：MSE=152.37；RMSE=12.1068；shape-MSE/RMSE=0.0647754/0.251066；model-norm MSE/RMSE=0.000703849/0.0260207；cos=0.972367；r=0.967612；W1raw=6.178225；W1norm=0.046516
  平均谱：MSE=43.6746；cos=0.989765；r=0.987898
  train分布参照：generated/train MSE=85.136；held-out/train MSE=215.191；ratio=0.3956
  多样性MSE：train=161.038；generated=139.113；ratio=0.8638；Pearson-distance ratio=0.8623
  峰形多样性：position-std ratio=1.0757；height-IQR ratio=1.1062；width-IQR ratio=0.9700；position frozen=0.000%
  负值：min=-32.962；<-40点=0.000000%；<-40光谱=0.000%
  training逐点包络外：lower点/光谱=0.015781%/5.000%；upper点/光谱=0.039453%/35.000%
  QQ拟合：raw R2=0.998218, RMSE=2.35685；model-normalized R2=0.998218, RMSE=0.00506549；training-standardized R2=0.993601, RMSE=0.14989
  QQ尾宽/oracle区间：lower=0.8338/[0.9006,1.0925]；upper=1.0318/[0.8914,1.1559]；overrun=False；underrun=True
  QQ四段比率[1-10,10-50,50-90,90-99]=[0.8525,0.8142,1.0238,1.0397]；尾部曲率RMSE(lower/upper)=0.2804/0.0977；oracle外分位点=6.93%
[82/126] DEL-M_TEB-S_CHL-M_water：MSE=369.09；RMSE=18.3293；shape-MSE/RMSE=0.0731073/0.265764；model-norm MSE/RMSE=0.00170495/0.0393946；cos=0.970154；r=0.963446；W1raw=6.895985；W1norm=0.048470
  平均谱：MSE=77.8427；cos=0.994455；r=0.993130
  train分布参照：generated/train MSE=172.343；held-out/train MSE=181.091；ratio=0.9517
  多样性MSE：train=323.778；generated=284.289；ratio=0.8780；Pearson-distance ratio=0.9453
  峰形多样性：position-std ratio=0.9869；height-IQR ratio=1.1707；width-IQR ratio=1.2519；position frozen=0.000%
  负值：min=-35.324；<-40点=0.000000%；<-40光谱=0.000%
  training逐点包络外：lower点/光谱=0.000000%/0.000%；upper点/光谱=0.000000%/0.000%
  QQ拟合：raw R2=0.999363, RMSE=5.93752；model-normalized R2=0.999363, RMSE=0.0127613；training-standardized R2=0.995867, RMSE=0.214599
  QQ尾宽/oracle区间：lower=1.1582/[0.9169,1.1205]；upper=1.0195/[0.8842,1.1137]；overrun=True；underrun=False
  QQ四段比率[1-10,10-50,50-90,90-99]=[1.2711,1.0550,0.9312,1.1101]；尾部曲率RMSE(lower/upper)=0.0985/0.1934；oracle外分位点=35.64%
[83/126] DEL-M_TEB-S_CHL-S_soil：MSE=226.205；RMSE=14.8923；shape-MSE/RMSE=0.090413/0.297922；model-norm MSE/RMSE=0.00104491/0.0320074；cos=0.961532；r=0.954793；W1raw=6.139577；W1norm=0.052543
  平均谱：MSE=57.4064；cos=0.986562；r=0.984061
  train分布参照：generated/train MSE=86.3179；held-out/train MSE=148.957；ratio=0.5795
  多样性MSE：train=176.481；generated=153.303；ratio=0.8687；Pearson-distance ratio=0.8606
  峰形多样性：position-std ratio=0.9277；height-IQR ratio=0.9081；width-IQR ratio=1.0417；position frozen=0.000%
  负值：min=-34.930；<-40点=0.000000%；<-40光谱=0.000%
  training逐点包络外：lower点/光谱=0.002630%/5.000%；upper点/光谱=0.031562%/30.000%
  QQ拟合：raw R2=0.996916, RMSE=4.10832；model-normalized R2=0.996916, RMSE=0.00882987；training-standardized R2=0.996400, RMSE=0.178019
  QQ尾宽/oracle区间：lower=1.2365/[0.9331,1.0959]；upper=1.0422/[0.9115,1.1512]；overrun=True；underrun=False
  QQ四段比率[1-10,10-50,50-90,90-99]=[1.3504,1.1101,0.9773,1.1030]；尾部曲率RMSE(lower/upper)=0.1552/0.1601；oracle外分位点=35.64%
[84/126] DEL-M_TEB-S_CHL-S_water：MSE=252.016；RMSE=15.4841；shape-MSE/RMSE=0.049367/0.215153；model-norm MSE/RMSE=0.00116414/0.0332793；cos=0.979743；r=0.975316；W1raw=7.254285；W1norm=0.048501
  平均谱：MSE=74.8631；cos=0.991687；r=0.989983
  train分布参照：generated/train MSE=90.0018；held-out/train MSE=304.795；ratio=0.2953
  多样性MSE：train=231.474；generated=201.84；ratio=0.8720；Pearson-distance ratio=0.8430
  峰形多样性：position-std ratio=0.8492；height-IQR ratio=0.8905；width-IQR ratio=1.0057；position frozen=10.000%
  负值：min=-28.723；<-40点=0.000000%；<-40光谱=0.000%
  training逐点包络外：lower点/光谱=0.000000%/0.000%；upper点/光谱=0.023672%/25.000%
  QQ拟合：raw R2=0.997522, RMSE=5.04073；model-normalized R2=0.997522, RMSE=0.0108339；training-standardized R2=0.998889, RMSE=0.233787
  QQ尾宽/oracle区间：lower=0.9387/[0.9306,1.1062]；upper=0.9152/[0.8841,1.1627]；overrun=False；underrun=False
  QQ四段比率[1-10,10-50,50-90,90-99]=[1.0006,0.8804,0.9071,0.9226]；尾部曲率RMSE(lower/upper)=0.0771/0.0975；oracle外分位点=19.80%
[85/126] DEL-M_TEB-S_soil：MSE=43.6414；RMSE=6.49345；shape-MSE/RMSE=0.0452793/0.2095；model-norm MSE/RMSE=0.000201594/0.0139561；cos=0.979100；r=0.977360；W1raw=2.906725；W1norm=0.038257
  平均谱：MSE=12.6951；cos=0.993708；r=0.993135
  train分布参照：generated/train MSE=23.5857；held-out/train MSE=28.9974；ratio=0.8134
  多样性MSE：train=62.5652；generated=70.5308；ratio=1.1273；Pearson-distance ratio=1.1258
  峰形多样性：position-std ratio=0.9868；height-IQR ratio=1.1893；width-IQR ratio=1.9266；position frozen=10.000%
  负值：min=-23.473；<-40点=0.000000%；<-40光谱=0.000%
  training逐点包络外：lower点/光谱=0.000000%/0.000%；upper点/光谱=0.000000%/0.000%
  QQ拟合：raw R2=0.998530, RMSE=1.59882；model-normalized R2=0.998530, RMSE=0.00343628；training-standardized R2=0.988241, RMSE=0.768178
  QQ尾宽/oracle区间：lower=2.2211/[0.8682,1.1373]；upper=1.8431/[0.8569,1.1789]；overrun=True；underrun=False
  QQ四段比率[1-10,10-50,50-90,90-99]=[2.6378,1.7049,1.4838,2.1155]；尾部曲率RMSE(lower/upper)=0.7409/0.3388；oracle外分位点=73.27%
[86/126] DEL-M_TEB-S_water：MSE=44.4084；RMSE=6.50994；shape-MSE/RMSE=0.0482366/0.21444；model-norm MSE/RMSE=0.000205137/0.0139916；cos=0.978022；r=0.975882；W1raw=3.207658；W1norm=0.037893
  平均谱：MSE=25.1652；cos=0.987887；r=0.986609
  train分布参照：generated/train MSE=17.7352；held-out/train MSE=31.4406；ratio=0.5641
  多样性MSE：train=46.5944；generated=43.0291；ratio=0.9235；Pearson-distance ratio=0.9263
  峰形多样性：position-std ratio=0.9058；height-IQR ratio=0.9607；width-IQR ratio=1.2436；position frozen=0.000%
  负值：min=-21.701；<-40点=0.000000%；<-40光谱=0.000%
  training逐点包络外：lower点/光谱=0.000000%/0.000%；upper点/光谱=0.003569%/5.000%
  QQ拟合：raw R2=0.997936, RMSE=1.82449；model-normalized R2=0.997936, RMSE=0.00392131；training-standardized R2=0.993707, RMSE=0.356409
  QQ尾宽/oracle区间：lower=1.3774/[0.9091,1.1013]；upper=1.5651/[0.9120,1.1365]；overrun=True；underrun=False
  QQ四段比率[1-10,10-50,50-90,90-99]=[1.5672,1.1528,1.2906,1.8219]；尾部曲率RMSE(lower/upper)=0.1956/0.3156；oracle外分位点=48.51%
[87/126] DEL-M_soil：MSE=646.231；RMSE=23.8531；shape-MSE/RMSE=0.12885/0.336806；model-norm MSE/RMSE=0.00298516/0.0512666；cos=0.947414；r=0.935575；W1raw=12.335372；W1norm=0.083726
  平均谱：MSE=502.818；cos=0.985997；r=0.982525
  train分布参照：generated/train MSE=268.094；held-out/train MSE=305.084；ratio=0.8788
  多样性MSE：train=609.855；generated=594.156；ratio=0.9743；Pearson-distance ratio=1.1964
  峰形多样性：position-std ratio=0.9572；height-IQR ratio=0.9215；width-IQR ratio=1.1268；position frozen=10.000%
  负值：min=-71.009；<-40点=0.099929%；<-40光谱=10.000%
  training逐点包络外：lower点/光谱=0.210564%/15.000%；upper点/光谱=0.078515%/15.000%
  QQ拟合：raw R2=0.997488, RMSE=18.4809；model-normalized R2=0.997488, RMSE=0.0397203；training-standardized R2=0.997520, RMSE=0.235471
  QQ尾宽/oracle区间：lower=0.8648/[0.7813,1.2741]；upper=0.8863/[0.6591,1.4912]；overrun=False；underrun=False
  QQ四段比率[1-10,10-50,50-90,90-99]=[0.7327,1.0329,0.9333,0.8236]；尾部曲率RMSE(lower/upper)=0.1135/0.0590；oracle外分位点=0.99%
[88/126] DEL-M_water：MSE=1966.74；RMSE=41.4224；shape-MSE/RMSE=0.094853/0.301749；model-norm MSE/RMSE=0.00908503/0.0890277；cos=0.960629；r=0.952574；W1raw=12.672855；W1norm=0.051907
  平均谱：MSE=145.873；cos=0.991117；r=0.989184
  train分布参照：generated/train MSE=492.755；held-out/train MSE=891.132；ratio=0.5530
  多样性MSE：train=1950；generated=1683.13；ratio=0.8631；Pearson-distance ratio=1.1799
  峰形多样性：position-std ratio=1.1559；height-IQR ratio=1.2310；width-IQR ratio=1.0064；position frozen=0.000%
  负值：min=-43.172；<-40点=0.057102%；<-40光谱=10.000%
  training逐点包络外：lower点/光谱=0.017844%/10.000%；upper点/光谱=0.210564%/30.000%
  QQ拟合：raw R2=0.985106, RMSE=11.4742；model-normalized R2=0.985106, RMSE=0.0246611；training-standardized R2=0.989128, RMSE=0.126189
  QQ尾宽/oracle区间：lower=1.0379/[0.8547,1.1932]；upper=0.7682/[0.8577,1.1693]；overrun=False；underrun=True
  QQ四段比率[1-10,10-50,50-90,90-99]=[1.0669,1.0123,0.9547,0.6093]；尾部曲率RMSE(lower/upper)=0.0450/0.4274；oracle外分位点=3.96%
[89/126] DEL-S_CHL-H_soil：MSE=195.004；RMSE=13.7351；shape-MSE/RMSE=0.0774066/0.27525；model-norm MSE/RMSE=0.000900787/0.0295203；cos=0.965069；r=0.961297；W1raw=6.163971；W1norm=0.046038
  平均谱：MSE=38.2241；cos=0.992484；r=0.991589
  train分布参照：generated/train MSE=107.122；held-out/train MSE=142.618；ratio=0.7511
  多样性MSE：train=255.223；generated=266.982；ratio=1.0461；Pearson-distance ratio=0.9991
  峰形多样性：position-std ratio=0.9691；height-IQR ratio=0.9608；width-IQR ratio=0.9748；position frozen=0.000%
  负值：min=-41.356；<-40点=0.005260%；<-40光谱=5.000%
  training逐点包络外：lower点/光谱=0.021042%/10.000%；upper点/光谱=0.057864%/30.000%
  QQ拟合：raw R2=0.997494, RMSE=2.68085；model-normalized R2=0.997494, RMSE=0.00576186；training-standardized R2=0.996044, RMSE=0.115737
  QQ尾宽/oracle区间：lower=0.9910/[0.8514,1.1787]；upper=0.9448/[0.8670,1.1387]；overrun=False；underrun=False
  QQ四段比率[1-10,10-50,50-90,90-99]=[0.8844,1.1588,1.0960,0.8370]；尾部曲率RMSE(lower/upper)=0.2006/0.2485；oracle外分位点=24.75%
[90/126] DEL-S_CHL-H_water：MSE=291.636；RMSE=16.6758；shape-MSE/RMSE=0.0885437/0.293258；model-norm MSE/RMSE=0.00134716/0.0358408；cos=0.960513；r=0.955728；W1raw=7.492069；W1norm=0.056397
  平均谱：MSE=98.0599；cos=0.984236；r=0.982472
  train分布参照：generated/train MSE=103.731；held-out/train MSE=166.982；ratio=0.6212
  多样性MSE：train=278.835；generated=239.332；ratio=0.8583；Pearson-distance ratio=0.8502
  峰形多样性：position-std ratio=0.9209；height-IQR ratio=1.1513；width-IQR ratio=0.8842；position frozen=0.000%
  负值：min=-44.978；<-40点=0.023672%；<-40光谱=10.000%
  training逐点包络外：lower点/光谱=0.010521%/5.000%；upper点/光谱=0.084166%/45.000%
  QQ拟合：raw R2=0.993320, RMSE=5.40128；model-normalized R2=0.993320, RMSE=0.0116088；training-standardized R2=0.996515, RMSE=0.0738647
  QQ尾宽/oracle区间：lower=1.0382/[0.8575,1.1390]；upper=0.9765/[0.9129,1.1036]；overrun=False；underrun=False
  QQ四段比率[1-10,10-50,50-90,90-99]=[0.9781,1.1265,0.9758,0.9771]；尾部曲率RMSE(lower/upper)=0.0806/0.2627；oracle外分位点=3.96%
[91/126] DEL-S_CHL-M_soil：MSE=165.34；RMSE=12.5957；shape-MSE/RMSE=0.0976809/0.299888；model-norm MSE/RMSE=0.000763763/0.0270714；cos=0.955985；r=0.951160；W1raw=5.775498；W1norm=0.050107
  平均谱：MSE=26.2174；cos=0.992633；r=0.992060
  train分布参照：generated/train MSE=89.8094；held-out/train MSE=174.244；ratio=0.5154
  多样性MSE：train=252.584；generated=218.184；ratio=0.8638；Pearson-distance ratio=0.8500
  峰形多样性：position-std ratio=1.0451；height-IQR ratio=1.1676；width-IQR ratio=1.2792；position frozen=0.000%
  负值：min=-44.653；<-40点=0.007891%；<-40光谱=10.000%
  training逐点包络外：lower点/光谱=0.021042%/10.000%；upper点/光谱=0.000000%/0.000%
  QQ拟合：raw R2=0.997882, RMSE=2.65802；model-normalized R2=0.997882, RMSE=0.00571278；training-standardized R2=0.992128, RMSE=0.166196
  QQ尾宽/oracle区间：lower=0.9074/[0.8970,1.1633]；upper=1.1273/[0.8247,1.1679]；overrun=False；underrun=False
  QQ四段比率[1-10,10-50,50-90,90-99]=[0.7770,1.1293,1.1001,1.1560]；尾部曲率RMSE(lower/upper)=0.4243/0.1259；oracle外分位点=49.50%
[92/126] DEL-S_CHL-M_water：MSE=235.876；RMSE=15.1664；shape-MSE/RMSE=0.120931/0.342963；model-norm MSE/RMSE=0.00108959/0.0325966；cos=0.945216；r=0.939535；W1raw=7.407009；W1norm=0.066336
  平均谱：MSE=131.83；cos=0.966707；r=0.962438
  train分布参照：generated/train MSE=106.723；held-out/train MSE=235.796；ratio=0.4526
  多样性MSE：train=293.192；generated=250.095；ratio=0.8530；Pearson-distance ratio=0.7437
  峰形多样性：position-std ratio=0.9006；height-IQR ratio=0.8413；width-IQR ratio=0.9814；position frozen=0.000%
  负值：min=-66.363；<-40点=0.131510%；<-40光谱=35.000%
  training逐点包络外：lower点/光谱=0.000000%/0.000%；upper点/光谱=0.015781%/30.000%
  QQ拟合：raw R2=0.995800, RMSE=5.7294；model-normalized R2=0.995800, RMSE=0.012314；training-standardized R2=0.997664, RMSE=0.134572
  QQ尾宽/oracle区间：lower=1.2285/[0.8949,1.1186]；upper=1.1895/[0.8563,1.2224]；overrun=True；underrun=False
  QQ四段比率[1-10,10-50,50-90,90-99]=[1.3278,1.1186,1.0403,1.3306]；尾部曲率RMSE(lower/upper)=0.1400/0.1167；oracle外分位点=5.94%
[93/126] DEL-S_CHL-S_soil：MSE=217.556；RMSE=14.5262；shape-MSE/RMSE=0.125407/0.347809；model-norm MSE/RMSE=0.00100496/0.0312206；cos=0.943361；r=0.937297；W1raw=6.250322；W1norm=0.066704
  平均谱：MSE=43.7595；cos=0.990697；r=0.989763
  train分布参照：generated/train MSE=98.3706；held-out/train MSE=132.246；ratio=0.7438
  多样性MSE：train=267.606；generated=243.476；ratio=0.9098；Pearson-distance ratio=0.9922
  峰形多样性：position-std ratio=1.0256；height-IQR ratio=0.8592；width-IQR ratio=0.8791；position frozen=0.000%
  负值：min=-65.214；<-40点=0.097317%；<-40光谱=20.000%
  training逐点包络外：lower点/光谱=0.015781%/10.000%；upper点/光谱=0.031562%/20.000%
  QQ拟合：raw R2=0.996737, RMSE=4.72031；model-normalized R2=0.996737, RMSE=0.0101452；training-standardized R2=0.997905, RMSE=0.101773
  QQ尾宽/oracle区间：lower=0.9500/[0.8497,1.1426]；upper=1.0946/[0.9226,1.0908]；overrun=True；underrun=False
  QQ四段比率[1-10,10-50,50-90,90-99]=[0.8485,1.1033,1.0544,1.1362]；尾部曲率RMSE(lower/upper)=0.1678/0.0281；oracle外分位点=2.97%
[94/126] DEL-S_CHL-S_water：MSE=209.791；RMSE=14.1011；shape-MSE/RMSE=0.171346/0.40229；model-norm MSE/RMSE=0.000969094/0.0303069；cos=0.923343；r=0.914327；W1raw=6.474099；W1norm=0.073195
  平均谱：MSE=68.6357；cos=0.977852；r=0.974817
  train分布参照：generated/train MSE=113.351；held-out/train MSE=154.484；ratio=0.7337
  多样性MSE：train=273.902；generated=283.045；ratio=1.0334；Pearson-distance ratio=1.0403
  峰形多样性：position-std ratio=1.0673；height-IQR ratio=0.9633；width-IQR ratio=1.2107；position frozen=0.000%
  负值：min=-45.809；<-40点=0.039453%；<-40光谱=15.000%
  training逐点包络外：lower点/光谱=0.010521%/15.000%；upper点/光谱=0.031562%/25.000%
  QQ拟合：raw R2=0.996811, RMSE=3.74857；model-normalized R2=0.996811, RMSE=0.00805667；training-standardized R2=0.998276, RMSE=0.260067
  QQ尾宽/oracle区间：lower=1.4069/[0.9150,1.1028]；upper=1.2902/[0.9201,1.0657]；overrun=True；underrun=False
  QQ四段比率[1-10,10-50,50-90,90-99]=[1.5204,1.2692,1.2007,1.3713]；尾部曲率RMSE(lower/upper)=0.1395/0.0609；oracle外分位点=46.53%
[95/126] DEL-S_TEB-H_CHL-H_soil：MSE=182.068；RMSE=13.2882；shape-MSE/RMSE=0.046085/0.210774；model-norm MSE/RMSE=0.000841035/0.0285598；cos=0.980344；r=0.976957；W1raw=6.253325；W1norm=0.033707
  平均谱：MSE=51.3262；cos=0.994200；r=0.993173
  train分布参照：generated/train MSE=102.919；held-out/train MSE=173.254；ratio=0.5940
  多样性MSE：train=239.819；generated=217.502；ratio=0.9069；Pearson-distance ratio=1.1477
  峰形多样性：position-std ratio=0.8005；height-IQR ratio=0.9541；width-IQR ratio=0.9807；position frozen=11.111%
  负值：min=-43.514；<-40点=0.013151%；<-40光谱=10.000%
  training逐点包络外：lower点/光谱=0.000000%/0.000%；upper点/光谱=0.039453%/25.000%
  QQ拟合：raw R2=0.999691, RMSE=2.81873；model-normalized R2=0.999691, RMSE=0.0060582；training-standardized R2=0.998521, RMSE=0.0723936
  QQ尾宽/oracle区间：lower=1.0888/[0.8096,1.2224]；upper=0.9493/[0.8786,1.1398]；overrun=False；underrun=False
  QQ四段比率[1-10,10-50,50-90,90-99]=[1.1227,1.0557,1.0655,0.8637]；尾部曲率RMSE(lower/upper)=0.0353/0.1485；oracle外分位点=0.00%
[96/126] DEL-S_TEB-H_CHL-H_water：MSE=333.337；RMSE=17.7632；shape-MSE/RMSE=0.0329758/0.178633；model-norm MSE/RMSE=0.0015398/0.0381779；cos=0.986213；r=0.983512；W1raw=7.993555；W1norm=0.041129
  平均谱：MSE=133.675；cos=0.993854；r=0.992554
  train分布参照：generated/train MSE=121.528；held-out/train MSE=256.421；ratio=0.4739
  多样性MSE：train=279.189；generated=244.288；ratio=0.8750；Pearson-distance ratio=0.9557
  峰形多样性：position-std ratio=0.9301；height-IQR ratio=1.0916；width-IQR ratio=1.1603；position frozen=0.000%
  负值：min=-48.228；<-40点=0.013151%；<-40光谱=5.000%
  training逐点包络外：lower点/光谱=0.000000%/0.000%；upper点/光谱=0.018411%/30.000%
  QQ拟合：raw R2=0.998321, RMSE=6.72989；model-normalized R2=0.998321, RMSE=0.0144643；training-standardized R2=0.987685, RMSE=0.266349
  QQ尾宽/oracle区间：lower=1.3295/[0.8724,1.1394]；upper=1.6192/[0.8845,1.1169]；overrun=True；underrun=False
  QQ四段比率[1-10,10-50,50-90,90-99]=[1.6302,1.0482,1.2167,2.0863]；尾部曲率RMSE(lower/upper)=0.1870/0.4426；oracle外分位点=8.91%
[97/126] DEL-S_TEB-H_CHL-M_soil：MSE=178.058；RMSE=13.2111；shape-MSE/RMSE=0.0445805/0.209396；model-norm MSE/RMSE=0.000822508/0.0283942；cos=0.981107；r=0.977710；W1raw=6.162802；W1norm=0.034149
  平均谱：MSE=37.7004；cos=0.995727；r=0.994885
  train分布参照：generated/train MSE=94.205；held-out/train MSE=219.793；ratio=0.4286
  多样性MSE：train=210.78；generated=211.816；ratio=1.0049；Pearson-distance ratio=1.0504
  峰形多样性：position-std ratio=1.2156；height-IQR ratio=1.1206；width-IQR ratio=1.1079；position frozen=0.000%
  负值：min=-38.685；<-40点=0.000000%；<-40光谱=0.000%
  training逐点包络外：lower点/光谱=0.000000%/0.000%；upper点/光谱=0.092057%/20.000%
  QQ拟合：raw R2=0.999693, RMSE=1.64533；model-normalized R2=0.999693, RMSE=0.00353625；training-standardized R2=0.996906, RMSE=0.101299
  QQ尾宽/oracle区间：lower=1.1900/[0.9364,1.0858]；upper=1.0933/[0.9070,1.1307]；overrun=True；underrun=False
  QQ四段比率[1-10,10-50,50-90,90-99]=[1.4626,0.9662,1.0504,1.1371]；尾部曲率RMSE(lower/upper)=0.1749/0.0511；oracle外分位点=2.97%
[98/126] DEL-S_TEB-H_CHL-M_water：MSE=173.47；RMSE=13.0292；shape-MSE/RMSE=0.0284361/0.166303；model-norm MSE/RMSE=0.000801318/0.0280031；cos=0.988083；r=0.985782；W1raw=6.345558；W1norm=0.033955
  平均谱：MSE=67.0712；cos=0.994620；r=0.993502
  train分布参照：generated/train MSE=103.271；held-out/train MSE=305.764；ratio=0.3377
  多样性MSE：train=214.897；generated=216.55；ratio=1.0077；Pearson-distance ratio=0.9244
  峰形多样性：position-std ratio=0.9993；height-IQR ratio=1.2080；width-IQR ratio=1.1620；position frozen=0.000%
  负值：min=-41.124；<-40点=0.005260%；<-40光谱=5.000%
  training逐点包络外：lower点/光谱=0.000000%/0.000%；upper点/光谱=0.021042%/20.000%
  QQ拟合：raw R2=0.999014, RMSE=2.79352；model-normalized R2=0.999014, RMSE=0.00600402；training-standardized R2=0.988685, RMSE=0.150502
  QQ尾宽/oracle区间：lower=0.8284/[0.8506,1.1964]；upper=1.2305/[0.9067,1.1253]；overrun=True；underrun=True
  QQ四段比率[1-10,10-50,50-90,90-99]=[0.7109,1.0305,1.1315,1.3338]；尾部曲率RMSE(lower/upper)=0.4842/0.0789；oracle外分位点=1.98%
[99/126] DEL-S_TEB-H_CHL-S_soil：MSE=174.969；RMSE=12.9541；shape-MSE/RMSE=0.0464136/0.213119；model-norm MSE/RMSE=0.000808241/0.0278418；cos=0.980194；r=0.976793；W1raw=5.612653；W1norm=0.033037
  平均谱：MSE=30.5823；cos=0.995584；r=0.994737
  train分布参照：generated/train MSE=124.081；held-out/train MSE=187.755；ratio=0.6609
  多样性MSE：train=231.258；generated=201.783；ratio=0.8725；Pearson-distance ratio=1.0754
  峰形多样性：position-std ratio=0.9023；height-IQR ratio=0.7716；width-IQR ratio=1.2697；position frozen=0.000%
  负值：min=-42.739；<-40点=0.010521%；<-40光谱=5.000%
  training逐点包络外：lower点/光谱=0.000000%/0.000%；upper点/光谱=0.034193%/20.000%
  QQ拟合：raw R2=0.998195, RMSE=2.94557；model-normalized R2=0.998195, RMSE=0.00633081；training-standardized R2=0.997201, RMSE=0.140581
  QQ尾宽/oracle区间：lower=1.1548/[0.9109,1.1480]；upper=1.2272/[0.9278,1.1422]；overrun=True；underrun=False
  QQ四段比率[1-10,10-50,50-90,90-99]=[1.3248,0.9971,1.1838,1.2696]；尾部曲率RMSE(lower/upper)=0.1009/0.0900；oracle外分位点=1.98%
[100/126] DEL-S_TEB-H_CHL-S_water：MSE=350.473；RMSE=17.6263；shape-MSE/RMSE=0.0400271/0.196482；model-norm MSE/RMSE=0.00161895/0.0378836；cos=0.983321；r=0.979986；W1raw=6.965452；W1norm=0.040468
  平均谱：MSE=75.8336；cos=0.994515；r=0.993364
  train分布参照：generated/train MSE=121.203；held-out/train MSE=234.514；ratio=0.5168
  多样性MSE：train=234.555；generated=204.55；ratio=0.8721；Pearson-distance ratio=0.8879
  峰形多样性：position-std ratio=1.0980；height-IQR ratio=1.0328；width-IQR ratio=1.3297；position frozen=0.000%
  负值：min=-37.591；<-40点=0.000000%；<-40光谱=0.000%
  training逐点包络外：lower点/光谱=0.010521%/5.000%；upper点/光谱=0.073645%/30.000%
  QQ拟合：raw R2=0.998574, RMSE=4.41997；model-normalized R2=0.998574, RMSE=0.00949967；training-standardized R2=0.994552, RMSE=0.149581
  QQ尾宽/oracle区间：lower=1.1917/[0.8436,1.1623]；upper=0.9366/[0.8834,1.1536]；overrun=True；underrun=False
  QQ四段比率[1-10,10-50,50-90,90-99]=[1.3282,1.0604,1.0126,0.8792]；尾部曲率RMSE(lower/upper)=0.1511/0.2562；oracle外分位点=7.92%
[101/126] DEL-S_TEB-H_soil：MSE=41.9506；RMSE=6.34721；shape-MSE/RMSE=0.0417641/0.200332；model-norm MSE/RMSE=0.000193784/0.0136418；cos=0.980842；r=0.979118；W1raw=2.719082；W1norm=0.036349
  平均谱：MSE=9.60521；cos=0.995828；r=0.995447
  train分布参照：generated/train MSE=21.4003；held-out/train MSE=29.5199；ratio=0.7249
  多样性MSE：train=57.3686；generated=54.7881；ratio=0.9550；Pearson-distance ratio=0.9912
  峰形多样性：position-std ratio=0.9993；height-IQR ratio=0.9876；width-IQR ratio=1.1363；position frozen=0.000%
  负值：min=-18.370；<-40点=0.000000%；<-40光谱=0.000%
  training逐点包络外：lower点/光谱=0.000000%/0.000%；upper点/光谱=0.042827%/15.000%
  QQ拟合：raw R2=0.997060, RMSE=1.48358；model-normalized R2=0.997060, RMSE=0.00318859；training-standardized R2=0.983077, RMSE=0.538832
  QQ尾宽/oracle区间：lower=1.8942/[0.8906,1.2113]；upper=1.6011/[0.9004,1.1593]；overrun=True；underrun=False
  QQ四段比率[1-10,10-50,50-90,90-99]=[2.2845,1.4722,1.1385,2.0986]；尾部曲率RMSE(lower/upper)=0.6983/0.4126；oracle外分位点=56.44%
[102/126] DEL-S_TEB-H_water：MSE=48.0958；RMSE=6.79965；shape-MSE/RMSE=0.0437188/0.205255；model-norm MSE/RMSE=0.000222171/0.0146143；cos=0.980080；r=0.978141；W1raw=2.737076；W1norm=0.032638
  平均谱：MSE=13.0365；cos=0.994285；r=0.993718
  train分布参照：generated/train MSE=25.0937；held-out/train MSE=32.7199；ratio=0.7669
  多样性MSE：train=67.2656；generated=61.156；ratio=0.9092；Pearson-distance ratio=0.8931
  峰形多样性：position-std ratio=0.9753；height-IQR ratio=0.9024；width-IQR ratio=0.9900；position frozen=0.000%
  负值：min=-21.066；<-40点=0.000000%；<-40光谱=0.000%
  training逐点包络外：lower点/光谱=0.000000%/0.000%；upper点/光谱=0.000000%/0.000%
  QQ拟合：raw R2=0.998814, RMSE=1.03466；model-normalized R2=0.998814, RMSE=0.00222376；training-standardized R2=0.999002, RMSE=0.395525
  QQ尾宽/oracle区间：lower=1.4015/[0.8983,1.0984]；upper=1.4600/[0.9103,1.0975]；overrun=True；underrun=False
  QQ四段比率[1-10,10-50,50-90,90-99]=[1.4400,1.3496,1.3235,1.5779]；尾部曲率RMSE(lower/upper)=0.0464/0.1312；oracle外分位点=71.29%
[103/126] DEL-S_TEB-M_CHL-H_soil：MSE=152.796；RMSE=12.1289；shape-MSE/RMSE=0.047324/0.215135；model-norm MSE/RMSE=0.000705817/0.0260682；cos=0.980153；r=0.976338；W1raw=5.497102；W1norm=0.035446
  平均谱：MSE=33.6687；cos=0.993841；r=0.992787
  train分布参照：generated/train MSE=86.6756；held-out/train MSE=114.691；ratio=0.7557
  多样性MSE：train=161.888；generated=140.164；ratio=0.8658；Pearson-distance ratio=0.9324
  峰形多样性：position-std ratio=1.0144；height-IQR ratio=1.1006；width-IQR ratio=1.0874；position frozen=0.000%
  负值：min=-29.684；<-40点=0.000000%；<-40光谱=0.000%
  training逐点包络外：lower点/光谱=0.000000%/0.000%；upper点/光谱=0.010521%/15.000%
  QQ拟合：raw R2=0.999216, RMSE=1.4723；model-normalized R2=0.999216, RMSE=0.00316437；training-standardized R2=0.998371, RMSE=0.139214
  QQ尾宽/oracle区间：lower=1.1669/[0.9159,1.0782]；upper=1.1750/[0.8715,1.2183]；overrun=True；underrun=False
  QQ四段比率[1-10,10-50,50-90,90-99]=[1.2469,1.0753,1.1139,1.2294]；尾部曲率RMSE(lower/upper)=0.1044/0.1288；oracle外分位点=3.96%
[104/126] DEL-S_TEB-M_CHL-H_water：MSE=222.045；RMSE=14.6963；shape-MSE/RMSE=0.0512673/0.22352；model-norm MSE/RMSE=0.0010257/0.0315863；cos=0.978500；r=0.974366；W1raw=5.913800；W1norm=0.036709
  平均谱：MSE=35.2508；cos=0.995621；r=0.994737
  train分布参照：generated/train MSE=100.8；held-out/train MSE=153.458；ratio=0.6569
  多样性MSE：train=227.025；generated=226.566；ratio=0.9980；Pearson-distance ratio=0.8797
  峰形多样性：position-std ratio=1.0742；height-IQR ratio=0.9200；width-IQR ratio=1.1585；position frozen=0.000%
  负值：min=-45.307；<-40点=0.049974%；<-40光谱=10.000%
  training逐点包络外：lower点/光谱=0.028932%/10.000%；upper点/光谱=0.039453%/30.000%
  QQ拟合：raw R2=0.999162, RMSE=1.65654；model-normalized R2=0.999162, RMSE=0.00356034；training-standardized R2=0.996947, RMSE=0.149372
  QQ尾宽/oracle区间：lower=1.2672/[0.8603,1.1602]；upper=1.1269/[0.8229,1.2094]；overrun=True；underrun=False
  QQ四段比率[1-10,10-50,50-90,90-99]=[1.3872,1.1421,1.0680,1.1773]；尾部曲率RMSE(lower/upper)=0.1629/0.1390；oracle外分位点=2.97%
[105/126] DEL-S_TEB-M_CHL-M_soil：MSE=175.366；RMSE=13.0517；shape-MSE/RMSE=0.0660373/0.255226；model-norm MSE/RMSE=0.000810073/0.0280515；cos=0.972066；r=0.966981；W1raw=5.735268；W1norm=0.041815
  平均谱：MSE=33.2817；cos=0.992534；r=0.991091
  train分布参照：generated/train MSE=79.3043；held-out/train MSE=129.886；ratio=0.6106
  多样性MSE：train=184.173；generated=159.179；ratio=0.8643；Pearson-distance ratio=0.8835
  峰形多样性：position-std ratio=0.8587；height-IQR ratio=0.7573；width-IQR ratio=0.9853；position frozen=0.000%
  负值：min=-40.636；<-40点=0.005260%；<-40光谱=5.000%
  training逐点包络外：lower点/光谱=0.000000%/0.000%；upper点/光谱=0.015781%/15.000%
  QQ拟合：raw R2=0.999583, RMSE=0.862093；model-normalized R2=0.999583, RMSE=0.00185287；training-standardized R2=0.998428, RMSE=0.0516479
  QQ尾宽/oracle区间：lower=1.0473/[0.9111,1.1293]；upper=1.1203/[0.9342,1.0971]；overrun=True；underrun=False
  QQ四段比率[1-10,10-50,50-90,90-99]=[1.1353,0.9573,1.0407,1.1982]；尾部曲率RMSE(lower/upper)=0.1009/0.1003；oracle外分位点=0.99%
[106/126] DEL-S_TEB-M_CHL-M_water：MSE=164.299；RMSE=12.6299；shape-MSE/RMSE=0.0434258/0.205617；model-norm MSE/RMSE=0.000758952/0.027145；cos=0.981958；r=0.978287；W1raw=6.135358；W1norm=0.040566
  平均谱：MSE=38.8574；cos=0.994944；r=0.993850
  train分布参照：generated/train MSE=108.319；held-out/train MSE=196.977；ratio=0.5499
  多样性MSE：train=236.158；generated=222.396；ratio=0.9417；Pearson-distance ratio=0.9249
  峰形多样性：position-std ratio=1.0160；height-IQR ratio=1.0421；width-IQR ratio=1.4543；position frozen=0.000%
  负值：min=-33.116；<-40点=0.000000%；<-40光谱=0.000%
  training逐点包络外：lower点/光谱=0.000000%/0.000%；upper点/光谱=0.042083%/25.000%
  QQ拟合：raw R2=0.998790, RMSE=2.11432；model-normalized R2=0.998790, RMSE=0.00454422；training-standardized R2=0.998961, RMSE=0.0856542
  QQ尾宽/oracle区间：lower=1.0677/[0.9100,1.1228]；upper=1.0569/[0.8662,1.1763]；overrun=False；underrun=False
  QQ四段比率[1-10,10-50,50-90,90-99]=[1.1845,0.9553,1.0375,1.0764]；尾部曲率RMSE(lower/upper)=0.0774/0.0754；oracle外分位点=0.99%
[107/126] DEL-S_TEB-M_CHL-S_soil：MSE=207.952；RMSE=14.1948；shape-MSE/RMSE=0.0824821/0.28424；model-norm MSE/RMSE=0.000960602/0.0305083；cos=0.964714；r=0.958759；W1raw=6.181287；W1norm=0.047356
  平均谱：MSE=46.305；cos=0.988711；r=0.986677
  train分布参照：generated/train MSE=71.7581；held-out/train MSE=185.871；ratio=0.3861
  多样性MSE：train=208.421；generated=181.551；ratio=0.8711；Pearson-distance ratio=0.9173
  峰形多样性：position-std ratio=0.8768；height-IQR ratio=0.8170；width-IQR ratio=1.0877；position frozen=10.000%
  负值：min=-43.660；<-40点=0.010521%；<-40光谱=5.000%
  training逐点包络外：lower点/光谱=0.018411%/15.000%；upper点/光谱=0.055234%/20.000%
  QQ拟合：raw R2=0.998691, RMSE=1.89046；model-normalized R2=0.998691, RMSE=0.0040631；training-standardized R2=0.996361, RMSE=0.118261
  QQ尾宽/oracle区间：lower=0.8445/[0.8817,1.1453]；upper=0.8576/[0.9073,1.1003]；overrun=False；underrun=True
  QQ四段比率[1-10,10-50,50-90,90-99]=[0.7557,0.9568,0.9421,0.7928]；尾部曲率RMSE(lower/upper)=0.1679/0.2434；oracle外分位点=7.92%
[108/126] DEL-S_TEB-M_CHL-S_water：MSE=188.903；RMSE=13.4932；shape-MSE/RMSE=0.0606705/0.241742；model-norm MSE/RMSE=0.000872607/0.0290004；cos=0.974297；r=0.969665；W1raw=6.454955；W1norm=0.045520
  平均谱：MSE=58.4734；cos=0.990695；r=0.988974
  train分布参照：generated/train MSE=117.134；held-out/train MSE=236.386；ratio=0.4955
  多样性MSE：train=230.998；generated=197.298；ratio=0.8541；Pearson-distance ratio=0.8880
  峰形多样性：position-std ratio=1.0268；height-IQR ratio=1.0399；width-IQR ratio=1.1432；position frozen=0.000%
  负值：min=-33.887；<-40点=0.000000%；<-40光谱=0.000%
  training逐点包络外：lower点/光谱=0.000000%/0.000%；upper点/光谱=0.039453%/10.000%
  QQ拟合：raw R2=0.996256, RMSE=3.10032；model-normalized R2=0.996256, RMSE=0.00666341；training-standardized R2=0.993385, RMSE=0.144758
  QQ尾宽/oracle区间：lower=1.1241/[0.9155,1.0976]；upper=0.9329/[0.8308,1.1858]；overrun=True；underrun=False
  QQ四段比率[1-10,10-50,50-90,90-99]=[1.0660,1.2051,0.9512,0.9180]；尾部曲率RMSE(lower/upper)=0.0711/0.3109；oracle外分位点=1.98%
[109/126] DEL-S_TEB-M_soil：MSE=33.4878；RMSE=5.67811；shape-MSE/RMSE=0.0338195/0.180967；model-norm MSE/RMSE=0.000154691/0.0122037；cos=0.984473；r=0.983090；W1raw=2.882083；W1norm=0.038692
  平均谱：MSE=20.5538；cos=0.989840；r=0.988897
  train分布参照：generated/train MSE=19.4082；held-out/train MSE=25.7341；ratio=0.7542
  多样性MSE：train=58.6869；generated=54.528；ratio=0.9291；Pearson-distance ratio=0.8852
  峰形多样性：position-std ratio=1.0526；height-IQR ratio=0.9366；width-IQR ratio=1.1300；position frozen=0.000%
  负值：min=-24.028；<-40点=0.000000%；<-40光谱=0.000%
  training逐点包络外：lower点/光谱=0.000000%/0.000%；upper点/光谱=0.017844%/5.000%
  QQ拟合：raw R2=0.998992, RMSE=1.90046；model-normalized R2=0.998992, RMSE=0.0040846；training-standardized R2=0.998743, RMSE=0.3538
  QQ尾宽/oracle区间：lower=1.3980/[0.8911,1.1674]；upper=1.3928/[0.9018,1.1529]；overrun=True；underrun=False
  QQ四段比率[1-10,10-50,50-90,90-99]=[1.4752,1.2916,1.2698,1.4844]；尾部曲率RMSE(lower/upper)=0.1052/0.1136；oracle外分位点=75.25%
[110/126] DEL-S_TEB-M_water：MSE=29.6396；RMSE=5.36377；shape-MSE/RMSE=0.0322822/0.176542；model-norm MSE/RMSE=0.000136915/0.0115282；cos=0.985282；r=0.983859；W1raw=2.301516；W1norm=0.028750
  平均谱：MSE=4.5756；cos=0.997677；r=0.997440
  train分布参照：generated/train MSE=19.8639；held-out/train MSE=25.6823；ratio=0.7734
  多样性MSE：train=49.3739；generated=43.4317；ratio=0.8796；Pearson-distance ratio=0.9005
  峰形多样性：position-std ratio=0.8735；height-IQR ratio=0.9523；width-IQR ratio=0.9717；position frozen=10.000%
  负值：min=-18.611；<-40点=0.000000%；<-40光谱=0.000%
  training逐点包络外：lower点/光谱=0.000000%/0.000%；upper点/光谱=0.003569%/5.000%
  QQ拟合：raw R2=0.999003, RMSE=1.14373；model-normalized R2=0.999003, RMSE=0.00245819；training-standardized R2=0.990361, RMSE=0.708674
  QQ尾宽/oracle区间：lower=2.0486/[0.8966,1.1586]；upper=1.9234/[0.8808,1.1287]；overrun=True；underrun=False
  QQ四段比率[1-10,10-50,50-90,90-99]=[2.5314,1.5055,1.8012,2.0039]；尾部曲率RMSE(lower/upper)=0.4814/0.4941；oracle外分位点=76.24%
[111/126] DEL-S_TEB-S_CHL-H_soil：MSE=165.758；RMSE=12.6849；shape-MSE/RMSE=0.100106/0.311433；model-norm MSE/RMSE=0.000765691/0.0272633；cos=0.956350；r=0.949947；W1raw=5.450437；W1norm=0.045847
  平均谱：MSE=24.5024；cos=0.993808；r=0.992761
  train分布参照：generated/train MSE=84.5801；held-out/train MSE=160.714；ratio=0.5263
  多样性MSE：train=204.583；generated=205.705；ratio=1.0055；Pearson-distance ratio=0.9282
  峰形多样性：position-std ratio=0.9223；height-IQR ratio=1.0044；width-IQR ratio=0.8838；position frozen=0.000%
  负值：min=-50.826；<-40点=0.026302%；<-40光谱=10.000%
  training逐点包络外：lower点/光谱=0.002630%/5.000%；upper点/光谱=0.021042%/20.000%
  QQ拟合：raw R2=0.999081, RMSE=3.11574；model-normalized R2=0.999081, RMSE=0.00669654；training-standardized R2=0.992374, RMSE=0.160658
  QQ尾宽/oracle区间：lower=1.2726/[0.9120,1.1668]；upper=0.9816/[0.8947,1.1508]；overrun=True；underrun=False
  QQ四段比率[1-10,10-50,50-90,90-99]=[1.3708,1.1753,1.0240,0.9461]；尾部曲率RMSE(lower/upper)=0.1474/0.2953；oracle外分位点=1.98%
[112/126] DEL-S_TEB-S_CHL-H_water：MSE=195.702；RMSE=13.7439；shape-MSE/RMSE=0.0882571/0.294261；model-norm MSE/RMSE=0.000904014/0.0295393；cos=0.962756；r=0.955871；W1raw=6.083986；W1norm=0.053008
  平均谱：MSE=34.1859；cos=0.991983；r=0.990837
  train分布参照：generated/train MSE=122.244；held-out/train MSE=159.609；ratio=0.7659
  多样性MSE：train=259.97；generated=222.432；ratio=0.8556；Pearson-distance ratio=0.8472
  峰形多样性：position-std ratio=0.8590；height-IQR ratio=1.0690；width-IQR ratio=1.1720；position frozen=0.000%
  负值：min=-54.865；<-40点=0.039453%；<-40光谱=10.000%
  training逐点包络外：lower点/光谱=0.000000%/0.000%；upper点/光谱=0.007891%/15.000%
  QQ拟合：raw R2=0.998591, RMSE=2.99962；model-normalized R2=0.998591, RMSE=0.00644698；training-standardized R2=0.994237, RMSE=0.240285
  QQ尾宽/oracle区间：lower=1.2938/[0.9317,1.1076]；upper=1.0202/[0.8973,1.1361]；overrun=True；underrun=False
  QQ四段比率[1-10,10-50,50-90,90-99]=[1.3961,1.1835,0.9460,1.0970]；尾部曲率RMSE(lower/upper)=0.2370/0.1026；oracle外分位点=26.73%
[113/126] DEL-S_TEB-S_CHL-M_soil：MSE=163.098；RMSE=12.4248；shape-MSE/RMSE=0.138441/0.3564；model-norm MSE/RMSE=0.000753406/0.0267042；cos=0.940282；r=0.930780；W1raw=5.787265；W1norm=0.060850
  平均谱：MSE=40.6839；cos=0.991899；r=0.990366
  train分布参照：generated/train MSE=119.67；held-out/train MSE=137.673；ratio=0.8692
  多样性MSE：train=249.722；generated=215.364；ratio=0.8624；Pearson-distance ratio=0.8552
  峰形多样性：position-std ratio=0.9446；height-IQR ratio=0.8462；width-IQR ratio=1.1841；position frozen=0.000%
  负值：min=-29.677；<-40点=0.000000%；<-40光谱=0.000%
  training逐点包络外：lower点/光谱=0.000000%/0.000%；upper点/光谱=0.031562%/10.000%
  QQ拟合：raw R2=0.998754, RMSE=4.11554；model-normalized R2=0.998754, RMSE=0.00884539；training-standardized R2=0.996797, RMSE=0.244603
  QQ尾宽/oracle区间：lower=1.2546/[0.8959,1.1227]；upper=1.3426/[0.8290,1.2155]；overrun=True；underrun=False
  QQ四段比率[1-10,10-50,50-90,90-99]=[1.3554,1.1467,1.1838,1.5008]；尾部曲率RMSE(lower/upper)=0.1218/0.2493；oracle外分位点=54.46%
[114/126] DEL-S_TEB-S_CHL-M_water：MSE=256.865；RMSE=15.7335；shape-MSE/RMSE=0.104539/0.316698；model-norm MSE/RMSE=0.00118655/0.0338155；cos=0.955599；r=0.947730；W1raw=6.288063；W1norm=0.057877
  平均谱：MSE=32.0289；cos=0.989656；r=0.987751
  train分布参照：generated/train MSE=148.342；held-out/train MSE=146.435；ratio=1.0130
  多样性MSE：train=218.447；generated=197.948；ratio=0.9062；Pearson-distance ratio=0.9617
  峰形多样性：position-std ratio=1.0131；height-IQR ratio=0.9670；width-IQR ratio=1.0882；position frozen=0.000%
  负值：min=-72.754；<-40点=0.073645%；<-40光谱=15.000%
  training逐点包络外：lower点/光谱=0.000000%/0.000%；upper点/光谱=0.042083%/40.000%
  QQ拟合：raw R2=0.998966, RMSE=1.32443；model-normalized R2=0.998966, RMSE=0.00284655；training-standardized R2=0.997241, RMSE=0.112997
  QQ尾宽/oracle区间：lower=0.9137/[0.8891,1.1290]；upper=1.1136/[0.9343,1.0866]；overrun=True；underrun=False
  QQ四段比率[1-10,10-50,50-90,90-99]=[0.9274,0.8974,0.9767,1.2594]；尾部曲率RMSE(lower/upper)=0.0997/0.1505；oracle外分位点=5.94%
[115/126] DEL-S_TEB-S_CHL-S_soil：MSE=242.551；RMSE=15.0426；shape-MSE/RMSE=0.254614/0.483093；model-norm MSE/RMSE=0.00112042/0.0323306；cos=0.886892；r=0.872693；W1raw=7.426334；W1norm=0.086693
  平均谱：MSE=103.93；cos=0.970603；r=0.965123
  train分布参照：generated/train MSE=142.842；held-out/train MSE=148.675；ratio=0.9608
  多样性MSE：train=287.149；generated=257.148；ratio=0.8955；Pearson-distance ratio=0.8122
  峰形多样性：position-std ratio=1.1939；height-IQR ratio=0.8676；width-IQR ratio=0.9027；position frozen=0.000%
  负值：min=-37.302；<-40点=0.000000%；<-40光谱=0.000%
  training逐点包络外：lower点/光谱=0.010521%/10.000%；upper点/光谱=0.002630%/5.000%
  QQ拟合：raw R2=0.997331, RMSE=6.34117；model-normalized R2=0.997331, RMSE=0.0136288；training-standardized R2=0.996497, RMSE=0.225656
  QQ尾宽/oracle区间：lower=1.3025/[0.9039,1.1301]；upper=1.0858/[0.8973,1.1342]；overrun=True；underrun=False
  QQ四段比率[1-10,10-50,50-90,90-99]=[1.4549,1.1514,1.0121,1.1524]；尾部曲率RMSE(lower/upper)=0.1685/0.1356；oracle外分位点=38.61%
[116/126] DEL-S_TEB-S_CHL-S_water：MSE=200.97；RMSE=14.0294；shape-MSE/RMSE=0.096262/0.307439；model-norm MSE/RMSE=0.000928346/0.0301528；cos=0.959565；r=0.951869；W1raw=5.665321；W1norm=0.051953
  平均谱：MSE=26.4879；cos=0.992938；r=0.991397
  train分布参照：generated/train MSE=101.127；held-out/train MSE=188.394；ratio=0.5368
  多样性MSE：train=239.653；generated=227.879；ratio=0.9509；Pearson-distance ratio=0.8820
  峰形多样性：position-std ratio=0.9303；height-IQR ratio=1.1884；width-IQR ratio=1.0237；position frozen=0.000%
  负值：min=-46.135；<-40点=0.026302%；<-40光谱=15.000%
  training逐点包络外：lower点/光谱=0.021042%/15.000%；upper点/光谱=0.220936%/35.000%
  QQ拟合：raw R2=0.998674, RMSE=1.66413；model-normalized R2=0.998674, RMSE=0.00357665；training-standardized R2=0.993838, RMSE=0.136865
  QQ尾宽/oracle区间：lower=0.9583/[0.8929,1.1330]；upper=1.0621/[0.9173,1.1191]；overrun=False；underrun=False
  QQ四段比率[1-10,10-50,50-90,90-99]=[0.8068,1.1776,1.0517,1.0733]；尾部曲率RMSE(lower/upper)=0.2632/0.2913；oracle外分位点=0.99%
[117/126] DEL-S_TEB-S_soil：MSE=16.8969；RMSE=4.08863；shape-MSE/RMSE=0.0405708/0.200624；model-norm MSE/RMSE=7.80522e-05/0.00878754；cos=0.981296；r=0.979715；W1raw=1.543156；W1norm=0.031329
  平均谱：MSE=2.57488；cos=0.996988；r=0.996716
  train分布参照：generated/train MSE=10.2224；held-out/train MSE=14.3567；ratio=0.7120
  多样性MSE：train=27.5535；generated=23.7938；ratio=0.8636；Pearson-distance ratio=0.8612
  峰形多样性：position-std ratio=0.9591；height-IQR ratio=1.1604；width-IQR ratio=1.0477；position frozen=0.000%
  负值：min=-12.681；<-40点=0.000000%；<-40光谱=0.000%
  training逐点包络外：lower点/光谱=0.000000%/0.000%；upper点/光谱=0.000000%/0.000%
  QQ拟合：raw R2=0.999553, RMSE=0.602074；model-normalized R2=0.999553, RMSE=0.00129402；training-standardized R2=0.995255, RMSE=0.412321
  QQ尾宽/oracle区间：lower=1.6366/[0.9172,1.0912]；upper=1.3475/[0.8692,1.1660]；overrun=True；underrun=False
  QQ四段比率[1-10,10-50,50-90,90-99]=[1.8597,1.3664,1.2593,1.4130]；尾部曲率RMSE(lower/upper)=0.3517/0.0944；oracle外分位点=74.26%
[118/126] DEL-S_TEB-S_water：MSE=13.6345；RMSE=3.64682；shape-MSE/RMSE=0.0341581/0.182895；model-norm MSE/RMSE=6.29825e-05/0.00783799；cos=0.984561；r=0.982921；W1raw=1.554285；W1norm=0.030081
  平均谱：MSE=2.28615；cos=0.997226；r=0.996916
  train分布参照：generated/train MSE=8.76694；held-out/train MSE=9.27455；ratio=0.9453
  多样性MSE：train=22.0678；generated=23.6421；ratio=1.0713；Pearson-distance ratio=1.1172
  峰形多样性：position-std ratio=0.9315；height-IQR ratio=1.0086；width-IQR ratio=1.6025；position frozen=0.000%
  负值：min=-11.138；<-40点=0.000000%；<-40光谱=0.000%
  training逐点包络外：lower点/光谱=0.000000%/0.000%；upper点/光谱=0.000000%/0.000%
  QQ拟合：raw R2=0.999331, RMSE=0.465218；model-normalized R2=0.999331, RMSE=0.000999879；training-standardized R2=0.991905, RMSE=1.03034
  QQ尾宽/oracle区间：lower=2.0832/[0.8346,1.2120]；upper=2.4087/[0.9123,1.1169]；overrun=True；underrun=False
  QQ四段比率[1-10,10-50,50-90,90-99]=[2.2407,1.8301,1.9150,2.7728]；尾部曲率RMSE(lower/upper)=0.5682/0.7037；oracle外分位点=81.19%
[119/126] DEL-S_soil：MSE=613.263；RMSE=23.0011；shape-MSE/RMSE=0.225695/0.419619；model-norm MSE/RMSE=0.00283287/0.0494355；cos=0.907247；r=0.887152；W1raw=8.292601；W1norm=0.067531
  平均谱：MSE=133.412；cos=0.990049；r=0.987938
  train分布参照：generated/train MSE=188.313；held-out/train MSE=203.272；ratio=0.9264
  多样性MSE：train=633.442；generated=557.253；ratio=0.8797；Pearson-distance ratio=1.0842
  峰形多样性：position-std ratio=1.1607；height-IQR ratio=0.9147；width-IQR ratio=1.2871；position frozen=0.000%
  负值：min=-39.912；<-40点=0.000000%；<-40光谱=0.000%
  training逐点包络外：lower点/光谱=0.000000%/0.000%；upper点/光谱=0.024982%/10.000%
  QQ拟合：raw R2=0.995762, RMSE=8.17424；model-normalized R2=0.995762, RMSE=0.0175686；training-standardized R2=0.995105, RMSE=0.0709964
  QQ尾宽/oracle区间：lower=0.8217/[0.9068,1.1491]；upper=0.9104/[0.8146,1.3069]；overrun=False；underrun=True
  QQ四段比率[1-10,10-50,50-90,90-99]=[0.6476,1.0263,1.0266,0.7856]；尾部曲率RMSE(lower/upper)=0.2400/0.1684；oracle外分位点=0.99%
[120/126] DEL-S_water：MSE=659.771；RMSE=23.9529；shape-MSE/RMSE=0.186479/0.405154；model-norm MSE/RMSE=0.00304771/0.051481；cos=0.918821；r=0.906761；W1raw=8.189319；W1norm=0.058546
  平均谱：MSE=60.1118；cos=0.988119；r=0.985919
  train分布参照：generated/train MSE=416.113；held-out/train MSE=315.792；ratio=1.3177
  多样性MSE：train=1215.97；generated=992.472；ratio=0.8162；Pearson-distance ratio=0.9149
  峰形多样性：position-std ratio=0.7398；height-IQR ratio=1.1861；width-IQR ratio=1.3684；position frozen=40.000%
  负值：min=-136.183；<-40点=0.628123%；<-40光谱=40.000%
  training逐点包络外：lower点/光谱=0.174875%/15.000%；upper点/光谱=0.214133%/10.000%
  QQ拟合：raw R2=0.996894, RMSE=3.19499；model-normalized R2=0.996894, RMSE=0.00686688；training-standardized R2=0.994055, RMSE=0.143506
  QQ尾宽/oracle区间：lower=0.9660/[0.8657,1.3189]；upper=1.0508/[0.8900,1.1502]；overrun=False；underrun=False
  QQ四段比率[1-10,10-50,50-90,90-99]=[0.7955,1.1933,1.2229,0.9016]；尾部曲率RMSE(lower/upper)=0.3081/0.1529；oracle外分位点=0.00%
[121/126] TEB-H_soil：MSE=81.4796；RMSE=8.84433；shape-MSE/RMSE=0.0099044/0.0980162；model-norm MSE/RMSE=0.000376382/0.0190088；cos=0.995606；r=0.995048；W1raw=4.705848；W1norm=0.025448
  平均谱：MSE=46.1434；cos=0.998224；r=0.998032
  train分布参照：generated/train MSE=45.047；held-out/train MSE=72.7135；ratio=0.6195
  多样性MSE：train=126.671；generated=121.559；ratio=0.9596；Pearson-distance ratio=0.8801
  峰形多样性：position-std ratio=0.8542；height-IQR ratio=1.1446；width-IQR ratio=0.9746；position frozen=12.500%
  负值：min=-42.504；<-40点=0.010707%；<-40光谱=5.000%
  training逐点包络外：lower点/光谱=0.000000%/0.000%；upper点/光谱=0.082084%/20.000%
  QQ拟合：raw R2=0.998922, RMSE=5.30033；model-normalized R2=0.998922, RMSE=0.0113918；training-standardized R2=0.992046, RMSE=0.430054
  QQ尾宽/oracle区间：lower=1.5787/[0.9152,1.1124]；upper=1.5636/[0.8444,1.1579]；overrun=True；underrun=False
  QQ四段比率[1-10,10-50,50-90,90-99]=[1.9375,1.2185,1.3372,1.7944]；尾部曲率RMSE(lower/upper)=0.4011/0.3885；oracle外分位点=47.52%
[122/126] TEB-H_water：MSE=95.7634；RMSE=9.63076；shape-MSE/RMSE=0.0117725/0.105978；model-norm MSE/RMSE=0.000442363/0.020699；cos=0.994727；r=0.994114；W1raw=4.200607；W1norm=0.023494
  平均谱：MSE=30.5983；cos=0.998159；r=0.997939
  train分布参照：generated/train MSE=45.6065；held-out/train MSE=62.3501；ratio=0.7315
  多样性MSE：train=131.554；generated=116.527；ratio=0.8858；Pearson-distance ratio=0.8896
  峰形多样性：position-std ratio=0.9538；height-IQR ratio=1.1284；width-IQR ratio=0.9800；position frozen=12.500%
  负值：min=-38.903；<-40点=0.000000%；<-40光谱=0.000%
  training逐点包络外：lower点/光谱=0.000000%/0.000%；upper点/光谱=0.003569%/5.000%
  QQ拟合：raw R2=0.999777, RMSE=1.9448；model-normalized R2=0.999777, RMSE=0.00417988；training-standardized R2=0.983409, RMSE=0.625992
  QQ尾宽/oracle区间：lower=1.9247/[0.8577,1.1396]；upper=1.8382/[0.8792,1.1576]；overrun=True；underrun=False
  QQ四段比率[1-10,10-50,50-90,90-99]=[2.3934,1.4100,1.3705,2.3123]；尾部曲率RMSE(lower/upper)=0.7065/0.6487；oracle外分位点=77.23%
[123/126] TEB-M_soil：MSE=118.947；RMSE=10.7303；shape-MSE/RMSE=0.0251313/0.157484；model-norm MSE/RMSE=0.000549458/0.0230622；cos=0.988904；r=0.987434；W1raw=4.032678；W1norm=0.030623
  平均谱：MSE=19.1727；cos=0.997528；r=0.997181
  train分布参照：generated/train MSE=39.6779；held-out/train MSE=60.5251；ratio=0.6556
  多样性MSE：train=118.056；generated=101.053；ratio=0.8560；Pearson-distance ratio=0.8459
  峰形多样性：position-std ratio=0.8419；height-IQR ratio=1.1666；width-IQR ratio=1.1632；position frozen=0.000%
  负值：min=-37.465；<-40点=0.000000%；<-40光谱=0.000%
  training逐点包络外：lower点/光谱=0.007138%/5.000%；upper点/光谱=0.024982%/15.000%
  QQ拟合：raw R2=0.999401, RMSE=1.74312；model-normalized R2=0.999401, RMSE=0.00374643；training-standardized R2=0.987255, RMSE=0.349858
  QQ尾宽/oracle区间：lower=1.6412/[0.9048,1.1147]；upper=1.3144/[0.8945,1.0940]；overrun=True；underrun=False
  QQ四段比率[1-10,10-50,50-90,90-99]=[2.0192,1.3173,1.1399,1.4929]；尾部曲率RMSE(lower/upper)=0.6214/0.1801；oracle外分位点=33.66%
[124/126] TEB-M_water：MSE=109.396；RMSE=10.0316；shape-MSE/RMSE=0.0296224/0.166172；model-norm MSE/RMSE=0.000505336/0.0215605；cos=0.986799；r=0.985189；W1raw=4.053601；W1norm=0.033123
  平均谱：MSE=24.3289；cos=0.997167；r=0.996799
  train分布参照：generated/train MSE=44.7699；held-out/train MSE=56.2292；ratio=0.7962
  多样性MSE：train=122.381；generated=112.998；ratio=0.9233；Pearson-distance ratio=0.9525
  峰形多样性：position-std ratio=0.7564；height-IQR ratio=0.9973；width-IQR ratio=0.8808；position frozen=0.000%
  负值：min=-27.097；<-40点=0.000000%；<-40光谱=0.000%
  training逐点包络外：lower点/光谱=0.003569%/5.000%；upper点/光谱=0.014276%/10.000%
  QQ拟合：raw R2=0.999349, RMSE=2.65366；model-normalized R2=0.999349, RMSE=0.00570341；training-standardized R2=0.984567, RMSE=0.569755
  QQ尾宽/oracle区间：lower=1.8303/[0.9289,1.1112]；upper=1.7915/[0.8952,1.1233]；overrun=True；underrun=False
  QQ四段比率[1-10,10-50,50-90,90-99]=[2.2625,1.3686,1.3895,2.1948]；尾部曲率RMSE(lower/upper)=0.6541/0.5792；oracle外分位点=57.43%
[125/126] TEB-S_soil：MSE=93.903；RMSE=9.46001；shape-MSE/RMSE=0.0802473/0.278622；model-norm MSE/RMSE=0.00043377/0.0203321；cos=0.964938；r=0.959876；W1raw=4.233066；W1norm=0.055489
  平均谱：MSE=25.9337；cos=0.986710；r=0.984771
  train分布参照：generated/train MSE=51.3624；held-out/train MSE=91.6042；ratio=0.5607
  多样性MSE：train=136.046；generated=122.831；ratio=0.9029；Pearson-distance ratio=0.8110
  峰形多样性：position-std ratio=0.9336；height-IQR ratio=1.2157；width-IQR ratio=1.3010；position frozen=10.000%
  负值：min=-28.837；<-40点=0.000000%；<-40光谱=0.000%
  training逐点包络外：lower点/光谱=0.000000%/0.000%；upper点/光谱=0.003569%/5.000%
  QQ拟合：raw R2=0.997462, RMSE=1.70196；model-normalized R2=0.997462, RMSE=0.00365797；training-standardized R2=0.988397, RMSE=0.630294
  QQ尾宽/oracle区间：lower=1.7458/[0.8461,1.1439]；upper=1.9327/[0.8597,1.1236]；overrun=True；underrun=False
  QQ四段比率[1-10,10-50,50-90,90-99]=[1.9693,1.4570,1.4833,2.4194]；尾部曲率RMSE(lower/upper)=0.5620/0.6435；oracle外分位点=61.39%
[126/126] TEB-S_water：MSE=138.981；RMSE=11.5966；shape-MSE/RMSE=0.144247/0.367302；model-norm MSE/RMSE=0.000641998/0.0249242；cos=0.936248；r=0.927876；W1raw=4.472621；W1norm=0.075433
  平均谱：MSE=43.4775；cos=0.992706；r=0.991549
  train分布参照：generated/train MSE=60.6529；held-out/train MSE=86.8239；ratio=0.6986
  多样性MSE：train=135.243；generated=115.318；ratio=0.8527；Pearson-distance ratio=0.9059
  峰形多样性：position-std ratio=0.8694；height-IQR ratio=0.8399；width-IQR ratio=0.8000；position frozen=0.000%
  负值：min=-28.237；<-40点=0.000000%；<-40光谱=0.000%
  training逐点包络外：lower点/光谱=0.014276%/5.000%；upper点/光谱=0.000000%/0.000%
  QQ拟合：raw R2=0.995203, RMSE=5.38072；model-normalized R2=0.995203, RMSE=0.0115646；training-standardized R2=0.981311, RMSE=0.597259
  QQ尾宽/oracle区间：lower=2.1209/[0.9039,1.1190]；upper=1.6407/[0.9238,1.0973]；overrun=True；underrun=False
  QQ四段比率[1-10,10-50,50-90,90-99]=[2.7208,1.5684,1.3334,1.9220]；尾部曲率RMSE(lower/upper)=0.8094/0.3434；oracle外分位点=58.42%
===== 评价完成 =====
逐条件指标：/home/wqzheng/project/outputs/experiments/d4_3_2_10_prior_conditioned_residual_30min/metrics_all126_n20_tailoff_fast/condition_metrics.csv
总体统计：/home/wqzheng/project/outputs/experiments/d4_3_2_10_prior_conditioned_residual_30min/metrics_all126_n20_tailoff_fast/overall_metric_summary.csv
图像输出：已跳过（--plot-mode none，数值指标不受影响）
QQ分层汇总：/home/wqzheng/project/outputs/experiments/d4_3_2_10_prior_conditioned_residual_30min/metrics_all126_n20_tailoff_fast/qq_stratified_summary.csv
全质量分层汇总：/home/wqzheng/project/outputs/experiments/d4_3_2_10_prior_conditioned_residual_30min/metrics_all126_n20_tailoff_fast/quality_stratified_summary.csv
峰形多样性明细：/home/wqzheng/project/outputs/experiments/d4_3_2_10_prior_conditioned_residual_30min/metrics_all126_n20_tailoff_fast/peak_morphology_details.csv
报告：/home/wqzheng/project/outputs/experiments/d4_3_2_10_prior_conditioned_residual_30min/metrics_all126_n20_tailoff_fast/evaluation_report.txt
