===== D4条件生成核心指标评价 =====
checkpoint：/home/wqzheng/project/outputs/experiments/d4_3_2_4_global_distribution_balance_smoke/checkpoints/best.pt
真实参考子集：validation
条件数：126
[1/126] CHL-H_TEB-H_soil：MSE=201.183；RMSE=13.8568；shape-MSE/RMSE=0.0356151/0.183727；model-norm MSE/RMSE=0.000929332/0.0297819；cos=0.984157；r=0.982192；W1raw=5.737235；W1norm=0.029372
  平均谱：MSE=47.6193；cos=0.996417；r=0.996048
  train分布参照：generated/train MSE=107.122；held-out/train MSE=134.325；ratio=0.7975
  多样性MSE：train=212.941；generated=189.228；ratio=0.8886；Pearson-distance ratio=0.9300
  峰形多样性：position-std ratio=0.8437；height-IQR ratio=1.1170；width-IQR ratio=1.3340；position frozen=0.000%
  负值：min=-49.053；<-40点=0.023672%；<-40光谱=5.000%
  training逐点包络外：lower点/光谱=0.000000%/0.000%；upper点/光谱=0.049974%/45.000%
  QQ拟合：raw R2=0.998851, RMSE=4.60467；model-normalized R2=0.998851, RMSE=0.00989666；training-standardized R2=0.990000, RMSE=0.296917
  QQ尾宽/oracle区间：lower=1.4369/[0.8444,1.1939]；upper=1.2747/[0.7872,1.2503]；overrun=True；underrun=False
  QQ四段比率[1-10,10-50,50-90,90-99]=[1.6208,1.2256,1.0331,1.4834]；尾部曲率RMSE(lower/upper)=0.3427/0.2297；oracle外分位点=84.16%
[2/126] CHL-H_TEB-H_water：MSE=298.693；RMSE=17.0439；shape-MSE/RMSE=0.0321923/0.177771；model-norm MSE/RMSE=0.00137976/0.0366317；cos=0.985486；r=0.983904；W1raw=7.346028；W1norm=0.029817
  平均谱：MSE=83.5564；cos=0.995756；r=0.995309
  train分布参照：generated/train MSE=160.127；held-out/train MSE=241.679；ratio=0.6626
  多样性MSE：train=458.098；generated=318.381；ratio=0.6950；Pearson-distance ratio=0.6343
  峰形多样性：position-std ratio=1.0396；height-IQR ratio=0.9841；width-IQR ratio=0.8982；position frozen=0.000%
  负值：min=-107.978；<-40点=0.933719%；<-40光谱=100.000%
  training逐点包络外：lower点/光谱=0.000000%/0.000%；upper点/光谱=0.034193%/25.000%
  QQ拟合：raw R2=0.999054, RMSE=4.84284；model-normalized R2=0.999054, RMSE=0.0104085；training-standardized R2=0.994124, RMSE=0.0829122
  QQ尾宽/oracle区间：lower=0.9949/[0.8724,1.1722]；upper=0.9395/[0.8620,1.2228]；overrun=False；underrun=False
  QQ四段比率[1-10,10-50,50-90,90-99]=[0.9732,1.0160,1.1209,0.7883]；尾部曲率RMSE(lower/upper)=0.2664/0.2369；oracle外分位点=0.00%
[3/126] CHL-H_TEB-M_soil：MSE=201.488；RMSE=13.9736；shape-MSE/RMSE=0.0552079/0.23287；model-norm MSE/RMSE=0.000930738/0.0300329；cos=0.975727；r=0.972396；W1raw=6.249608；W1norm=0.037341
  平均谱：MSE=58.2021；cos=0.992413；r=0.991289
  train分布参照：generated/train MSE=98.8991；held-out/train MSE=142.93；ratio=0.6919
  多样性MSE：train=264.393；generated=221.02；ratio=0.8360；Pearson-distance ratio=0.7965
  峰形多样性：position-std ratio=0.8956；height-IQR ratio=1.0820；width-IQR ratio=1.1132；position frozen=10.000%
  负值：min=-33.222；<-40点=0.000000%；<-40光谱=0.000%
  training逐点包络外：lower点/光谱=0.013151%/5.000%；upper点/光谱=0.002630%/5.000%
  QQ拟合：raw R2=0.999657, RMSE=3.53187；model-normalized R2=0.999657, RMSE=0.00759092；training-standardized R2=0.997530, RMSE=0.109558
  QQ尾宽/oracle区间：lower=1.0026/[0.8972,1.1449]；upper=0.9874/[0.8922,1.1935]；overrun=False；underrun=False
  QQ四段比率[1-10,10-50,50-90,90-99]=[1.0678,0.9345,0.9662,1.0074]；尾部曲率RMSE(lower/upper)=0.1449/0.1486；oracle外分位点=0.00%
[4/126] CHL-H_TEB-M_water：MSE=175.181；RMSE=12.8581；shape-MSE/RMSE=0.0450859/0.209777；model-norm MSE/RMSE=0.00080922/0.0276354；cos=0.979776；r=0.977457；W1raw=5.897925；W1norm=0.035367
  平均谱：MSE=43.0918；cos=0.993813；r=0.992996
  train分布参照：generated/train MSE=101.706；held-out/train MSE=129.064；ratio=0.7880
  多样性MSE：train=277.123；generated=230.57；ratio=0.8320；Pearson-distance ratio=0.6583
  峰形多样性：position-std ratio=0.9584；height-IQR ratio=0.9314；width-IQR ratio=0.9440；position frozen=0.000%
  负值：min=-66.067；<-40点=0.199895%；<-40光谱=60.000%
  training逐点包络外：lower点/光谱=0.044713%/15.000%；upper点/光谱=0.013151%/15.000%
  QQ拟合：raw R2=0.998785, RMSE=1.94306；model-normalized R2=0.998785, RMSE=0.00417616；training-standardized R2=0.998517, RMSE=0.074546
  QQ尾宽/oracle区间：lower=0.9596/[0.8821,1.1853]；upper=0.9206/[0.8183,1.2079]；overrun=False；underrun=False
  QQ四段比率[1-10,10-50,50-90,90-99]=[0.9117,1.0087,1.0436,0.8051]；尾部曲率RMSE(lower/upper)=0.1002/0.1302；oracle外分位点=0.00%
[5/126] CHL-H_TEB-S_soil：MSE=167.182；RMSE=12.691；shape-MSE/RMSE=0.0616992/0.245516；model-norm MSE/RMSE=0.000772268/0.0272762；cos=0.972682；r=0.969150；W1raw=6.390425；W1norm=0.039213
  平均谱：MSE=68.9944；cos=0.986883；r=0.985114
  train分布参照：generated/train MSE=95.0112；held-out/train MSE=122.835；ratio=0.7735
  多样性MSE：train=294.869；generated=173.521；ratio=0.5885；Pearson-distance ratio=0.6658
  峰形多样性：position-std ratio=1.0074；height-IQR ratio=0.6573；width-IQR ratio=0.9306；position frozen=10.000%
  负值：min=-44.565；<-40点=0.028932%；<-40光谱=15.000%
  training逐点包络外：lower点/光谱=0.000000%/0.000%；upper点/光谱=0.039453%/35.000%
  QQ拟合：raw R2=0.998542, RMSE=1.97091；model-normalized R2=0.998542, RMSE=0.004236；training-standardized R2=0.995838, RMSE=0.209859
  QQ尾宽/oracle区间：lower=1.3597/[0.8955,1.1217]；upper=1.3024/[0.8947,1.1439]；overrun=True；underrun=False
  QQ四段比率[1-10,10-50,50-90,90-99]=[1.5190,1.1648,1.1845,1.4026]；尾部曲率RMSE(lower/upper)=0.1554/0.1869；oracle外分位点=28.71%
[6/126] CHL-H_TEB-S_water：MSE=203.301；RMSE=13.6653；shape-MSE/RMSE=0.0583132/0.232578；model-norm MSE/RMSE=0.000939118/0.0293704；cos=0.973600；r=0.970843；W1raw=6.618465；W1norm=0.041675
  平均谱：MSE=78.4491；cos=0.991216；r=0.990424
  train分布参照：generated/train MSE=84.981；held-out/train MSE=100.087；ratio=0.8491
  多样性MSE：train=217.753；generated=174.109；ratio=0.7996；Pearson-distance ratio=0.7776
  峰形多样性：position-std ratio=0.9061；height-IQR ratio=1.0418；width-IQR ratio=1.0750；position frozen=0.000%
  负值：min=-47.120；<-40点=0.084166%；<-40光谱=35.000%
  training逐点包络外：lower点/光谱=0.000000%/0.000%；upper点/光谱=0.039453%/20.000%
  QQ拟合：raw R2=0.997026, RMSE=5.07411；model-normalized R2=0.997026, RMSE=0.0109056；training-standardized R2=0.989817, RMSE=0.11495
  QQ尾宽/oracle区间：lower=0.7873/[0.9140,1.1142]；upper=1.0108/[0.9108,1.1095]；overrun=False；underrun=True
  QQ四段比率[1-10,10-50,50-90,90-99]=[0.6687,0.9291,1.1439,0.8887]；尾部曲率RMSE(lower/upper)=0.4100/0.0650；oracle外分位点=3.96%
[7/126] CHL-H_soil：MSE=363.103；RMSE=18.7649；shape-MSE/RMSE=0.0328863/0.178401；model-norm MSE/RMSE=0.0016773/0.0403308；cos=0.985132；r=0.983557；W1raw=8.192565；W1norm=0.034099
  平均谱：MSE=87.6184；cos=0.995770；r=0.995307
  train分布参照：generated/train MSE=202.211；held-out/train MSE=312.885；ratio=0.6463
  多样性MSE：train=605.175；generated=402.049；ratio=0.6644；Pearson-distance ratio=0.7047
  峰形多样性：position-std ratio=0.9927；height-IQR ratio=0.6885；width-IQR ratio=0.9322；position frozen=0.000%
  负值：min=-75.653；<-40点=0.226197%；<-40光谱=80.000%
  training逐点包络外：lower点/光谱=0.000000%/0.000%；upper点/光谱=0.044713%/60.000%
  QQ拟合：raw R2=0.999391, RMSE=3.3581；model-normalized R2=0.999391, RMSE=0.00721744；training-standardized R2=0.995257, RMSE=0.165941
  QQ尾宽/oracle区间：lower=0.9090/[0.8644,1.1762]；upper=0.8258/[0.8863,1.1333]；overrun=False；underrun=True
  QQ四段比率[1-10,10-50,50-90,90-99]=[0.8909,0.9298,0.9854,0.6883]；尾部曲率RMSE(lower/upper)=0.2235/0.2404；oracle外分位点=10.89%
[8/126] CHL-H_water：MSE=386.977；RMSE=19.4761；shape-MSE/RMSE=0.0264429/0.161344；model-norm MSE/RMSE=0.00178758/0.0418593；cos=0.987831；r=0.986779；W1raw=8.452134；W1norm=0.028362
  平均谱：MSE=77.6667；cos=0.997518；r=0.997338
  train分布参照：generated/train MSE=190.523；held-out/train MSE=307.966；ratio=0.6186
  多样性MSE：train=587.892；generated=498.914；ratio=0.8486；Pearson-distance ratio=0.8891
  峰形多样性：position-std ratio=0.9186；height-IQR ratio=0.8807；width-IQR ratio=1.0463；position frozen=0.000%
  负值：min=-67.218；<-40点=0.294582%；<-40光谱=65.000%
  training逐点包络外：lower点/光谱=0.013151%/10.000%；upper点/光谱=0.099947%/35.000%
  QQ拟合：raw R2=0.999483, RMSE=4.08334；model-normalized R2=0.999483, RMSE=0.00877618；training-standardized R2=0.988964, RMSE=0.175536
  QQ尾宽/oracle区间：lower=1.0836/[0.8716,1.1685]；upper=0.7897/[0.8249,1.1852]；overrun=False；underrun=True
  QQ四段比率[1-10,10-50,50-90,90-99]=[1.0275,1.1411,1.1240,0.5652]；尾部曲率RMSE(lower/upper)=0.1582/0.4450；oracle外分位点=3.96%
[9/126] CHL-M_TEB-H_soil：MSE=102.233；RMSE=9.9751；shape-MSE/RMSE=0.0504267/0.22091；model-norm MSE/RMSE=0.000472249/0.0214391；cos=0.977748；r=0.974787；W1raw=5.201231；W1norm=0.040352
  平均谱：MSE=51.6822；cos=0.988122；r=0.986473
  train分布参照：generated/train MSE=42.9512；held-out/train MSE=118.034；ratio=0.3639
  多样性MSE：train=118.924；generated=92.5869；ratio=0.7785；Pearson-distance ratio=0.8452
  峰形多样性：position-std ratio=0.7900；height-IQR ratio=1.0723；width-IQR ratio=1.0132；position frozen=0.000%
  负值：min=-32.645；<-40点=0.000000%；<-40光谱=0.000%
  training逐点包络外：lower点/光谱=0.000000%/0.000%；upper点/光谱=0.000000%/0.000%
  QQ拟合：raw R2=0.999018, RMSE=1.69128；model-normalized R2=0.999018, RMSE=0.00363502；training-standardized R2=0.996152, RMSE=0.142554
  QQ尾宽/oracle区间：lower=0.9687/[0.9401,1.0711]；upper=1.0242/[0.9184,1.1353]；overrun=False；underrun=False
  QQ四段比率[1-10,10-50,50-90,90-99]=[0.9882,0.9405,0.8937,1.1348]；尾部曲率RMSE(lower/upper)=0.1924/0.1406；oracle外分位点=9.90%
[10/126] CHL-M_TEB-H_water：MSE=87.6294；RMSE=9.33814；shape-MSE/RMSE=0.0427927/0.206463；model-norm MSE/RMSE=0.00040479/0.0200701；cos=0.981486；r=0.978604；W1raw=4.660176；W1norm=0.035295
  平均谱：MSE=29.0075；cos=0.993540；r=0.992505
  train分布参照：generated/train MSE=47.9169；held-out/train MSE=96.5628；ratio=0.4962
  多样性MSE：train=137.927；generated=98.5667；ratio=0.7146；Pearson-distance ratio=0.7354
  峰形多样性：position-std ratio=0.9234；height-IQR ratio=0.7820；width-IQR ratio=0.7897；position frozen=0.000%
  负值：min=-28.274；<-40点=0.000000%；<-40光谱=0.000%
  training逐点包络外：lower点/光谱=0.005260%/5.000%；upper点/光谱=0.000000%/0.000%
  QQ拟合：raw R2=0.999273, RMSE=1.11427；model-normalized R2=0.999273, RMSE=0.00239486；training-standardized R2=0.995582, RMSE=0.0965369
  QQ尾宽/oracle区间：lower=0.8355/[0.9111,1.1269]；upper=0.8740/[0.8337,1.1836]；overrun=False；underrun=True
  QQ四段比率[1-10,10-50,50-90,90-99]=[0.7284,0.9600,1.0044,0.7647]；尾部曲率RMSE(lower/upper)=0.2502/0.2017；oracle外分位点=4.95%
[11/126] CHL-M_TEB-M_soil：MSE=124.196；RMSE=10.9835；shape-MSE/RMSE=0.0716432/0.264155；model-norm MSE/RMSE=0.000573703/0.0236065；cos=0.968595；r=0.964178；W1raw=5.891010；W1norm=0.047109
  平均谱：MSE=81.47；cos=0.979001；r=0.975811
  train分布参照：generated/train MSE=57.2205；held-out/train MSE=125.881；ratio=0.4546
  多样性MSE：train=140.756；generated=121.311；ratio=0.8619；Pearson-distance ratio=0.8791
  峰形多样性：position-std ratio=0.9027；height-IQR ratio=1.0336；width-IQR ratio=0.9885；position frozen=0.000%
  负值：min=-32.233；<-40点=0.000000%；<-40光谱=0.000%
  training逐点包络外：lower点/光谱=0.000000%/0.000%；upper点/光谱=0.026302%/5.000%
  QQ拟合：raw R2=0.997022, RMSE=3.06422；model-normalized R2=0.997022, RMSE=0.00658582；training-standardized R2=0.992374, RMSE=0.224221
  QQ尾宽/oracle区间：lower=1.0433/[0.8299,1.1695]；upper=0.8746/[0.7937,1.2293]；overrun=False；underrun=False
  QQ四段比率[1-10,10-50,50-90,90-99]=[1.1682,0.9032,0.7971,0.9420]；尾部曲率RMSE(lower/upper)=0.2034/0.2729；oracle外分位点=13.86%
[12/126] CHL-M_TEB-M_water：MSE=167.726；RMSE=12.6878；shape-MSE/RMSE=0.0843165/0.286653；model-norm MSE/RMSE=0.000774783/0.0272694；cos=0.963265；r=0.957842；W1raw=5.784122；W1norm=0.042942
  平均谱：MSE=54.2896；cos=0.986661；r=0.984497
  train分布参照：generated/train MSE=80.6387；held-out/train MSE=106.19；ratio=0.7594
  多样性MSE：train=284.656；generated=166.491；ratio=0.5849；Pearson-distance ratio=0.7037
  峰形多样性：position-std ratio=0.9319；height-IQR ratio=0.8659；width-IQR ratio=0.9667；position frozen=0.000%
  负值：min=-34.783；<-40点=0.000000%；<-40光谱=0.000%
  training逐点包络外：lower点/光谱=0.000000%/0.000%；upper点/光谱=0.015781%/10.000%
  QQ拟合：raw R2=0.996022, RMSE=3.26399；model-normalized R2=0.996022, RMSE=0.00701518；training-standardized R2=0.993230, RMSE=0.092463
  QQ尾宽/oracle区间：lower=0.9386/[0.8556,1.1840]；upper=0.7825/[0.8803,1.1449]；overrun=False；underrun=True
  QQ四段比率[1-10,10-50,50-90,90-99]=[0.8743,0.9992,0.9789,0.6252]；尾部曲率RMSE(lower/upper)=0.1354/0.3288；oracle外分位点=2.97%
[13/126] CHL-M_TEB-S_soil：MSE=155.223；RMSE=12.0599；shape-MSE/RMSE=0.108001/0.322842；model-norm MSE/RMSE=0.000717027/0.0259199；cos=0.951785；r=0.945999；W1raw=4.889801；W1norm=0.046778
  平均谱：MSE=15.7453；cos=0.993353；r=0.992502
  train分布参照：generated/train MSE=93.5146；held-out/train MSE=64.4618；ratio=1.4507
  多样性MSE：train=205.812；generated=205.55；ratio=0.9987；Pearson-distance ratio=0.9018
  峰形多样性：position-std ratio=0.8939；height-IQR ratio=1.0178；width-IQR ratio=1.1602；position frozen=10.000%
  负值：min=-38.163；<-40点=0.000000%；<-40光谱=0.000%
  training逐点包络外：lower点/光谱=0.013151%/15.000%；upper点/光谱=0.010521%/5.000%
  QQ拟合：raw R2=0.998953, RMSE=2.4405；model-normalized R2=0.998953, RMSE=0.00524527；training-standardized R2=0.992149, RMSE=0.168218
  QQ尾宽/oracle区间：lower=1.0626/[0.8336,1.2692]；upper=0.9952/[0.8449,1.2378]；overrun=False；underrun=False
  QQ四段比率[1-10,10-50,50-90,90-99]=[0.9213,1.2218,1.2106,0.8311]；尾部曲率RMSE(lower/upper)=0.3155/0.3615；oracle外分位点=13.86%
[14/126] CHL-M_TEB-S_water：MSE=172.094；RMSE=12.8932；shape-MSE/RMSE=0.0979555/0.302199；model-norm MSE/RMSE=0.000794958/0.0277108；cos=0.956388；r=0.951022；W1raw=5.869435；W1norm=0.053224
  平均谱：MSE=30.9813；cos=0.990435；r=0.989073
  train分布参照：generated/train MSE=138.627；held-out/train MSE=71.9217；ratio=1.9275
  多样性MSE：train=430.014；generated=304.111；ratio=0.7072；Pearson-distance ratio=0.8111
  峰形多样性：position-std ratio=0.9057；height-IQR ratio=0.8713；width-IQR ratio=1.0432；position frozen=0.000%
  负值：min=-47.148；<-40点=0.060494%；<-40光谱=25.000%
  training逐点包络外：lower点/光谱=0.015781%/10.000%；upper点/光谱=0.015781%/15.000%
  QQ拟合：raw R2=0.998338, RMSE=3.06979；model-normalized R2=0.998338, RMSE=0.00659779；training-standardized R2=0.994510, RMSE=0.185752
  QQ尾宽/oracle区间：lower=1.0822/[0.8538,1.1640]；upper=1.0083/[0.9184,1.1801]；overrun=False；underrun=False
  QQ四段比率[1-10,10-50,50-90,90-99]=[0.8526,1.3551,1.1734,0.8440]；尾部曲率RMSE(lower/upper)=0.1497/0.2434；oracle外分位点=20.79%
[15/126] CHL-M_soil：MSE=458.544；RMSE=21.0608；shape-MSE/RMSE=0.0546781/0.231733；model-norm MSE/RMSE=0.00211817/0.0452653；cos=0.975096；r=0.972661；W1raw=9.278073；W1norm=0.050690
  平均谱：MSE=238.572；cos=0.989097；r=0.987986
  train分布参照：generated/train MSE=154.763；held-out/train MSE=315.367；ratio=0.4907
  多样性MSE：train=433.746；generated=286.962；ratio=0.6616；Pearson-distance ratio=0.6730
  峰形多样性：position-std ratio=0.9546；height-IQR ratio=0.9668；width-IQR ratio=1.1324；position frozen=0.000%
  负值：min=-71.451；<-40点=0.620726%；<-40光谱=90.000%
  training逐点包络外：lower点/光谱=0.015781%/20.000%；upper点/光谱=0.060494%/50.000%
  QQ拟合：raw R2=0.998077, RMSE=9.03021；model-normalized R2=0.998077, RMSE=0.0194083；training-standardized R2=0.997738, RMSE=0.18059
  QQ尾宽/oracle区间：lower=0.9929/[0.9236,1.0885]；upper=0.9058/[0.9131,1.1159]；overrun=False；underrun=True
  QQ四段比率[1-10,10-50,50-90,90-99]=[1.1295,0.8633,0.8955,0.9162]；尾部曲率RMSE(lower/upper)=0.1524/0.0569；oracle外分位点=42.57%
[16/126] CHL-M_water：MSE=387.361；RMSE=19.4046；shape-MSE/RMSE=0.0376776/0.191664；model-norm MSE/RMSE=0.00178935/0.0417057；cos=0.982686；r=0.981161；W1raw=8.939839；W1norm=0.032887
  平均谱：MSE=108.852；cos=0.995295；r=0.994893
  train分布参照：generated/train MSE=208.582；held-out/train MSE=359.47；ratio=0.5802
  多样性MSE：train=617.756；generated=439.181；ratio=0.7109；Pearson-distance ratio=0.7721
  峰形多样性：position-std ratio=0.7342；height-IQR ratio=0.8496；width-IQR ratio=1.0467；position frozen=0.000%
  负值：min=-65.982；<-40点=0.447133%；<-40光谱=55.000%
  training逐点包络外：lower点/光谱=0.002630%/5.000%；upper点/光谱=0.097317%/65.000%
  QQ拟合：raw R2=0.999487, RMSE=4.26211；model-normalized R2=0.999487, RMSE=0.0091604；training-standardized R2=0.996170, RMSE=0.124736
  QQ尾宽/oracle区间：lower=1.0632/[0.8849,1.1888]；upper=0.8759/[0.8617,1.1416]；overrun=False；underrun=False
  QQ四段比率[1-10,10-50,50-90,90-99]=[1.0230,1.1143,1.0154,0.7607]；尾部曲率RMSE(lower/upper)=0.0655/0.2533；oracle外分位点=0.00%
[17/126] CHL-S_TEB-H_soil：MSE=140.474；RMSE=11.6789；shape-MSE/RMSE=0.0744434/0.268504；model-norm MSE/RMSE=0.000648897/0.0251011；cos=0.966983；r=0.962778；W1raw=6.195454；W1norm=0.051580
  平均谱：MSE=70.4676；cos=0.983036；r=0.980614
  train分布参照：generated/train MSE=74.1197；held-out/train MSE=106.761；ratio=0.6943
  多样性MSE：train=192.351；generated=121.752；ratio=0.6330；Pearson-distance ratio=0.6234
  峰形多样性：position-std ratio=0.8485；height-IQR ratio=0.8939；width-IQR ratio=0.7798；position frozen=10.000%
  负值：min=-37.647；<-40点=0.000000%；<-40光谱=0.000%
  training逐点包络外：lower点/光谱=0.000000%/0.000%；upper点/光谱=0.002630%/5.000%
  QQ拟合：raw R2=0.998553, RMSE=2.29206；model-normalized R2=0.998553, RMSE=0.00492623；training-standardized R2=0.994012, RMSE=0.0984376
  QQ尾宽/oracle区间：lower=1.0643/[0.9130,1.0880]；upper=1.1793/[0.8995,1.1292]；overrun=True；underrun=False
  QQ四段比率[1-10,10-50,50-90,90-99]=[1.1968,0.9279,1.1531,1.2004]；尾部曲率RMSE(lower/upper)=0.2185/0.1408；oracle外分位点=3.96%
[18/126] CHL-S_TEB-H_water：MSE=191.476；RMSE=13.6883；shape-MSE/RMSE=0.108281/0.324593；model-norm MSE/RMSE=0.000884491/0.0294198；cos=0.950685；r=0.945860；W1raw=6.172880；W1norm=0.052014
  平均谱：MSE=51.1193；cos=0.986518；r=0.985629
  train分布参照：generated/train MSE=97.2253；held-out/train MSE=133.213；ratio=0.7299
  多样性MSE：train=273.256；generated=208.717；ratio=0.7638；Pearson-distance ratio=0.7368
  峰形多样性：position-std ratio=0.9138；height-IQR ratio=1.0315；width-IQR ratio=0.7958；position frozen=0.000%
  负值：min=-51.211；<-40点=0.173593%；<-40光谱=35.000%
  training逐点包络外：lower点/光谱=0.000000%/0.000%；upper点/光谱=0.000000%/0.000%
  QQ拟合：raw R2=0.996832, RMSE=3.72168；model-normalized R2=0.996832, RMSE=0.00799887；training-standardized R2=0.997375, RMSE=0.219248
  QQ尾宽/oracle区间：lower=0.9716/[0.8920,1.1137]；upper=0.9983/[0.9095,1.1180]；overrun=False；underrun=False
  QQ四段比率[1-10,10-50,50-90,90-99]=[0.9200,1.0234,1.0338,0.9628]；尾部曲率RMSE(lower/upper)=0.1289/0.2163；oracle外分位点=58.42%
[19/126] CHL-S_TEB-M_soil：MSE=126.837；RMSE=11.1285；shape-MSE/RMSE=0.0736281/0.267811；model-norm MSE/RMSE=0.000585902/0.023918；cos=0.967792；r=0.963186；W1raw=5.201742；W1norm=0.044388
  平均谱：MSE=52.7743；cos=0.985679；r=0.983536
  train分布参照：generated/train MSE=51.4946；held-out/train MSE=77.1032；ratio=0.6679
  多样性MSE：train=139.97；generated=102.128；ratio=0.7296；Pearson-distance ratio=0.7705
  峰形多样性：position-std ratio=0.7789；height-IQR ratio=1.0054；width-IQR ratio=0.9961；position frozen=22.222%
  负值：min=-28.873；<-40点=0.000000%；<-40光谱=0.000%
  training逐点包络外：lower点/光谱=0.000000%/0.000%；upper点/光谱=0.002630%/5.000%
  QQ拟合：raw R2=0.998247, RMSE=2.64371；model-normalized R2=0.998247, RMSE=0.00568203；training-standardized R2=0.987452, RMSE=0.148348
  QQ尾宽/oracle区间：lower=1.2104/[0.8405,1.1783]；upper=1.4028/[0.8815,1.1351]；overrun=True；underrun=False
  QQ四段比率[1-10,10-50,50-90,90-99]=[1.4175,0.9831,1.0307,1.7726]；尾部曲率RMSE(lower/upper)=0.2357/0.3434；oracle外分位点=9.90%
[20/126] CHL-S_TEB-M_water：MSE=116.352；RMSE=10.6479；shape-MSE/RMSE=0.0732278/0.266737；model-norm MSE/RMSE=0.000537467/0.0228852；cos=0.968034；r=0.963386；W1raw=5.813594；W1norm=0.052389
  平均谱：MSE=54.6634；cos=0.985935；r=0.983756
  train分布参照：generated/train MSE=63.9583；held-out/train MSE=99.0335；ratio=0.6458
  多样性MSE：train=184.764；generated=141.702；ratio=0.7669；Pearson-distance ratio=0.7690
  峰形多样性：position-std ratio=0.9618；height-IQR ratio=0.8602；width-IQR ratio=0.8963；position frozen=0.000%
  负值：min=-38.786；<-40点=0.000000%；<-40光谱=0.000%
  training逐点包络外：lower点/光谱=0.000000%/0.000%；upper点/光谱=0.010521%/15.000%
  QQ拟合：raw R2=0.998828, RMSE=2.66018；model-normalized R2=0.998828, RMSE=0.00571744；training-standardized R2=0.995603, RMSE=0.0712385
  QQ尾宽/oracle区间：lower=0.9627/[0.8540,1.1567]；upper=0.8771/[0.8932,1.1516]；overrun=False；underrun=True
  QQ四段比率[1-10,10-50,50-90,90-99]=[0.9064,1.0172,1.0878,0.7247]；尾部曲率RMSE(lower/upper)=0.1631/0.2352；oracle外分位点=0.99%
[21/126] CHL-S_TEB-S_soil：MSE=100.951；RMSE=9.85625；shape-MSE/RMSE=0.114369/0.334356；model-norm MSE/RMSE=0.000466325/0.0211837；cos=0.948625；r=0.942816；W1raw=4.283183；W1norm=0.045672
  平均谱：MSE=17.9466；cos=0.990261；r=0.989006
  train分布参照：generated/train MSE=59.2933；held-out/train MSE=55.5337；ratio=1.0677
  多样性MSE：train=149.453；generated=151.087；ratio=1.0109；Pearson-distance ratio=1.0585
  峰形多样性：position-std ratio=1.0883；height-IQR ratio=1.1902；width-IQR ratio=1.4381；position frozen=0.000%
  负值：min=-34.601；<-40点=0.000000%；<-40光谱=0.000%
  training逐点包络外：lower点/光谱=0.036823%/10.000%；upper点/光谱=0.023672%/10.000%
  QQ拟合：raw R2=0.999073, RMSE=1.67725；model-normalized R2=0.999073, RMSE=0.00360485；training-standardized R2=0.996253, RMSE=0.21871
  QQ尾宽/oracle区间：lower=1.1882/[0.8915,1.1954]；upper=1.3542/[0.8557,1.1843]；overrun=True；underrun=False
  QQ四段比率[1-10,10-50,50-90,90-99]=[1.1011,1.2854,1.2388,1.4708]；尾部曲率RMSE(lower/upper)=0.2482/0.1599；oracle外分位点=31.68%
[22/126] CHL-S_TEB-S_water：MSE=109.495；RMSE=10.2402；shape-MSE/RMSE=0.12792/0.351968；model-norm MSE/RMSE=0.000505796/0.0220088；cos=0.944257；r=0.936040；W1raw=4.488002；W1norm=0.051566
  平均谱：MSE=20.5223；cos=0.988324；r=0.986423
  train分布参照：generated/train MSE=60.0685；held-out/train MSE=61.0776；ratio=0.9835
  多样性MSE：train=119.051；generated=125.049；ratio=1.0504；Pearson-distance ratio=0.8603
  峰形多样性：position-std ratio=1.0575；height-IQR ratio=1.0032；width-IQR ratio=1.0653；position frozen=0.000%
  负值：min=-34.548；<-40点=0.000000%；<-40光谱=0.000%
  training逐点包络外：lower点/光谱=0.013151%/10.000%；upper点/光谱=0.000000%/0.000%
  QQ拟合：raw R2=0.998056, RMSE=1.56444；model-normalized R2=0.998056, RMSE=0.00336239；training-standardized R2=0.990761, RMSE=0.114417
  QQ尾宽/oracle区间：lower=0.8441/[0.8643,1.1167]；upper=0.7942/[0.7836,1.2414]；overrun=False；underrun=True
  QQ四段比率[1-10,10-50,50-90,90-99]=[0.7234,0.9839,1.0622,0.6120]；尾部曲率RMSE(lower/upper)=0.3159/0.3667；oracle外分位点=1.98%
[23/126] CHL-S_soil：MSE=42.3003；RMSE=6.44861；shape-MSE/RMSE=0.0182804/0.134089；model-norm MSE/RMSE=0.000195399/0.0138598；cos=0.991563；r=0.990860；W1raw=2.933405；W1norm=0.023874
  平均谱：MSE=8.13078；cos=0.998313；r=0.998154
  train分布参照：generated/train MSE=27.6246；held-out/train MSE=35.88；ratio=0.7699
  多样性MSE：train=74.8947；generated=57.6528；ratio=0.7698；Pearson-distance ratio=0.7445
  峰形多样性：position-std ratio=0.8729；height-IQR ratio=1.0425；width-IQR ratio=0.9422；position frozen=0.000%
  负值：min=-28.899；<-40点=0.000000%；<-40光谱=0.000%
  training逐点包络外：lower点/光谱=0.000000%/0.000%；upper点/光谱=0.023672%/15.000%
  QQ拟合：raw R2=0.999343, RMSE=1.09523；model-normalized R2=0.999343, RMSE=0.00235394；training-standardized R2=0.997857, RMSE=0.124639
  QQ尾宽/oracle区间：lower=1.1014/[0.8629,1.1913]；upper=1.2505/[0.9267,1.1043]；overrun=True；underrun=False
  QQ四段比率[1-10,10-50,50-90,90-99]=[1.1053,1.0961,1.1886,1.3104]；尾部曲率RMSE(lower/upper)=0.1536/0.0994；oracle外分位点=0.99%
[24/126] CHL-S_water：MSE=81.9887；RMSE=8.90179；shape-MSE/RMSE=0.0427742/0.204312；model-norm MSE/RMSE=0.000378733/0.0191323；cos=0.980318；r=0.978613；W1raw=4.169411；W1norm=0.036021
  平均谱：MSE=29.1462；cos=0.992448；r=0.991672
  train分布参照：generated/train MSE=39.5136；held-out/train MSE=51.3122；ratio=0.7701
  多样性MSE：train=115.52；generated=96.0779；ratio=0.8317；Pearson-distance ratio=0.8334
  峰形多样性：position-std ratio=0.7828；height-IQR ratio=0.7107；width-IQR ratio=1.1527；position frozen=11.111%
  负值：min=-40.698；<-40点=0.007891%；<-40光谱=5.000%
  training逐点包络外：lower点/光谱=0.000000%/0.000%；upper点/光谱=0.000000%/0.000%
  QQ拟合：raw R2=0.999322, RMSE=1.46485；model-normalized R2=0.999322, RMSE=0.00314835；training-standardized R2=0.991503, RMSE=0.10809
  QQ尾宽/oracle区间：lower=0.9961/[0.9397,1.1230]；upper=0.8105/[0.8895,1.1416]；overrun=False；underrun=True
  QQ四段比率[1-10,10-50,50-90,90-99]=[1.0213,0.9738,1.0191,0.6515]；尾部曲率RMSE(lower/upper)=0.1947/0.3804；oracle外分位点=3.96%
[25/126] DEL-H_CHL-H_soil：MSE=199.524；RMSE=13.7884；shape-MSE/RMSE=0.0327227/0.176752；model-norm MSE/RMSE=0.000921667/0.029635；cos=0.985530；r=0.983639；W1raw=6.006435；W1norm=0.027801
  平均谱：MSE=40.0441；cos=0.997046；r=0.996616
  train分布参照：generated/train MSE=122.675；held-out/train MSE=166.001；ratio=0.7390
  多样性MSE：train=429.308；generated=300.511；ratio=0.7000；Pearson-distance ratio=0.6672
  峰形多样性：position-std ratio=0.8395；height-IQR ratio=0.9426；width-IQR ratio=0.9385；position frozen=0.000%
  负值：min=-54.541；<-40点=0.092057%；<-40光谱=25.000%
  training逐点包络外：lower点/光谱=0.000000%/0.000%；upper点/光谱=0.005260%/10.000%
  QQ拟合：raw R2=0.999737, RMSE=2.55003；model-normalized R2=0.999737, RMSE=0.00548068；training-standardized R2=0.989205, RMSE=0.121823
  QQ尾宽/oracle区间：lower=0.9329/[0.8705,1.1576]；upper=0.9497/[0.8924,1.1280]；overrun=False；underrun=False
  QQ四段比率[1-10,10-50,50-90,90-99]=[0.7764,1.2151,1.1261,0.8276]；尾部曲率RMSE(lower/upper)=0.3816/0.3705；oracle外分位点=29.70%
[26/126] DEL-H_CHL-H_water：MSE=286.343；RMSE=16.6138；shape-MSE/RMSE=0.0404605/0.198128；model-norm MSE/RMSE=0.00132272/0.0357075；cos=0.982241；r=0.979770；W1raw=7.656649；W1norm=0.036654
  平均谱：MSE=91.1438；cos=0.993207；r=0.992246
  train分布参照：generated/train MSE=146.815；held-out/train MSE=229.161；ratio=0.6407
  多样性MSE：train=409.016；generated=289.21；ratio=0.7071；Pearson-distance ratio=0.7318
  峰形多样性：position-std ratio=0.9934；height-IQR ratio=0.9195；width-IQR ratio=0.8736；position frozen=11.111%
  负值：min=-45.512；<-40点=0.015781%；<-40光谱=10.000%
  training逐点包络外：lower点/光谱=0.015781%/10.000%；upper点/光谱=0.039453%/25.000%
  QQ拟合：raw R2=0.998912, RMSE=4.49176；model-normalized R2=0.998912, RMSE=0.00965398；training-standardized R2=0.997744, RMSE=0.174207
  QQ尾宽/oracle区间：lower=0.8605/[0.8715,1.1376]；upper=0.9483/[0.8794,1.1239]；overrun=False；underrun=True
  QQ四段比率[1-10,10-50,50-90,90-99]=[0.7355,1.0375,1.0104,0.8938]；尾部曲率RMSE(lower/upper)=0.1421/0.1057；oracle外分位点=73.27%
[27/126] DEL-H_CHL-M_soil：MSE=204.618；RMSE=14.2224；shape-MSE/RMSE=0.0361862/0.189458；model-norm MSE/RMSE=0.0009452/0.0305677；cos=0.983938；r=0.981907；W1raw=6.013611；W1norm=0.030747
  平均谱：MSE=33.0463；cos=0.996795；r=0.996450
  train分布参照：generated/train MSE=97.7068；held-out/train MSE=152.307；ratio=0.6415
  多样性MSE：train=320.599；generated=230.724；ratio=0.7197；Pearson-distance ratio=0.6794
  峰形多样性：position-std ratio=0.8816；height-IQR ratio=0.9518；width-IQR ratio=0.7621；position frozen=0.000%
  负值：min=-49.726；<-40点=0.049974%；<-40光谱=25.000%
  training逐点包络外：lower点/光谱=0.000000%/0.000%；upper点/光谱=0.042083%/20.000%
  QQ拟合：raw R2=0.999083, RMSE=2.26886；model-normalized R2=0.999083, RMSE=0.00487638；training-standardized R2=0.991200, RMSE=0.176092
  QQ尾宽/oracle区间：lower=1.3357/[0.9333,1.0916]；upper=1.1661/[0.8708,1.1272]；overrun=True；underrun=False
  QQ四段比率[1-10,10-50,50-90,90-99]=[1.4950,1.1107,1.0045,1.3004]；尾部曲率RMSE(lower/upper)=0.3953/0.1781；oracle外分位点=15.84%
[28/126] DEL-H_CHL-M_water：MSE=373.807；RMSE=18.9506；shape-MSE/RMSE=0.0422735/0.202554；model-norm MSE/RMSE=0.00172674/0.0407299；cos=0.981327；r=0.978863；W1raw=7.126307；W1norm=0.038538
  平均谱：MSE=108.5；cos=0.993667；r=0.992746
  train分布参照：generated/train MSE=109.678；held-out/train MSE=334.869；ratio=0.3275
  多样性MSE：train=262.946；generated=161.861；ratio=0.6156；Pearson-distance ratio=0.6991
  峰形多样性：position-std ratio=0.9034；height-IQR ratio=0.8358；width-IQR ratio=0.7405；position frozen=0.000%
  负值：min=-43.998；<-40点=0.013151%；<-40光谱=10.000%
  training逐点包络外：lower点/光谱=0.000000%/0.000%；upper点/光谱=0.065755%/45.000%
  QQ拟合：raw R2=0.998066, RMSE=8.01662；model-normalized R2=0.998066, RMSE=0.0172298；training-standardized R2=0.985359, RMSE=0.195787
  QQ尾宽/oracle区间：lower=1.3288/[0.8878,1.1443]；upper=1.1338/[0.8933,1.1303]；overrun=True；underrun=False
  QQ四段比率[1-10,10-50,50-90,90-99]=[1.5209,1.0665,0.8523,1.4123]；尾部曲率RMSE(lower/upper)=0.4527/0.2496；oracle外分位点=14.85%
[29/126] DEL-H_CHL-S_soil：MSE=336.886；RMSE=18.1899；shape-MSE/RMSE=0.0495633/0.218646；model-norm MSE/RMSE=0.00155619/0.0390948；cos=0.977848；r=0.975218；W1raw=6.794965；W1norm=0.040892
  平均谱：MSE=44.8833；cos=0.994284；r=0.993519
  train分布参照：generated/train MSE=105.853；held-out/train MSE=245.658；ratio=0.4309
  多样性MSE：train=337.225；generated=212.184；ratio=0.6292；Pearson-distance ratio=0.5753
  峰形多样性：position-std ratio=0.9285；height-IQR ratio=0.8265；width-IQR ratio=1.0174；position frozen=0.000%
  负值：min=-44.471；<-40点=0.028932%；<-40光谱=15.000%
  training逐点包络外：lower点/光谱=0.000000%/0.000%；upper点/光谱=0.007891%/5.000%
  QQ拟合：raw R2=0.998184, RMSE=2.79761；model-normalized R2=0.998184, RMSE=0.00601279；training-standardized R2=0.996129, RMSE=0.121991
  QQ尾宽/oracle区间：lower=1.0687/[0.8827,1.1337]；upper=0.9619/[0.9251,1.1107]；overrun=False；underrun=False
  QQ四段比率[1-10,10-50,50-90,90-99]=[1.1228,1.0081,1.0481,0.8990]；尾部曲率RMSE(lower/upper)=0.1265/0.2464；oracle外分位点=3.96%
[30/126] DEL-H_CHL-S_water：MSE=205.554；RMSE=14.1095；shape-MSE/RMSE=0.0469226/0.214485；model-norm MSE/RMSE=0.000949523/0.0303251；cos=0.979399；r=0.976539；W1raw=7.090864；W1norm=0.042845
  平均谱：MSE=92.0179；cos=0.992752；r=0.991686
  train分布参照：generated/train MSE=108.221；held-out/train MSE=186.728；ratio=0.5796
  多样性MSE：train=285.607；generated=202.231；ratio=0.7081；Pearson-distance ratio=0.6554
  峰形多样性：position-std ratio=0.9197；height-IQR ratio=0.7978；width-IQR ratio=0.7711；position frozen=0.000%
  负值：min=-40.601；<-40点=0.005260%；<-40光谱=5.000%
  training逐点包络外：lower点/光谱=0.000000%/0.000%；upper点/光谱=0.007891%/15.000%
  QQ拟合：raw R2=0.997424, RMSE=6.77684；model-normalized R2=0.997424, RMSE=0.0145652；training-standardized R2=0.995712, RMSE=0.102821
  QQ尾宽/oracle区间：lower=1.0861/[0.8925,1.1086]；upper=0.9624/[0.8989,1.1252]；overrun=False；underrun=False
  QQ四段比率[1-10,10-50,50-90,90-99]=[1.1465,1.0200,0.9926,0.9384]；尾部曲率RMSE(lower/upper)=0.1696/0.2663；oracle外分位点=12.87%
[31/126] DEL-H_TEB-H_CHL-H_soil：MSE=206.253；RMSE=13.9309；shape-MSE/RMSE=0.0130764/0.113469；model-norm MSE/RMSE=0.00095275/0.0299411；cos=0.994383；r=0.993462；W1raw=5.538088；W1norm=0.020109
  平均谱：MSE=33.2687；cos=0.998677；r=0.998468
  train分布参照：generated/train MSE=157.01；held-out/train MSE=124.676；ratio=1.2593
  多样性MSE：train=291.451；generated=221.857；ratio=0.7612；Pearson-distance ratio=0.7898
  峰形多样性：position-std ratio=0.9131；height-IQR ratio=1.1439；width-IQR ratio=1.1613；position frozen=0.000%
  负值：min=-43.908；<-40点=0.015781%；<-40光谱=10.000%
  training逐点包络外：lower点/光谱=0.000000%/0.000%；upper点/光谱=0.000000%/0.000%
  QQ拟合：raw R2=0.999693, RMSE=2.78176；model-normalized R2=0.999693, RMSE=0.00597873；training-standardized R2=0.997557, RMSE=0.115369
  QQ尾宽/oracle区间：lower=1.2435/[0.8811,1.1699]；upper=1.0857/[0.8399,1.2197]；overrun=True；underrun=False
  QQ四段比率[1-10,10-50,50-90,90-99]=[1.3951,1.1226,1.1226,1.0481]；尾部曲率RMSE(lower/upper)=0.0792/0.1634；oracle外分位点=0.99%
[32/126] DEL-H_TEB-H_CHL-H_water：MSE=179.334；RMSE=13.2097；shape-MSE/RMSE=0.0143147/0.117591；model-norm MSE/RMSE=0.000828404/0.0283912；cos=0.994139；r=0.992843；W1raw=6.006840；W1norm=0.020840
  平均谱：MSE=39.3817；cos=0.998655；r=0.998351
  train分布参照：generated/train MSE=143.23；held-out/train MSE=198.996；ratio=0.7198
  多样性MSE：train=261.045；generated=229.831；ratio=0.8804；Pearson-distance ratio=0.8335
  峰形多样性：position-std ratio=0.9523；height-IQR ratio=1.2938；width-IQR ratio=0.9367；position frozen=0.000%
  负值：min=-42.023；<-40点=0.007891%；<-40光谱=5.000%
  training逐点包络外：lower点/光谱=0.000000%/0.000%；upper点/光谱=0.000000%/0.000%
  QQ拟合：raw R2=0.999732, RMSE=1.77938；model-normalized R2=0.999732, RMSE=0.00382436；training-standardized R2=0.996661, RMSE=0.0614458
  QQ尾宽/oracle区间：lower=0.8427/[0.8817,1.1437]；upper=0.9101/[0.8472,1.2210]；overrun=False；underrun=True
  QQ四段比率[1-10,10-50,50-90,90-99]=[0.7069,0.9890,1.0614,0.7843]；尾部曲率RMSE(lower/upper)=0.1669/0.1205；oracle外分位点=0.99%
[33/126] DEL-H_TEB-H_CHL-M_soil：MSE=522.229；RMSE=21.7602；shape-MSE/RMSE=0.0151168/0.121364；model-norm MSE/RMSE=0.00241235/0.0467685；cos=0.993603；r=0.992442；W1raw=6.889901；W1norm=0.024917
  平均谱：MSE=52.6806；cos=0.998064；r=0.997707
  train分布参照：generated/train MSE=205.717；held-out/train MSE=395.736；ratio=0.5198
  多样性MSE：train=346.835；generated=250.199；ratio=0.7214；Pearson-distance ratio=0.8590
  峰形多样性：position-std ratio=0.9061；height-IQR ratio=1.0647；width-IQR ratio=1.1604；position frozen=0.000%
  负值：min=-49.929；<-40点=0.031562%；<-40光谱=5.000%
  training逐点包络外：lower点/光谱=0.000000%/0.000%；upper点/光谱=0.010521%/15.000%
  QQ拟合：raw R2=0.999616, RMSE=4.61316；model-normalized R2=0.999616, RMSE=0.0099149；training-standardized R2=0.997111, RMSE=0.129134
  QQ尾宽/oracle区间：lower=1.2267/[0.7991,1.2114]；upper=1.2063/[0.7503,1.2600]；overrun=True；underrun=False
  QQ四段比率[1-10,10-50,50-90,90-99]=[1.3497,1.1205,1.0741,1.3605]；尾部曲率RMSE(lower/upper)=0.1049/0.1385；oracle外分位点=1.98%
[34/126] DEL-H_TEB-H_CHL-M_water：MSE=309.38；RMSE=17.3423；shape-MSE/RMSE=0.0158075/0.124546；model-norm MSE/RMSE=0.00142913/0.0372731；cos=0.993469；r=0.992096；W1raw=7.712967；W1norm=0.027835
  平均谱：MSE=103.278；cos=0.996669；r=0.996018
  train分布参照：generated/train MSE=123.644；held-out/train MSE=269.722；ratio=0.4584
  多样性MSE：train=231.158；generated=213.688；ratio=0.9244；Pearson-distance ratio=0.9131
  峰形多样性：position-std ratio=0.9503；height-IQR ratio=1.2013；width-IQR ratio=0.8934；position frozen=0.000%
  负值：min=-43.949；<-40点=0.010521%；<-40光谱=5.000%
  training逐点包络外：lower点/光谱=0.000000%/0.000%；upper点/光谱=0.002630%/5.000%
  QQ拟合：raw R2=0.998755, RMSE=4.83746；model-normalized R2=0.998755, RMSE=0.010397；training-standardized R2=0.996033, RMSE=0.255551
  QQ尾宽/oracle区间：lower=0.7029/[0.9233,1.0953]；upper=0.8880/[0.9332,1.0721]；overrun=False；underrun=True
  QQ四段比率[1-10,10-50,50-90,90-99]=[0.6165,0.8096,0.8581,0.9211]；尾部曲率RMSE(lower/upper)=0.2423/0.1190；oracle外分位点=27.72%
[35/126] DEL-H_TEB-H_CHL-S_soil：MSE=433.798；RMSE=18.8814；shape-MSE/RMSE=0.0129436/0.112857；model-norm MSE/RMSE=0.00200386/0.0405811；cos=0.994396；r=0.993528；W1raw=5.946699；W1norm=0.021418
  平均谱：MSE=31.8528；cos=0.998311；r=0.998042
  train分布参照：generated/train MSE=128.626；held-out/train MSE=265.611；ratio=0.4843
  多样性MSE：train=265.277；generated=243.582；ratio=0.9182；Pearson-distance ratio=0.7936
  峰形多样性：position-std ratio=0.9476；height-IQR ratio=1.1714；width-IQR ratio=0.7516；position frozen=0.000%
  负值：min=-45.566；<-40点=0.042083%；<-40光谱=25.000%
  training逐点包络外：lower点/光谱=0.000000%/0.000%；upper点/光谱=0.031562%/30.000%
  QQ拟合：raw R2=0.999345, RMSE=2.30115；model-normalized R2=0.999345, RMSE=0.00494576；training-standardized R2=0.992578, RMSE=0.129865
  QQ尾宽/oracle区间：lower=1.0666/[0.9256,1.0816]；upper=0.9611/[0.9107,1.1374]；overrun=False；underrun=False
  QQ四段比率[1-10,10-50,50-90,90-99]=[0.9706,1.1888,0.9363,0.9892]；尾部曲率RMSE(lower/upper)=0.0769/0.3328；oracle外分位点=0.00%
[36/126] DEL-H_TEB-H_CHL-S_water：MSE=276.754；RMSE=15.8889；shape-MSE/RMSE=0.0143359/0.118698；model-norm MSE/RMSE=0.00127842/0.0341493；cos=0.994040；r=0.992832；W1raw=6.584389；W1norm=0.024030
  平均谱：MSE=68.8879；cos=0.998865；r=0.998651
  train分布参照：generated/train MSE=193.126；held-out/train MSE=224.098；ratio=0.8618
  多样性MSE：train=295.71；generated=256.53；ratio=0.8675；Pearson-distance ratio=0.7576
  峰形多样性：position-std ratio=0.8212；height-IQR ratio=0.9877；width-IQR ratio=0.8770；position frozen=11.111%
  负值：min=-40.508；<-40点=0.007891%；<-40光谱=5.000%
  training逐点包络外：lower点/光谱=0.000000%/0.000%；upper点/光谱=0.007891%/10.000%
  QQ拟合：raw R2=0.999521, RMSE=6.08654；model-normalized R2=0.999521, RMSE=0.0130816；training-standardized R2=0.997731, RMSE=0.0570274
  QQ尾宽/oracle区间：lower=0.9439/[0.8801,1.1472]；upper=0.9267/[0.8417,1.2101]；overrun=False；underrun=False
  QQ四段比率[1-10,10-50,50-90,90-99]=[0.9391,0.9480,1.0453,0.8254]；尾部曲率RMSE(lower/upper)=0.1413/0.0938；oracle外分位点=0.00%
[37/126] DEL-H_TEB-H_soil：MSE=43.616；RMSE=6.57906；shape-MSE/RMSE=0.0315381/0.176796；model-norm MSE/RMSE=0.000201477/0.0141401；cos=0.985412；r=0.984231；W1raw=2.625514；W1norm=0.031356
  平均谱：MSE=8.45983；cos=0.997647；r=0.997449
  train分布参照：generated/train MSE=17.6623；held-out/train MSE=38.1245；ratio=0.4633
  多样性MSE：train=68.462；generated=49.2829；ratio=0.7199；Pearson-distance ratio=0.7151
  峰形多样性：position-std ratio=0.7907；height-IQR ratio=1.0411；width-IQR ratio=0.8214；position frozen=0.000%
  负值：min=-17.965；<-40点=0.000000%；<-40光谱=0.000%
  training逐点包络外：lower点/光谱=0.000000%/0.000%；upper点/光谱=0.000000%/0.000%
  QQ拟合：raw R2=0.999139, RMSE=1.88987；model-normalized R2=0.999139, RMSE=0.00406183；training-standardized R2=0.988899, RMSE=0.203843
  QQ尾宽/oracle区间：lower=1.4702/[0.8845,1.1352]；upper=1.1531/[0.8803,1.1471]；overrun=True；underrun=False
  QQ四段比率[1-10,10-50,50-90,90-99]=[1.9164,1.0283,1.0160,1.2453]；尾部曲率RMSE(lower/upper)=0.4862/0.1409；oracle外分位点=7.92%
[38/126] DEL-H_TEB-H_water：MSE=32.3675；RMSE=5.64819；shape-MSE/RMSE=0.0230152/0.150735；model-norm MSE/RMSE=0.000149516/0.0121394；cos=0.989423；r=0.988492；W1raw=2.560939；W1norm=0.028647
  平均谱：MSE=14.2941；cos=0.995202；r=0.994762
  train分布参照：generated/train MSE=14.7369；held-out/train MSE=27.336；ratio=0.5391
  多样性MSE：train=45.1112；generated=33.6218；ratio=0.7453；Pearson-distance ratio=0.7140
  峰形多样性：position-std ratio=0.8335；height-IQR ratio=0.8410；width-IQR ratio=1.0285；position frozen=11.111%
  负值：min=-22.808；<-40点=0.000000%；<-40光谱=0.000%
  training逐点包络外：lower点/光谱=0.000000%/0.000%；upper点/光谱=0.000000%/0.000%
  QQ拟合：raw R2=0.998327, RMSE=1.78378；model-normalized R2=0.998327, RMSE=0.00383382；training-standardized R2=0.986863, RMSE=0.301377
  QQ尾宽/oracle区间：lower=1.5047/[0.8619,1.2044]；upper=1.5376/[0.9055,1.1323]；overrun=True；underrun=False
  QQ四段比率[1-10,10-50,50-90,90-99]=[1.7595,1.1824,1.0794,1.9326]；尾部曲率RMSE(lower/upper)=0.4004/0.4450；oracle外分位点=12.87%
[39/126] DEL-H_TEB-M_CHL-H_soil：MSE=186.273；RMSE=13.3561；shape-MSE/RMSE=0.0223411/0.14854；model-norm MSE/RMSE=0.000860457/0.0287058；cos=0.990505；r=0.988829；W1raw=5.065861；W1norm=0.023140
  平均谱：MSE=23.0218；cos=0.997943；r=0.997573
  train分布参照：generated/train MSE=74.1895；held-out/train MSE=152.289；ratio=0.4872
  多样性MSE：train=175.832；generated=135.194；ratio=0.7689；Pearson-distance ratio=0.7620
  峰形多样性：position-std ratio=1.1098；height-IQR ratio=1.0636；width-IQR ratio=1.0400；position frozen=0.000%
  负值：min=-35.844；<-40点=0.000000%；<-40光谱=0.000%
  training逐点包络外：lower点/光谱=0.000000%/0.000%；upper点/光谱=0.002630%/5.000%
  QQ拟合：raw R2=0.999719, RMSE=1.37158；model-normalized R2=0.999719, RMSE=0.00294789；training-standardized R2=0.994574, RMSE=0.0969572
  QQ尾宽/oracle区间：lower=0.8955/[0.9270,1.1039]；upper=1.0942/[0.9031,1.1236]；overrun=False；underrun=True
  QQ四段比率[1-10,10-50,50-90,90-99]=[0.8631,0.9345,0.9671,1.2224]；尾部曲率RMSE(lower/upper)=0.2667/0.1116；oracle外分位点=5.94%
[40/126] DEL-H_TEB-M_CHL-H_water：MSE=249.286；RMSE=15.5406；shape-MSE/RMSE=0.0168408/0.128274；model-norm MSE/RMSE=0.00115153/0.0334009；cos=0.993137；r=0.991580；W1raw=6.561335；W1norm=0.027916
  平均谱：MSE=70.167；cos=0.997576；r=0.997009
  train分布参照：generated/train MSE=63.8283；held-out/train MSE=179.247；ratio=0.3561
  多样性MSE：train=220.626；generated=152.402；ratio=0.6908；Pearson-distance ratio=0.6763
  峰形多样性：position-std ratio=0.9079；height-IQR ratio=0.8774；width-IQR ratio=0.9141；position frozen=0.000%
  负值：min=-31.308；<-40点=0.000000%；<-40光谱=0.000%
  training逐点包络外：lower点/光谱=0.000000%/0.000%；upper点/光谱=0.000000%/0.000%
  QQ拟合：raw R2=0.999854, RMSE=4.92919；model-normalized R2=0.999854, RMSE=0.0105941；training-standardized R2=0.996297, RMSE=0.263935
  QQ尾宽/oracle区间：lower=0.9504/[0.9140,1.1029]；upper=0.8054/[0.9234,1.0895]；overrun=False；underrun=True
  QQ四段比率[1-10,10-50,50-90,90-99]=[0.9437,0.9566,0.8715,0.7384]；尾部曲率RMSE(lower/upper)=0.0240/0.2424；oracle外分位点=77.23%
[41/126] DEL-H_TEB-M_CHL-M_soil：MSE=221.86；RMSE=14.4681；shape-MSE/RMSE=0.0267269/0.160934；model-norm MSE/RMSE=0.00102485/0.0310957；cos=0.988578；r=0.986637；W1raw=6.520793；W1norm=0.030660
  平均谱：MSE=76.0827；cos=0.995196；r=0.994323
  train分布参照：generated/train MSE=71.6126；held-out/train MSE=180.249；ratio=0.3973
  多样性MSE：train=208.845；generated=148.797；ratio=0.7125；Pearson-distance ratio=0.7293
  峰形多样性：position-std ratio=0.8746；height-IQR ratio=1.0409；width-IQR ratio=0.9435；position frozen=0.000%
  负值：min=-39.662；<-40点=0.000000%；<-40光谱=0.000%
  training逐点包络外：lower点/光谱=0.000000%/0.000%；upper点/光谱=0.002630%/5.000%
  QQ拟合：raw R2=0.999800, RMSE=4.92034；model-normalized R2=0.999800, RMSE=0.0105751；training-standardized R2=0.997810, RMSE=0.166986
  QQ尾宽/oracle区间：lower=0.9036/[0.9064,1.1451]；upper=0.9994/[0.9036,1.1088]；overrun=False；underrun=True
  QQ四段比率[1-10,10-50,50-90,90-99]=[0.8240,1.0231,0.8732,1.1371]；尾部曲率RMSE(lower/upper)=0.1025/0.0989；oracle外分位点=12.87%
[42/126] DEL-H_TEB-M_CHL-M_water：MSE=201.099；RMSE=13.8885；shape-MSE/RMSE=0.0207103/0.14158；model-norm MSE/RMSE=0.000928945/0.02985；cos=0.991475；r=0.989645；W1raw=6.313524；W1norm=0.027542
  平均谱：MSE=58.646；cos=0.998006；r=0.997556
  train分布参照：generated/train MSE=84.8409；held-out/train MSE=143.264；ratio=0.5922
  多样性MSE：train=255.895；generated=191.008；ratio=0.7464；Pearson-distance ratio=0.8834
  峰形多样性：position-std ratio=0.8681；height-IQR ratio=0.8189；width-IQR ratio=1.0896；position frozen=0.000%
  负值：min=-39.073；<-40点=0.000000%；<-40光谱=0.000%
  training逐点包络外：lower点/光谱=0.000000%/0.000%；upper点/光谱=0.002630%/5.000%
  QQ拟合：raw R2=0.999597, RMSE=4.7064；model-normalized R2=0.999597, RMSE=0.0101153；training-standardized R2=0.997521, RMSE=0.204354
  QQ尾宽/oracle区间：lower=1.0165/[0.8778,1.1393]；upper=1.1079/[0.8728,1.1656]；overrun=False；underrun=False
  QQ四段比率[1-10,10-50,50-90,90-99]=[1.0496,0.9885,1.1061,1.1096]；尾部曲率RMSE(lower/upper)=0.1556/0.0902；oracle外分位点=0.00%
[43/126] DEL-H_TEB-M_CHL-S_soil：MSE=163.519；RMSE=12.626；shape-MSE/RMSE=0.0243613/0.155039；model-norm MSE/RMSE=0.000755351/0.0271365；cos=0.989628；r=0.987819；W1raw=5.021770；W1norm=0.023657
  平均谱：MSE=24.5583；cos=0.997732；r=0.997378
  train分布参照：generated/train MSE=76.5612；held-out/train MSE=152.395；ratio=0.5024
  多样性MSE：train=182.966；generated=135.124；ratio=0.7385；Pearson-distance ratio=0.6586
  峰形多样性：position-std ratio=0.9380；height-IQR ratio=0.9448；width-IQR ratio=1.0603；position frozen=0.000%
  负值：min=-29.818；<-40点=0.000000%；<-40光谱=0.000%
  training逐点包络外：lower点/光谱=0.000000%/0.000%；upper点/光谱=0.028932%/15.000%
  QQ拟合：raw R2=0.999689, RMSE=1.54162；model-normalized R2=0.999689, RMSE=0.00331336；training-standardized R2=0.996112, RMSE=0.121316
  QQ尾宽/oracle区间：lower=1.1335/[0.9238,1.1071]；upper=1.0669/[0.8888,1.1463]；overrun=True；underrun=False
  QQ四段比率[1-10,10-50,50-90,90-99]=[1.1638,1.0980,0.9560,1.1818]；尾部曲率RMSE(lower/upper)=0.1048/0.1623；oracle外分位点=7.92%
[44/126] DEL-H_TEB-M_CHL-S_water：MSE=297.205；RMSE=16.7686；shape-MSE/RMSE=0.0249889/0.156953；model-norm MSE/RMSE=0.00137289/0.0360401；cos=0.989652；r=0.987506；W1raw=6.544074；W1norm=0.028805
  平均谱：MSE=64.5851；cos=0.997807；r=0.997372
  train分布参照：generated/train MSE=133.931；held-out/train MSE=191.789；ratio=0.6983
  多样性MSE：train=314.181；generated=255.395；ratio=0.8129；Pearson-distance ratio=0.8706
  峰形多样性：position-std ratio=0.9318；height-IQR ratio=0.9413；width-IQR ratio=1.5281；position frozen=0.000%
  负值：min=-28.984；<-40点=0.000000%；<-40光谱=0.000%
  training逐点包络外：lower点/光谱=0.000000%/0.000%；upper点/光谱=0.007891%/10.000%
  QQ拟合：raw R2=0.999410, RMSE=5.65954；model-normalized R2=0.999410, RMSE=0.0121638；training-standardized R2=0.995086, RMSE=0.221599
  QQ尾宽/oracle区间：lower=1.0683/[0.7906,1.2579]；upper=0.9152/[0.8088,1.2177]；overrun=False；underrun=False
  QQ四段比率[1-10,10-50,50-90,90-99]=[1.0504,1.0876,1.0862,0.7687]；尾部曲率RMSE(lower/upper)=0.1532/0.2842；oracle外分位点=34.65%
[45/126] DEL-H_TEB-M_soil：MSE=36.4213；RMSE=5.9685；shape-MSE/RMSE=0.0308595/0.174075；model-norm MSE/RMSE=0.000168242/0.0128279；cos=0.985739；r=0.984570；W1raw=2.188113；W1norm=0.026697
  平均谱：MSE=5.92563；cos=0.997380；r=0.997145
  train分布参照：generated/train MSE=16.1692；held-out/train MSE=28.6848；ratio=0.5637
  多样性MSE：train=57.8552；generated=35.8508；ratio=0.6197；Pearson-distance ratio=0.6300
  峰形多样性：position-std ratio=0.8531；height-IQR ratio=0.7373；width-IQR ratio=0.8525；position frozen=0.000%
  负值：min=-30.607；<-40点=0.000000%；<-40光谱=0.000%
  training逐点包络外：lower点/光谱=0.000000%/0.000%；upper点/光谱=0.000000%/0.000%
  QQ拟合：raw R2=0.999574, RMSE=0.645086；model-normalized R2=0.999574, RMSE=0.00138646；training-standardized R2=0.979111, RMSE=0.290891
  QQ尾宽/oracle区间：lower=1.6905/[0.8488,1.2633]；upper=1.2765/[0.9058,1.1122]；overrun=True；underrun=False
  QQ四段比率[1-10,10-50,50-90,90-99]=[2.1418,1.1863,1.0134,1.4890]；尾部曲率RMSE(lower/upper)=0.6657/0.2346；oracle外分位点=8.91%
[46/126] DEL-H_TEB-M_water：MSE=31.6576；RMSE=5.58085；shape-MSE/RMSE=0.0260119/0.159615；model-norm MSE/RMSE=0.000146237/0.0119947；cos=0.988127；r=0.986994；W1raw=2.242940；W1norm=0.025373
  平均谱：MSE=5.9777；cos=0.997518；r=0.997269
  train分布参照：generated/train MSE=16.9428；held-out/train MSE=33.1693；ratio=0.5108
  多样性MSE：train=56.7881；generated=35.1538；ratio=0.6190；Pearson-distance ratio=0.6338
  峰形多样性：position-std ratio=0.8056；height-IQR ratio=0.9749；width-IQR ratio=1.0197；position frozen=0.000%
  负值：min=-14.676；<-40点=0.000000%；<-40光谱=0.000%
  training逐点包络外：lower点/光谱=0.000000%/0.000%；upper点/光谱=0.000000%/0.000%
  QQ拟合：raw R2=0.999526, RMSE=0.81281；model-normalized R2=0.999526, RMSE=0.00174694；training-standardized R2=0.983434, RMSE=0.281088
  QQ尾宽/oracle区间：lower=1.4850/[0.8986,1.1422]；upper=1.5575/[0.8842,1.1330]；overrun=True；underrun=False
  QQ四段比率[1-10,10-50,50-90,90-99]=[1.8530,1.0819,1.1723,1.8780]；尾部曲率RMSE(lower/upper)=0.3840/0.4520；oracle外分位点=8.91%
[47/126] DEL-H_TEB-S_CHL-H_soil：MSE=133.543；RMSE=11.3596；shape-MSE/RMSE=0.0393156/0.196005；model-norm MSE/RMSE=0.000616881/0.0244147；cos=0.983222；r=0.980342；W1raw=5.438029；W1norm=0.030120
  平均谱：MSE=30.5592；cos=0.996004；r=0.995297
  train分布参照：generated/train MSE=87.6462；held-out/train MSE=119.258；ratio=0.7349
  多样性MSE：train=208.091；generated=152.614；ratio=0.7334；Pearson-distance ratio=0.7398
  峰形多样性：position-std ratio=0.9087；height-IQR ratio=0.8646；width-IQR ratio=0.8503；position frozen=0.000%
  负值：min=-41.024；<-40点=0.007891%；<-40光谱=5.000%
  training逐点包络外：lower点/光谱=0.013151%/15.000%；upper点/光谱=0.007891%/15.000%
  QQ拟合：raw R2=0.999476, RMSE=1.90161；model-normalized R2=0.999476, RMSE=0.00408706；training-standardized R2=0.995734, RMSE=0.193814
  QQ尾宽/oracle区间：lower=1.3066/[0.8730,1.1929]；upper=1.2043/[0.8899,1.1289]；overrun=True；underrun=False
  QQ四段比率[1-10,10-50,50-90,90-99]=[1.4954,1.1301,1.2654,1.1403]；尾部曲率RMSE(lower/upper)=0.2205/0.1170；oracle外分位点=27.72%
[48/126] DEL-H_TEB-S_CHL-H_water：MSE=188.872；RMSE=13.5782；shape-MSE/RMSE=0.0340886/0.181718；model-norm MSE/RMSE=0.000872463/0.0291832；cos=0.986110；r=0.982956；W1raw=7.124199；W1norm=0.036627
  平均谱：MSE=58.9487；cos=0.995562；r=0.994555
  train分布参照：generated/train MSE=93.2679；held-out/train MSE=301.974；ratio=0.3089
  多样性MSE：train=248.097；generated=180.302；ratio=0.7267；Pearson-distance ratio=0.7762
  峰形多样性：position-std ratio=0.7613；height-IQR ratio=0.8740；width-IQR ratio=0.8887；position frozen=0.000%
  负值：min=-36.106；<-40点=0.000000%；<-40光谱=0.000%
  training逐点包络外：lower点/光谱=0.000000%/0.000%；upper点/光谱=0.005260%/5.000%
  QQ拟合：raw R2=0.998981, RMSE=2.86992；model-normalized R2=0.998981, RMSE=0.00616822；training-standardized R2=0.977378, RMSE=0.191875
  QQ尾宽/oracle区间：lower=0.7078/[0.8588,1.1519]；upper=0.7423/[0.8341,1.1595]；overrun=False；underrun=True
  QQ四段比率[1-10,10-50,50-90,90-99]=[0.5596,0.9226,1.0472,0.5549]；尾部曲率RMSE(lower/upper)=0.6488/0.3934；oracle外分位点=6.93%
[49/126] DEL-H_TEB-S_CHL-M_soil：MSE=126.462；RMSE=11.0892；shape-MSE/RMSE=0.028515/0.16781；model-norm MSE/RMSE=0.000584171/0.0238336；cos=0.987714；r=0.985742；W1raw=6.021814；W1norm=0.032353
  平均谱：MSE=53.5842；cos=0.995118；r=0.994248
  train分布参照：generated/train MSE=86.8892；held-out/train MSE=151.289；ratio=0.5743
  多样性MSE：train=180.771；generated=137.29；ratio=0.7595；Pearson-distance ratio=0.7213
  峰形多样性：position-std ratio=0.8980；height-IQR ratio=0.9677；width-IQR ratio=0.7660；position frozen=0.000%
  负值：min=-30.404；<-40点=0.000000%；<-40光谱=0.000%
  training逐点包络外：lower点/光谱=0.000000%/0.000%；upper点/光谱=0.015781%/5.000%
  QQ拟合：raw R2=0.998741, RMSE=4.45503；model-normalized R2=0.998741, RMSE=0.00957504；training-standardized R2=0.995755, RMSE=0.13392
  QQ尾宽/oracle区间：lower=0.9300/[0.9234,1.0848]；upper=0.9911/[0.8870,1.1209]；overrun=False；underrun=False
  QQ四段比率[1-10,10-50,50-90,90-99]=[0.9158,0.9468,1.0972,0.9054]；尾部曲率RMSE(lower/upper)=0.2579/0.2036；oracle外分位点=6.93%
[50/126] DEL-H_TEB-S_CHL-M_water：MSE=256.669；RMSE=15.8468；shape-MSE/RMSE=0.0376358/0.192403；model-norm MSE/RMSE=0.00118564/0.034059；cos=0.984579；r=0.981182；W1raw=7.193811；W1norm=0.038552
  平均谱：MSE=56.5896；cos=0.996327；r=0.995496
  train分布参照：generated/train MSE=88.1389；held-out/train MSE=252.983；ratio=0.3484
  多样性MSE：train=229.127；generated=200.911；ratio=0.8769；Pearson-distance ratio=0.8899
  峰形多样性：position-std ratio=0.9891；height-IQR ratio=0.8983；width-IQR ratio=1.2178；position frozen=0.000%
  负值：min=-30.019；<-40点=0.000000%；<-40光谱=0.000%
  training逐点包络外：lower点/光谱=0.015781%/10.000%；upper点/光谱=0.021042%/15.000%
  QQ拟合：raw R2=0.999480, RMSE=4.43373；model-normalized R2=0.999480, RMSE=0.00952926；training-standardized R2=0.996048, RMSE=0.287113
  QQ尾宽/oracle区间：lower=0.7313/[0.8818,1.1512]；upper=0.8359/[0.7588,1.2814]；overrun=False；underrun=True
  QQ四段比率[1-10,10-50,50-90,90-99]=[0.6136,0.8967,0.8612,0.8110]；尾部曲率RMSE(lower/upper)=0.2650/0.1300；oracle外分位点=63.37%
[51/126] DEL-H_TEB-S_CHL-S_soil：MSE=172.013；RMSE=12.9683；shape-MSE/RMSE=0.0431175/0.206271；model-norm MSE/RMSE=0.000794585/0.0278722；cos=0.981546；r=0.978441；W1raw=5.446215；W1norm=0.030972
  平均谱：MSE=30.706；cos=0.996407；r=0.995762
  train分布参照：generated/train MSE=115.641；held-out/train MSE=153.046；ratio=0.7556
  多样性MSE：train=262.555；generated=193.91；ratio=0.7386；Pearson-distance ratio=0.7650
  峰形多样性：position-std ratio=0.8943；height-IQR ratio=0.8198；width-IQR ratio=1.3622；position frozen=0.000%
  负值：min=-44.819；<-40点=0.021042%；<-40光谱=10.000%
  training逐点包络外：lower点/光谱=0.000000%/0.000%；upper点/光谱=0.000000%/0.000%
  QQ拟合：raw R2=0.999461, RMSE=2.66762；model-normalized R2=0.999461, RMSE=0.00573341；training-standardized R2=0.995964, RMSE=0.0691385
  QQ尾宽/oracle区间：lower=1.1947/[0.8957,1.1228]；upper=1.0067/[0.8269,1.1949]；overrun=True；underrun=False
  QQ四段比率[1-10,10-50,50-90,90-99]=[1.3959,1.0223,1.0047,1.0084]；尾部曲率RMSE(lower/upper)=0.1625/0.1779；oracle外分位点=0.99%
[52/126] DEL-H_TEB-S_CHL-S_water：MSE=268.605；RMSE=15.8184；shape-MSE/RMSE=0.0362347/0.189381；model-norm MSE/RMSE=0.00124078/0.0339979；cos=0.985037；r=0.981883；W1raw=6.699615；W1norm=0.036153
  平均谱：MSE=66.6203；cos=0.996467；r=0.995782
  train分布参照：generated/train MSE=133.748；held-out/train MSE=386.383；ratio=0.3462
  多样性MSE：train=244.831；generated=210.009；ratio=0.8578；Pearson-distance ratio=0.7561
  峰形多样性：position-std ratio=0.8865；height-IQR ratio=0.9952；width-IQR ratio=1.0436；position frozen=0.000%
  负值：min=-35.728；<-40点=0.000000%；<-40光谱=0.000%
  training逐点包络外：lower点/光谱=0.000000%/0.000%；upper点/光谱=0.044713%/10.000%
  QQ拟合：raw R2=0.999499, RMSE=5.80254；model-normalized R2=0.999499, RMSE=0.0124712；training-standardized R2=0.995467, RMSE=0.277902
  QQ尾宽/oracle区间：lower=0.8385/[0.8593,1.1519]；upper=0.7814/[0.9081,1.1086]；overrun=False；underrun=True
  QQ四段比率[1-10,10-50,50-90,90-99]=[0.7772,0.9032,0.9186,0.6653]；尾部曲率RMSE(lower/upper)=0.1528/0.2706；oracle外分位点=86.14%
[53/126] DEL-H_TEB-S_soil：MSE=44.5433；RMSE=6.55062；shape-MSE/RMSE=0.0422789/0.202292；model-norm MSE/RMSE=0.00020576/0.014079；cos=0.980483；r=0.978861；W1raw=2.631777；W1norm=0.034045
  平均谱：MSE=16.6455；cos=0.992782；r=0.992145
  train分布参照：generated/train MSE=18.3701；held-out/train MSE=28.2464；ratio=0.6504
  多样性MSE：train=57.5561；generated=41.4571；ratio=0.7203；Pearson-distance ratio=0.7191
  峰形多样性：position-std ratio=0.9376；height-IQR ratio=0.7769；width-IQR ratio=1.2100；position frozen=10.000%
  负值：min=-20.859；<-40点=0.000000%；<-40光谱=0.000%
  training逐点包络外：lower点/光谱=0.000000%/0.000%；upper点/光谱=0.000000%/0.000%
  QQ拟合：raw R2=0.998189, RMSE=1.98977；model-normalized R2=0.998189, RMSE=0.00427653；training-standardized R2=0.979496, RMSE=0.218967
  QQ尾宽/oracle区间：lower=1.4859/[0.8682,1.1222]；upper=1.4229/[0.8705,1.1794]；overrun=True；underrun=False
  QQ四段比率[1-10,10-50,50-90,90-99]=[1.9870,1.0106,1.0683,1.7688]；尾部曲率RMSE(lower/upper)=0.4648/0.4793；oracle外分位点=5.94%
[54/126] DEL-H_TEB-S_water：MSE=35.0745；RMSE=5.81579；shape-MSE/RMSE=0.0352075/0.184426；model-norm MSE/RMSE=0.000162021/0.0124997；cos=0.984020；r=0.982396；W1raw=2.751931；W1norm=0.032271
  平均谱：MSE=13.2548；cos=0.994524；r=0.993969
  train分布参照：generated/train MSE=22.0687；held-out/train MSE=33.0999；ratio=0.6667
  多样性MSE：train=65.2821；generated=38.0242；ratio=0.5825；Pearson-distance ratio=0.5793
  峰形多样性：position-std ratio=0.8550；height-IQR ratio=0.7833；width-IQR ratio=0.8699；position frozen=10.000%
  负值：min=-25.282；<-40点=0.000000%；<-40光谱=0.000%
  training逐点包络外：lower点/光谱=0.000000%/0.000%；upper点/光谱=0.003569%/5.000%
  QQ拟合：raw R2=0.998771, RMSE=1.85583；model-normalized R2=0.998771, RMSE=0.00398868；training-standardized R2=0.973492, RMSE=0.540891
  QQ尾宽/oracle区间：lower=1.8527/[0.8659,1.2102]；upper=1.7425/[0.9091,1.0995]；overrun=True；underrun=False
  QQ四段比率[1-10,10-50,50-90,90-99]=[2.3290,1.2110,1.2398,2.0866]；尾部曲率RMSE(lower/upper)=0.9457/0.7780；oracle外分位点=31.68%
[55/126] DEL-H_soil：MSE=348.287；RMSE=17.4901；shape-MSE/RMSE=0.0323218/0.172549；model-norm MSE/RMSE=0.00160885/0.0375909；cos=0.986520；r=0.983839；W1raw=7.355231；W1norm=0.032050
  平均谱：MSE=70.6559；cos=0.996396；r=0.995798
  train分布参照：generated/train MSE=205.367；held-out/train MSE=210.758；ratio=0.9744
  多样性MSE：train=585.45；generated=557.853；ratio=0.9529；Pearson-distance ratio=0.8394
  峰形多样性：position-std ratio=0.9547；height-IQR ratio=0.9661；width-IQR ratio=1.1952；position frozen=0.000%
  负值：min=-53.851；<-40点=0.174875%；<-40光谱=30.000%
  training逐点包络外：lower点/光谱=0.003569%/5.000%；upper点/光谱=0.114204%/10.000%
  QQ拟合：raw R2=0.999158, RMSE=4.31537；model-normalized R2=0.999158, RMSE=0.00927487；training-standardized R2=0.993202, RMSE=0.217062
  QQ尾宽/oracle区间：lower=0.7175/[0.7156,1.3363]；upper=0.8348/[0.8298,1.2644]；overrun=False；underrun=False
  QQ四段比率[1-10,10-50,50-90,90-99]=[0.5765,0.8708,0.9962,0.6968]；尾部曲率RMSE(lower/upper)=0.2861/0.1069；oracle外分位点=17.82%
[56/126] DEL-H_water：MSE=2429.79；RMSE=43.0438；shape-MSE/RMSE=0.103002/0.276039；model-norm MSE/RMSE=0.011224/0.0925124；cos=0.955531；r=0.948499；W1raw=14.401516；W1norm=0.044032
  平均谱：MSE=304.53；cos=0.992815；r=0.991206
  train分布参照：generated/train MSE=1160.41；held-out/train MSE=1256.96；ratio=0.9232
  多样性MSE：train=3363.77；generated=2622.27；ratio=0.7796；Pearson-distance ratio=0.9557
  峰形多样性：position-std ratio=1.1053；height-IQR ratio=0.7470；width-IQR ratio=0.9497；position frozen=0.000%
  负值：min=-117.443；<-40点=0.674518%；<-40光谱=30.000%
  training逐点包络外：lower点/光谱=0.160600%/25.000%；upper点/光谱=0.017844%/15.000%
  QQ拟合：raw R2=0.994804, RMSE=10.7365；model-normalized R2=0.994804, RMSE=0.0230756；training-standardized R2=0.984966, RMSE=0.170672
  QQ尾宽/oracle区间：lower=0.8634/[0.7427,1.3831]；upper=0.8387/[0.8358,1.2006]；overrun=False；underrun=False
  QQ四段比率[1-10,10-50,50-90,90-99]=[0.6571,1.1872,1.0871,0.6578]；尾部曲率RMSE(lower/upper)=0.3751/0.4631；oracle外分位点=9.90%
[57/126] DEL-M_CHL-H_soil：MSE=173.28；RMSE=13.089；shape-MSE/RMSE=0.0618557/0.247023；model-norm MSE/RMSE=0.000800437/0.0281317；cos=0.972571；r=0.969072；W1raw=6.436778；W1norm=0.042001
  平均谱：MSE=37.7948；cos=0.993693；r=0.992861
  train分布参照：generated/train MSE=100.157；held-out/train MSE=127.41；ratio=0.7861
  多样性MSE：train=331.378；generated=176.441；ratio=0.5324；Pearson-distance ratio=0.6845
  峰形多样性：position-std ratio=0.7977；height-IQR ratio=0.8257；width-IQR ratio=1.0761；position frozen=0.000%
  负值：min=-39.072；<-40点=0.000000%；<-40光谱=0.000%
  training逐点包络外：lower点/光谱=0.002630%/5.000%；upper点/光谱=0.007891%/15.000%
  QQ拟合：raw R2=0.998181, RMSE=2.16455；model-normalized R2=0.998181, RMSE=0.00465219；training-standardized R2=0.995104, RMSE=0.151333
  QQ尾宽/oracle区间：lower=0.8625/[0.9125,1.1180]；upper=0.8334/[0.8819,1.1642]；overrun=False；underrun=True
  QQ四段比率[1-10,10-50,50-90,90-99]=[0.7796,0.9684,0.8872,0.7841]；尾部曲率RMSE(lower/upper)=0.2297/0.2665；oracle外分位点=10.89%
[58/126] DEL-M_CHL-H_water：MSE=151.299；RMSE=12.1713；shape-MSE/RMSE=0.0411015/0.201009；model-norm MSE/RMSE=0.000698903/0.0261594；cos=0.981630；r=0.979449；W1raw=5.660836；W1norm=0.033459
  平均谱：MSE=30.1525；cos=0.996133；r=0.995641
  train分布参照：generated/train MSE=100.283；held-out/train MSE=136.791；ratio=0.7331
  多样性MSE：train=305.126；generated=237.302；ratio=0.7777；Pearson-distance ratio=0.8114
  峰形多样性：position-std ratio=0.9334；height-IQR ratio=0.9831；width-IQR ratio=0.9596；position frozen=0.000%
  负值：min=-78.680；<-40点=0.157812%；<-40光谱=55.000%
  training逐点包络外：lower点/光谱=0.023672%/10.000%；upper点/光谱=0.026302%/20.000%
  QQ拟合：raw R2=0.998687, RMSE=2.24344；model-normalized R2=0.998687, RMSE=0.00482175；training-standardized R2=0.988157, RMSE=0.118843
  QQ尾宽/oracle区间：lower=1.1248/[0.8855,1.1517]；upper=0.8854/[0.8874,1.1600]；overrun=False；underrun=True
  QQ四段比率[1-10,10-50,50-90,90-99]=[1.1532,1.0946,1.0614,0.7628]；尾部曲率RMSE(lower/upper)=0.1256/0.5272；oracle外分位点=3.96%
[59/126] DEL-M_CHL-M_soil：MSE=186.967；RMSE=13.4091；shape-MSE/RMSE=0.055543/0.234409；model-norm MSE/RMSE=0.000863661/0.0288196；cos=0.975415；r=0.972229；W1raw=5.760440；W1norm=0.037399
  平均谱：MSE=41.6034；cos=0.994348；r=0.993575
  train分布参照：generated/train MSE=129.601；held-out/train MSE=150.511；ratio=0.8611
  多样性MSE：train=291.103；generated=217.231；ratio=0.7462；Pearson-distance ratio=0.6768
  峰形多样性：position-std ratio=0.8276；height-IQR ratio=0.9389；width-IQR ratio=1.0483；position frozen=0.000%
  负值：min=-37.672；<-40点=0.000000%；<-40光谱=0.000%
  training逐点包络外：lower点/光谱=0.000000%/0.000%；upper点/光谱=0.031562%/35.000%
  QQ拟合：raw R2=0.996744, RMSE=4.60448；model-normalized R2=0.996744, RMSE=0.00989624；training-standardized R2=0.992452, RMSE=0.210221
  QQ尾宽/oracle区间：lower=1.5229/[0.8984,1.1241]；upper=1.2679/[0.8806,1.1431]；overrun=True；underrun=False
  QQ四段比率[1-10,10-50,50-90,90-99]=[1.8375,1.2228,1.1607,1.3608]；尾部曲率RMSE(lower/upper)=0.2573/0.1845；oracle外分位点=17.82%
[60/126] DEL-M_CHL-M_water：MSE=259.805；RMSE=15.7325；shape-MSE/RMSE=0.0808676/0.278872；model-norm MSE/RMSE=0.00120013/0.0338133；cos=0.964408；r=0.959566；W1raw=6.195941；W1norm=0.044029
  平均谱：MSE=30.414；cos=0.994478；r=0.993646
  train分布参照：generated/train MSE=141.593；held-out/train MSE=168.792；ratio=0.8389
  多样性MSE：train=379.101；generated=299.8；ratio=0.7908；Pearson-distance ratio=0.7954
  峰形多样性：position-std ratio=0.9767；height-IQR ratio=0.9221；width-IQR ratio=0.8412；position frozen=0.000%
  负值：min=-56.915；<-40点=0.026302%；<-40光谱=5.000%
  training逐点包络外：lower点/光谱=0.000000%/0.000%；upper点/光谱=0.042083%/20.000%
  QQ拟合：raw R2=0.998713, RMSE=1.65517；model-normalized R2=0.998713, RMSE=0.00355739；training-standardized R2=0.994272, RMSE=0.159279
  QQ尾宽/oracle区间：lower=1.0235/[0.8948,1.1157]；upper=1.1584/[0.9177,1.1192]；overrun=True；underrun=False
  QQ四段比率[1-10,10-50,50-90,90-99]=[0.9016,1.1716,1.2161,1.1038]；尾部曲率RMSE(lower/upper)=0.3586/0.1983；oracle外分位点=10.89%
[61/126] DEL-M_CHL-S_soil：MSE=136.965；RMSE=11.5597；shape-MSE/RMSE=0.0521393/0.22621；model-norm MSE/RMSE=0.000632687/0.0248449；cos=0.976746；r=0.973930；W1raw=5.458536；W1norm=0.038846
  平均谱：MSE=30.5484；cos=0.993970；r=0.993187
  train分布参照：generated/train MSE=79.698；held-out/train MSE=143.886；ratio=0.5539
  多样性MSE：train=224.011；generated=175.684；ratio=0.7843；Pearson-distance ratio=0.7279
  峰形多样性：position-std ratio=0.8372；height-IQR ratio=0.9440；width-IQR ratio=0.8509；position frozen=10.000%
  负值：min=-46.808；<-40点=0.028932%；<-40光谱=15.000%
  training逐点包络外：lower点/光谱=0.000000%/0.000%；upper点/光谱=0.018411%/20.000%
  QQ拟合：raw R2=0.998941, RMSE=1.52228；model-normalized R2=0.998941, RMSE=0.00327179；training-standardized R2=0.993075, RMSE=0.121961
  QQ尾宽/oracle区间：lower=1.0989/[0.9024,1.0937]；upper=1.2762/[0.8986,1.1049]；overrun=True；underrun=False
  QQ四段比率[1-10,10-50,50-90,90-99]=[1.0897,1.1124,1.0316,1.5337]；尾部曲率RMSE(lower/upper)=0.2662/0.2298；oracle外分位点=8.91%
[62/126] DEL-M_CHL-S_water：MSE=205.251；RMSE=14.138；shape-MSE/RMSE=0.091588/0.298004；model-norm MSE/RMSE=0.000948121/0.0303863；cos=0.959403；r=0.954206；W1raw=5.861902；W1norm=0.044578
  平均谱：MSE=24.0175；cos=0.994437；r=0.993663
  train分布参照：generated/train MSE=130.226；held-out/train MSE=161.488；ratio=0.8064
  多样性MSE：train=355.551；generated=259.968；ratio=0.7312；Pearson-distance ratio=0.7367
  峰形多样性：position-std ratio=0.9217；height-IQR ratio=0.8400；width-IQR ratio=0.8268；position frozen=0.000%
  负值：min=-59.173；<-40点=0.028932%；<-40光谱=5.000%
  training逐点包络外：lower点/光谱=0.000000%/0.000%；upper点/光谱=0.005260%/10.000%
  QQ拟合：raw R2=0.998940, RMSE=1.34054；model-normalized R2=0.998940, RMSE=0.00288118；training-standardized R2=0.994657, RMSE=0.109468
  QQ尾宽/oracle区间：lower=1.2588/[0.8982,1.1146]；upper=0.9773/[0.9159,1.1068]；overrun=True；underrun=False
  QQ四段比率[1-10,10-50,50-90,90-99]=[1.3647,1.1328,1.0289,0.9391]；尾部曲率RMSE(lower/upper)=0.1644/0.2836；oracle外分位点=0.99%
[63/126] DEL-M_TEB-H_CHL-H_soil：MSE=191.359；RMSE=13.5714；shape-MSE/RMSE=0.0194412/0.138715；model-norm MSE/RMSE=0.00088395/0.0291686；cos=0.991757；r=0.990279；W1raw=5.320513；W1norm=0.024076
  平均谱：MSE=34.8258；cos=0.997691；r=0.997290
  train分布参照：generated/train MSE=102.639；held-out/train MSE=237.343；ratio=0.4325
  多样性MSE：train=189.477；generated=128.558；ratio=0.6785；Pearson-distance ratio=0.7361
  峰形多样性：position-std ratio=0.7368；height-IQR ratio=0.6858；width-IQR ratio=1.0770；position frozen=0.000%
  负值：min=-33.963；<-40点=0.000000%；<-40光谱=0.000%
  training逐点包络外：lower点/光谱=0.000000%/0.000%；upper点/光谱=0.000000%/0.000%
  QQ拟合：raw R2=0.999756, RMSE=2.59104；model-normalized R2=0.999756, RMSE=0.00556881；training-standardized R2=0.991658, RMSE=0.176823
  QQ尾宽/oracle区间：lower=1.1693/[0.9026,1.1360]；upper=0.8619/[0.8755,1.1424]；overrun=True；underrun=True
  QQ四段比率[1-10,10-50,50-90,90-99]=[1.2890,1.0617,0.9058,0.8250]；尾部曲率RMSE(lower/upper)=0.1738/0.2620；oracle外分位点=9.90%
[64/126] DEL-M_TEB-H_CHL-H_water：MSE=186.493；RMSE=13.4707；shape-MSE/RMSE=0.0170919/0.129499；model-norm MSE/RMSE=0.000861475/0.028952；cos=0.992932；r=0.991454；W1raw=6.163763；W1norm=0.025921
  平均谱：MSE=47.612；cos=0.998569；r=0.998258
  train分布参照：generated/train MSE=79.6338；held-out/train MSE=167.772；ratio=0.4747
  多样性MSE：train=221.469；generated=207.074；ratio=0.9350；Pearson-distance ratio=0.7683
  峰形多样性：position-std ratio=1.0044；height-IQR ratio=1.2765；width-IQR ratio=0.9280；position frozen=0.000%
  负值：min=-38.617；<-40点=0.000000%；<-40光谱=0.000%
  training逐点包络外：lower点/光谱=0.000000%/0.000%；upper点/光谱=0.060494%/25.000%
  QQ拟合：raw R2=0.999784, RMSE=3.63338；model-normalized R2=0.999784, RMSE=0.00780911；training-standardized R2=0.995206, RMSE=0.131994
  QQ尾宽/oracle区间：lower=0.9434/[0.9131,1.1174]；upper=1.0037/[0.9180,1.0958]；overrun=False；underrun=False
  QQ四段比率[1-10,10-50,50-90,90-99]=[0.8824,1.0172,0.9354,1.0794]；尾部曲率RMSE(lower/upper)=0.2737/0.1771；oracle外分位点=4.95%
[65/126] DEL-M_TEB-H_CHL-M_soil：MSE=135.394；RMSE=11.4495；shape-MSE/RMSE=0.0190645/0.136641；model-norm MSE/RMSE=0.000625431/0.0246079；cos=0.991897；r=0.990468；W1raw=5.483404；W1norm=0.025196
  平均谱：MSE=36.0339；cos=0.997477；r=0.997022
  train分布参照：generated/train MSE=54.9439；held-out/train MSE=197.463；ratio=0.2782
  多样性MSE：train=155.406；generated=110.196；ratio=0.7091；Pearson-distance ratio=0.6998
  峰形多样性：position-std ratio=0.8911；height-IQR ratio=0.9437；width-IQR ratio=0.9661；position frozen=0.000%
  负值：min=-31.676；<-40点=0.000000%；<-40光谱=0.000%
  training逐点包络外：lower点/光谱=0.000000%/0.000%；upper点/光谱=0.007891%/10.000%
  QQ拟合：raw R2=0.999676, RMSE=2.44111；model-normalized R2=0.999676, RMSE=0.00524658；training-standardized R2=0.993044, RMSE=0.143686
  QQ尾宽/oracle区间：lower=0.9266/[0.9133,1.1030]；upper=1.1408/[0.8965,1.1186]；overrun=True；underrun=False
  QQ四段比率[1-10,10-50,50-90,90-99]=[1.0268,0.8207,1.0094,1.2587]；尾部曲率RMSE(lower/upper)=0.1667/0.1998；oracle外分位点=17.82%
[66/126] DEL-M_TEB-H_CHL-M_water：MSE=234.995；RMSE=15.098；shape-MSE/RMSE=0.025749/0.158461；model-norm MSE/RMSE=0.00108552/0.0324496；cos=0.989335；r=0.987126；W1raw=6.913380；W1norm=0.030584
  平均谱：MSE=79.2954；cos=0.995446；r=0.994466
  train分布参照：generated/train MSE=95.7756；held-out/train MSE=169.943；ratio=0.5636
  多样性MSE：train=266.583；generated=201.43；ratio=0.7556；Pearson-distance ratio=0.8455
  峰形多样性：position-std ratio=0.9058；height-IQR ratio=0.9650；width-IQR ratio=1.1196；position frozen=0.000%
  负值：min=-44.388；<-40点=0.010521%；<-40光谱=5.000%
  training逐点包络外：lower点/光谱=0.000000%/0.000%；upper点/光谱=0.023672%/35.000%
  QQ拟合：raw R2=0.999420, RMSE=2.91337；model-normalized R2=0.999420, RMSE=0.0062616；training-standardized R2=0.989874, RMSE=0.131979
  QQ尾宽/oracle区间：lower=0.9462/[0.8943,1.1158]；upper=1.2826/[0.9094,1.0857]；overrun=True；underrun=False
  QQ四段比率[1-10,10-50,50-90,90-99]=[0.9958,0.8928,1.0244,1.6068]；尾部曲率RMSE(lower/upper)=0.2303/0.2629；oracle外分位点=8.91%
[67/126] DEL-M_TEB-H_CHL-S_soil：MSE=123.668；RMSE=11.0718；shape-MSE/RMSE=0.0203179/0.14145；model-norm MSE/RMSE=0.000571264/0.0237963；cos=0.991346；r=0.989841；W1raw=5.556423；W1norm=0.024951
  平均谱：MSE=42.0864；cos=0.996883；r=0.996331
  train分布参照：generated/train MSE=80.2018；held-out/train MSE=102.368；ratio=0.7835
  多样性MSE：train=166.302；generated=133.713；ratio=0.8040；Pearson-distance ratio=0.6977
  峰形多样性：position-std ratio=0.7907；height-IQR ratio=1.3874；width-IQR ratio=1.0431；position frozen=0.000%
  负值：min=-30.225；<-40点=0.000000%；<-40光谱=0.000%
  training逐点包络外：lower点/光谱=0.000000%/0.000%；upper点/光谱=0.000000%/0.000%
  QQ拟合：raw R2=0.999379, RMSE=2.54024；model-normalized R2=0.999379, RMSE=0.00545964；training-standardized R2=0.994120, RMSE=0.0879312
  QQ尾宽/oracle区间：lower=1.1836/[0.8813,1.1159]；upper=1.0247/[0.9180,1.0825]；overrun=True；underrun=False
  QQ四段比率[1-10,10-50,50-90,90-99]=[1.4200,0.9771,1.1217,0.9575]；尾部曲率RMSE(lower/upper)=0.2361/0.2083；oracle外分位点=0.99%
[68/126] DEL-M_TEB-H_CHL-S_water：MSE=183.971；RMSE=13.3974；shape-MSE/RMSE=0.0199877/0.139585；model-norm MSE/RMSE=0.000849825/0.0287947；cos=0.991680；r=0.990006；W1raw=5.776348；W1norm=0.025296
  平均谱：MSE=44.9329；cos=0.997658；r=0.997212
  train分布参照：generated/train MSE=99.3386；held-out/train MSE=129.061；ratio=0.7697
  多样性MSE：train=247.108；generated=234.334；ratio=0.9483；Pearson-distance ratio=0.9212
  峰形多样性：position-std ratio=0.9131；height-IQR ratio=0.8818；width-IQR ratio=0.9854；position frozen=0.000%
  负值：min=-38.801；<-40点=0.000000%；<-40光谱=0.000%
  training逐点包络外：lower点/光谱=0.000000%/0.000%；upper点/光谱=0.023672%/20.000%
  QQ拟合：raw R2=0.999156, RMSE=3.17003；model-normalized R2=0.999156, RMSE=0.00681322；training-standardized R2=0.998871, RMSE=0.112562
  QQ尾宽/oracle区间：lower=1.1295/[0.9064,1.1295]；upper=1.0269/[0.9234,1.1045]；overrun=False；underrun=False
  QQ四段比率[1-10,10-50,50-90,90-99]=[1.2298,1.0438,1.0463,1.0060]；尾部曲率RMSE(lower/upper)=0.0985/0.0343；oracle外分位点=0.99%
[69/126] DEL-M_TEB-H_soil：MSE=31.2833；RMSE=5.4963；shape-MSE/RMSE=0.0292796/0.167754；model-norm MSE/RMSE=0.000144508/0.011813；cos=0.986487；r=0.985360；W1raw=2.262577；W1norm=0.029219
  平均谱：MSE=6.81114；cos=0.997088；r=0.996835
  train分布参照：generated/train MSE=16.7655；held-out/train MSE=24.3661；ratio=0.6881
  多样性MSE：train=56.4475；generated=36.464；ratio=0.6460；Pearson-distance ratio=0.6576
  峰形多样性：position-std ratio=0.8675；height-IQR ratio=0.8156；width-IQR ratio=0.8909；position frozen=0.000%
  负值：min=-13.567；<-40点=0.000000%；<-40光谱=0.000%
  training逐点包络外：lower点/光谱=0.000000%/0.000%；upper点/光谱=0.000000%/0.000%
  QQ拟合：raw R2=0.999532, RMSE=0.767954；model-normalized R2=0.999532, RMSE=0.00165054；training-standardized R2=0.996817, RMSE=0.156694
  QQ尾宽/oracle区间：lower=1.0517/[0.9211,1.1240]；upper=1.1934/[0.8404,1.1701]；overrun=True；underrun=False
  QQ四段比率[1-10,10-50,50-90,90-99]=[1.0304,1.0864,0.9735,1.3965]；尾部曲率RMSE(lower/upper)=0.0422/0.1852；oracle外分位点=63.37%
[70/126] DEL-M_TEB-H_water：MSE=30.4635；RMSE=5.44937；shape-MSE/RMSE=0.0262708/0.160024；model-norm MSE/RMSE=0.000140721/0.0117121；cos=0.987993；r=0.986865；W1raw=2.516727；W1norm=0.028137
  平均谱：MSE=12.1681；cos=0.995047；r=0.994578
  train分布参照：generated/train MSE=14.9665；held-out/train MSE=24.039；ratio=0.6226
  多样性MSE：train=46.0111；generated=36.4203；ratio=0.7916；Pearson-distance ratio=0.7660
  峰形多样性：position-std ratio=0.8132；height-IQR ratio=0.9485；width-IQR ratio=1.0440；position frozen=10.000%
  负值：min=-16.439；<-40点=0.000000%；<-40光谱=0.000%
  training逐点包络外：lower点/光谱=0.000000%/0.000%；upper点/光谱=0.000000%/0.000%
  QQ拟合：raw R2=0.998242, RMSE=1.70242；model-normalized R2=0.998242, RMSE=0.00365896；training-standardized R2=0.987321, RMSE=0.221015
  QQ尾宽/oracle区间：lower=1.3822/[0.8776,1.1820]；upper=1.4249/[0.9170,1.1016]；overrun=True；underrun=False
  QQ四段比率[1-10,10-50,50-90,90-99]=[1.7058,1.0465,1.0820,1.7043]；尾部曲率RMSE(lower/upper)=0.3165/0.4041；oracle外分位点=7.92%
[71/126] DEL-M_TEB-M_CHL-H_soil：MSE=137.49；RMSE=11.6239；shape-MSE/RMSE=0.0387869/0.193811；model-norm MSE/RMSE=0.000635115/0.0249827；cos=0.983587；r=0.980607；W1raw=5.721584；W1norm=0.030821
  平均谱：MSE=46.6803；cos=0.994428；r=0.993344
  train分布参照：generated/train MSE=95.8449；held-out/train MSE=202.478；ratio=0.4734
  多样性MSE：train=222.892；generated=185.305；ratio=0.8314；Pearson-distance ratio=0.8381
  峰形多样性：position-std ratio=0.9525；height-IQR ratio=1.1223；width-IQR ratio=0.9059；position frozen=0.000%
  负值：min=-29.879；<-40点=0.000000%；<-40光谱=0.000%
  training逐点包络外：lower点/光谱=0.000000%/0.000%；upper点/光谱=0.000000%/0.000%
  QQ拟合：raw R2=0.999572, RMSE=2.23745；model-normalized R2=0.999572, RMSE=0.00480886；training-standardized R2=0.990249, RMSE=0.131723
  QQ尾宽/oracle区间：lower=0.9271/[0.8502,1.1378]；upper=1.2359/[0.8486,1.1428]；overrun=True；underrun=False
  QQ四段比率[1-10,10-50,50-90,90-99]=[0.8326,1.0491,1.1474,1.3209]；尾部曲率RMSE(lower/upper)=0.4209/0.1874；oracle外分位点=0.99%
[72/126] DEL-M_TEB-M_CHL-H_water：MSE=211.625；RMSE=14.4193；shape-MSE/RMSE=0.0355119/0.187564；model-norm MSE/RMSE=0.000977567/0.030991；cos=0.985244；r=0.982244；W1raw=6.900493；W1norm=0.035733
  平均谱：MSE=58.0968；cos=0.995224；r=0.994175
  train分布参照：generated/train MSE=111.852；held-out/train MSE=209.442；ratio=0.5340
  多样性MSE：train=253.82；generated=171.838；ratio=0.6770；Pearson-distance ratio=0.6045
  峰形多样性：position-std ratio=0.7296；height-IQR ratio=0.8050；width-IQR ratio=0.8015；position frozen=25.000%
  负值：min=-29.503；<-40点=0.000000%；<-40光谱=0.000%
  training逐点包络外：lower点/光谱=0.000000%/0.000%；upper点/光谱=0.002630%/5.000%
  QQ拟合：raw R2=0.999559, RMSE=1.38107；model-normalized R2=0.999559, RMSE=0.00296829；training-standardized R2=0.995707, RMSE=0.283393
  QQ尾宽/oracle区间：lower=0.7810/[0.8474,1.1812]；upper=0.7446/[0.9048,1.1528]；overrun=False；underrun=True
  QQ四段比率[1-10,10-50,50-90,90-99]=[0.7539,0.8102,0.7926,0.7041]；尾部曲率RMSE(lower/upper)=0.1645/0.2783；oracle外分位点=23.76%
[73/126] DEL-M_TEB-M_CHL-M_soil：MSE=160.673；RMSE=12.3981；shape-MSE/RMSE=0.0423756/0.202197；model-norm MSE/RMSE=0.000742201/0.0266469；cos=0.982108；r=0.978812；W1raw=5.958650；W1norm=0.034209
  平均谱：MSE=49.8913；cos=0.993775；r=0.992603
  train分布参照：generated/train MSE=96.497；held-out/train MSE=154.367；ratio=0.6251
  多样性MSE：train=203.681；generated=158.307；ratio=0.7772；Pearson-distance ratio=0.7729
  峰形多样性：position-std ratio=0.8770；height-IQR ratio=1.0066；width-IQR ratio=0.7659；position frozen=11.111%
  负值：min=-32.950；<-40点=0.000000%；<-40光谱=0.000%
  training逐点包络外：lower点/光谱=0.000000%/0.000%；upper点/光谱=0.000000%/0.000%
  QQ拟合：raw R2=0.999741, RMSE=2.56377；model-normalized R2=0.999741, RMSE=0.00551023；training-standardized R2=0.998076, RMSE=0.120448
  QQ尾宽/oracle区间：lower=1.0908/[0.9035,1.1281]；upper=1.0018/[0.8873,1.1084]；overrun=False；underrun=False
  QQ四段比率[1-10,10-50,50-90,90-99]=[1.0956,1.0857,1.0089,0.9952]；尾部曲率RMSE(lower/upper)=0.0763/0.1468；oracle外分位点=0.99%
[74/126] DEL-M_TEB-M_CHL-M_water：MSE=155.838；RMSE=12.336；shape-MSE/RMSE=0.0257713/0.15964；model-norm MSE/RMSE=0.000719866/0.0265133；cos=0.989140；r=0.987114；W1raw=5.557997；W1norm=0.030124
  平均谱：MSE=29.3947；cos=0.997849；r=0.997494
  train分布参照：generated/train MSE=82.7818；held-out/train MSE=140.861；ratio=0.5877
  多样性MSE：train=233.986；generated=183.608；ratio=0.7847；Pearson-distance ratio=0.7941
  峰形多样性：position-std ratio=0.9201；height-IQR ratio=1.1154；width-IQR ratio=1.1357；position frozen=0.000%
  负值：min=-34.463；<-40点=0.000000%；<-40光谱=0.000%
  training逐点包络外：lower点/光谱=0.000000%/0.000%；upper点/光谱=0.015781%/15.000%
  QQ拟合：raw R2=0.999796, RMSE=1.93532；model-normalized R2=0.999796, RMSE=0.00415952；training-standardized R2=0.996752, RMSE=0.118281
  QQ尾宽/oracle区间：lower=1.1058/[0.9292,1.0749]；upper=1.0711/[0.9214,1.1008]；overrun=True；underrun=False
  QQ四段比率[1-10,10-50,50-90,90-99]=[1.1095,1.1022,1.1006,1.0434]；尾部曲率RMSE(lower/upper)=0.1659/0.2328；oracle外分位点=4.95%
[75/126] DEL-M_TEB-M_CHL-S_soil：MSE=121.984；RMSE=10.899；shape-MSE/RMSE=0.032711/0.179558；model-norm MSE/RMSE=0.000563487/0.0234249；cos=0.986135；r=0.983644；W1raw=5.494163；W1norm=0.031215
  平均谱：MSE=44.162；cos=0.994103；r=0.992969
  train分布参照：generated/train MSE=71.6536；held-out/train MSE=137.359；ratio=0.5217
  多样性MSE：train=171.445；generated=133.29；ratio=0.7775；Pearson-distance ratio=0.7708
  峰形多样性：position-std ratio=0.9695；height-IQR ratio=1.0297；width-IQR ratio=1.1302；position frozen=0.000%
  负值：min=-28.914；<-40点=0.000000%；<-40光谱=0.000%
  training逐点包络外：lower点/光谱=0.000000%/0.000%；upper点/光谱=0.007891%/10.000%
  QQ拟合：raw R2=0.999316, RMSE=1.86189；model-normalized R2=0.999316, RMSE=0.00400169；training-standardized R2=0.996980, RMSE=0.0994945
  QQ尾宽/oracle区间：lower=1.1609/[0.9138,1.1030]；upper=1.2067/[0.8984,1.1213]；overrun=True；underrun=False
  QQ四段比率[1-10,10-50,50-90,90-99]=[1.2795,1.0432,1.1022,1.3104]；尾部曲率RMSE(lower/upper)=0.1317/0.1380；oracle外分位点=1.98%
[76/126] DEL-M_TEB-M_CHL-S_water：MSE=197.666；RMSE=13.7863；shape-MSE/RMSE=0.0331894/0.179308；model-norm MSE/RMSE=0.000913087/0.0296304；cos=0.986233；r=0.983405；W1raw=5.928477；W1norm=0.032065
  平均谱：MSE=44.1047；cos=0.996747；r=0.996163
  train分布参照：generated/train MSE=115.197；held-out/train MSE=182.567；ratio=0.6310
  多样性MSE：train=306.272；generated=254.846；ratio=0.8321；Pearson-distance ratio=0.8580
  峰形多样性：position-std ratio=0.9334；height-IQR ratio=1.0194；width-IQR ratio=0.8467；position frozen=10.000%
  负值：min=-36.776；<-40点=0.000000%；<-40光谱=0.000%
  training逐点包络外：lower点/光谱=0.000000%/0.000%；upper点/光谱=0.005260%/5.000%
  QQ拟合：raw R2=0.999677, RMSE=2.0426；model-normalized R2=0.999677, RMSE=0.00439008；training-standardized R2=0.994995, RMSE=0.100443
  QQ尾宽/oracle区间：lower=1.0563/[0.9114,1.1361]；upper=1.0266/[0.8627,1.1953]；overrun=False；underrun=False
  QQ四段比率[1-10,10-50,50-90,90-99]=[0.9727,1.1525,1.0562,0.9968]；尾部曲率RMSE(lower/upper)=0.2030/0.2933；oracle外分位点=0.00%
[77/126] DEL-M_TEB-M_soil：MSE=31.7165；RMSE=5.54236；shape-MSE/RMSE=0.0315622/0.175742；model-norm MSE/RMSE=0.000146509/0.011912；cos=0.985478；r=0.984219；W1raw=2.339641；W1norm=0.031081
  平均谱：MSE=8.38827；cos=0.995860；r=0.995536
  train分布参照：generated/train MSE=17.6318；held-out/train MSE=28.4381；ratio=0.6200
  多样性MSE：train=61.6437；generated=39.5457；ratio=0.6415；Pearson-distance ratio=0.5866
  峰形多样性：position-std ratio=0.6422；height-IQR ratio=0.8683；width-IQR ratio=0.9183；position frozen=10.000%
  负值：min=-12.680；<-40点=0.000000%；<-40光谱=0.000%
  training逐点包络外：lower点/光谱=0.000000%/0.000%；upper点/光谱=0.000000%/0.000%
  QQ拟合：raw R2=0.999001, RMSE=0.900151；model-normalized R2=0.999001, RMSE=0.00193466；training-standardized R2=0.994142, RMSE=0.174123
  QQ尾宽/oracle区间：lower=1.2740/[0.8709,1.1436]；upper=1.1800/[0.8902,1.1515]；overrun=True；underrun=False
  QQ四段比率[1-10,10-50,50-90,90-99]=[1.4168,1.0999,1.1267,1.2167]；尾部曲率RMSE(lower/upper)=0.1560/0.2567；oracle外分位点=7.92%
[78/126] DEL-M_TEB-M_water：MSE=34.9105；RMSE=5.84642；shape-MSE/RMSE=0.0330467/0.180044；model-norm MSE/RMSE=0.000161263/0.0125655；cos=0.985004；r=0.983477；W1raw=2.520721；W1norm=0.028935
  平均谱：MSE=9.83703；cos=0.995627；r=0.995158
  train分布参照：generated/train MSE=19.8906；held-out/train MSE=24.3038；ratio=0.8184
  多样性MSE：train=57.5829；generated=43.9831；ratio=0.7638；Pearson-distance ratio=0.7569
  峰形多样性：position-std ratio=1.0173；height-IQR ratio=1.1997；width-IQR ratio=1.0064；position frozen=0.000%
  负值：min=-23.764；<-40点=0.000000%；<-40光谱=0.000%
  training逐点包络外：lower点/光谱=0.000000%/0.000%；upper点/光谱=0.017844%/5.000%
  QQ拟合：raw R2=0.999420, RMSE=0.92221；model-normalized R2=0.999420, RMSE=0.00198208；training-standardized R2=0.985800, RMSE=0.256215
  QQ尾宽/oracle区间：lower=1.5825/[0.8031,1.2319]；upper=1.3836/[0.9035,1.1104]；overrun=True；underrun=False
  QQ四段比率[1-10,10-50,50-90,90-99]=[1.9312,1.2135,1.0281,1.7555]；尾部曲率RMSE(lower/upper)=0.4240/0.2885；oracle外分位点=7.92%
[79/126] DEL-M_TEB-S_CHL-H_soil：MSE=163.973；RMSE=12.5776；shape-MSE/RMSE=0.0614336/0.244399；model-norm MSE/RMSE=0.000757445/0.0270327；cos=0.973610；r=0.969283；W1raw=5.734093；W1norm=0.040388
  平均谱：MSE=41.8145；cos=0.991108；r=0.989481
  train分布参照：generated/train MSE=93.0094；held-out/train MSE=219.61；ratio=0.4235
  多样性MSE：train=222.001；generated=164.689；ratio=0.7418；Pearson-distance ratio=0.7539
  峰形多样性：position-std ratio=1.0555；height-IQR ratio=0.7435；width-IQR ratio=0.9139；position frozen=0.000%
  负值：min=-34.541；<-40点=0.000000%；<-40光谱=0.000%
  training逐点包络外：lower点/光谱=0.000000%/0.000%；upper点/光谱=0.047344%/15.000%
  QQ拟合：raw R2=0.998812, RMSE=2.10257；model-normalized R2=0.998812, RMSE=0.00451898；training-standardized R2=0.994906, RMSE=0.0777108
  QQ尾宽/oracle区间：lower=0.9760/[0.8748,1.1380]；upper=0.9070/[0.9078,1.1185]；overrun=False；underrun=True
  QQ四段比率[1-10,10-50,50-90,90-99]=[0.9352,1.0232,1.0805,0.7841]；尾部曲率RMSE(lower/upper)=0.1826/0.3026；oracle外分位点=2.97%
[80/126] DEL-M_TEB-S_CHL-H_water：MSE=185.068；RMSE=13.2463；shape-MSE/RMSE=0.0461533/0.211923；model-norm MSE/RMSE=0.000854891/0.0284698；cos=0.980945；r=0.976923；W1raw=5.999156；W1norm=0.038373
  平均谱：MSE=36.8628；cos=0.995060；r=0.993956
  train分布参照：generated/train MSE=92.1357；held-out/train MSE=218.575；ratio=0.4215
  多样性MSE：train=281.834；generated=208.46；ratio=0.7397；Pearson-distance ratio=0.9984
  峰形多样性：position-std ratio=0.7974；height-IQR ratio=0.9832；width-IQR ratio=1.3838；position frozen=0.000%
  负值：min=-63.622；<-40点=0.031562%；<-40光谱=10.000%
  training逐点包络外：lower点/光谱=0.000000%/0.000%；upper点/光谱=0.000000%/0.000%
  QQ拟合：raw R2=0.998606, RMSE=2.10234；model-normalized R2=0.998606, RMSE=0.00451849；training-standardized R2=0.996393, RMSE=0.0687054
  QQ尾宽/oracle区间：lower=1.0250/[0.9022,1.1375]；upper=0.9102/[0.8959,1.1128]；overrun=False；underrun=False
  QQ四段比率[1-10,10-50,50-90,90-99]=[1.0008,1.0453,1.0363,0.7967]；尾部曲率RMSE(lower/upper)=0.1694/0.2228；oracle外分位点=1.98%
[81/126] DEL-M_TEB-S_CHL-M_soil：MSE=140.261；RMSE=11.6436；shape-MSE/RMSE=0.0588129/0.240066；model-norm MSE/RMSE=0.000647914/0.0250251；cos=0.974829；r=0.970594；W1raw=6.147721；W1norm=0.046286
  平均谱：MSE=44.6584；cos=0.989601；r=0.987760
  train分布参照：generated/train MSE=73.2382；held-out/train MSE=215.191；ratio=0.3403
  多样性MSE：train=161.038；generated=114.356；ratio=0.7101；Pearson-distance ratio=0.7170
  峰形多样性：position-std ratio=0.9008；height-IQR ratio=1.0236；width-IQR ratio=0.8465；position frozen=0.000%
  负值：min=-30.933；<-40点=0.000000%；<-40光谱=0.000%
  training逐点包络外：lower点/光谱=0.000000%/0.000%；upper点/光谱=0.002630%/5.000%
  QQ拟合：raw R2=0.997991, RMSE=2.624；model-normalized R2=0.997991, RMSE=0.00563967；training-standardized R2=0.994073, RMSE=0.213713
  QQ尾宽/oracle区间：lower=0.7893/[0.9022,1.1051]；upper=0.9637/[0.8894,1.1775]；overrun=False；underrun=True
  QQ四段比率[1-10,10-50,50-90,90-99]=[0.7587,0.8214,0.9386,0.9887]；尾部曲率RMSE(lower/upper)=0.3201/0.0725；oracle外分位点=14.85%
[82/126] DEL-M_TEB-S_CHL-M_water：MSE=335.491；RMSE=17.5435；shape-MSE/RMSE=0.0657653/0.253264；model-norm MSE/RMSE=0.00154974/0.0377056；cos=0.973205；r=0.967117；W1raw=6.679878；W1norm=0.046951
  平均谱：MSE=75.3595；cos=0.994538；r=0.993229
  train分布参照：generated/train MSE=180.661；held-out/train MSE=181.091；ratio=0.9976
  多样性MSE：train=323.778；generated=228.115；ratio=0.7045；Pearson-distance ratio=0.7650
  峰形多样性：position-std ratio=0.9031；height-IQR ratio=1.0527；width-IQR ratio=1.1119；position frozen=0.000%
  负值：min=-29.672；<-40点=0.000000%；<-40光谱=0.000%
  training逐点包络外：lower点/光谱=0.000000%/0.000%；upper点/光谱=0.000000%/0.000%
  QQ拟合：raw R2=0.999267, RMSE=5.98137；model-normalized R2=0.999267, RMSE=0.0128555；training-standardized R2=0.994967, RMSE=0.213823
  QQ尾宽/oracle区间：lower=1.1044/[0.9194,1.1163]；upper=0.9850/[0.8879,1.1380]；overrun=False；underrun=False
  QQ四段比率[1-10,10-50,50-90,90-99]=[1.2083,1.0094,0.8913,1.0813]；尾部曲率RMSE(lower/upper)=0.1363/0.2165；oracle外分位点=27.72%
[83/126] DEL-M_TEB-S_CHL-S_soil：MSE=208.277；RMSE=14.3106；shape-MSE/RMSE=0.0783812/0.277977；model-norm MSE/RMSE=0.000962099/0.0307573；cos=0.966729；r=0.960809；W1raw=5.961554；W1norm=0.051020
  平均谱：MSE=56.4456；cos=0.986779；r=0.984321
  train分布参照：generated/train MSE=77.7046；held-out/train MSE=148.957；ratio=0.5217
  多样性MSE：train=176.481；generated=119.104；ratio=0.6749；Pearson-distance ratio=0.6650
  峰形多样性：position-std ratio=0.7719；height-IQR ratio=0.8080；width-IQR ratio=0.8500；position frozen=10.000%
  负值：min=-31.073；<-40点=0.000000%；<-40光谱=0.000%
  training逐点包络外：lower点/光谱=0.000000%/0.000%；upper点/光谱=0.015781%/30.000%
  QQ拟合：raw R2=0.997534, RMSE=4.12287；model-normalized R2=0.997534, RMSE=0.00886115；training-standardized R2=0.993421, RMSE=0.174943
  QQ尾宽/oracle区间：lower=1.2122/[0.9345,1.0867]；upper=1.0101/[0.8998,1.1376]；overrun=True；underrun=False
  QQ四段比率[1-10,10-50,50-90,90-99]=[1.3792,1.0268,0.9174,1.0968]；尾部曲率RMSE(lower/upper)=0.2018/0.2074；oracle外分位点=16.83%
[84/126] DEL-M_TEB-S_CHL-S_water：MSE=241.492；RMSE=15.1797；shape-MSE/RMSE=0.0463296/0.209196；model-norm MSE/RMSE=0.00111553/0.0326252；cos=0.980998；r=0.976835；W1raw=7.207558；W1norm=0.048188
  平均谱：MSE=76.2747；cos=0.991692；r=0.989988
  train分布参照：generated/train MSE=86.0655；held-out/train MSE=304.795；ratio=0.2824
  多样性MSE：train=231.474；generated=185.151；ratio=0.7999；Pearson-distance ratio=0.7703
  峰形多样性：position-std ratio=0.7045；height-IQR ratio=0.8745；width-IQR ratio=0.9395；position frozen=10.000%
  负值：min=-27.781；<-40点=0.000000%；<-40光谱=0.000%
  training逐点包络外：lower点/光谱=0.000000%/0.000%；upper点/光谱=0.007891%/5.000%
  QQ拟合：raw R2=0.997357, RMSE=5.0834；model-normalized R2=0.997357, RMSE=0.0109256；training-standardized R2=0.997371, RMSE=0.268058
  QQ尾宽/oracle区间：lower=0.8546/[0.9296,1.1240]；upper=0.8297/[0.8596,1.1723]；overrun=False；underrun=True
  QQ四段比率[1-10,10-50,50-90,90-99]=[0.8470,0.8618,0.9016,0.7633]；尾部曲率RMSE(lower/upper)=0.1469/0.1842；oracle外分位点=27.72%
[85/126] DEL-M_TEB-S_soil：MSE=34.5582；RMSE=5.81017；shape-MSE/RMSE=0.0362642/0.188631；model-norm MSE/RMSE=0.000159636/0.0124876；cos=0.983264；r=0.981868；W1raw=2.649066；W1norm=0.034866
  平均谱：MSE=11.9339；cos=0.994046；r=0.993498
  train分布参照：generated/train MSE=19.0414；held-out/train MSE=28.9974；ratio=0.6567
  多样性MSE：train=62.5652；generated=45.4034；ratio=0.7257；Pearson-distance ratio=0.7327
  峰形多样性：position-std ratio=0.8904；height-IQR ratio=0.9247；width-IQR ratio=1.1561；position frozen=10.000%
  负值：min=-17.642；<-40点=0.000000%；<-40光谱=0.000%
  training逐点包络外：lower点/光谱=0.000000%/0.000%；upper点/光谱=0.000000%/0.000%
  QQ拟合：raw R2=0.998652, RMSE=1.32778；model-normalized R2=0.998652, RMSE=0.00285376；training-standardized R2=0.967728, RMSE=0.614143
  QQ尾宽/oracle区间：lower=2.1186/[0.8631,1.1375]；upper=1.8066/[0.8576,1.1902]；overrun=True；underrun=False
  QQ四段比率[1-10,10-50,50-90,90-99]=[2.7002,1.3980,1.2099,2.2591]；尾部曲率RMSE(lower/upper)=1.1048/0.7889；oracle外分位点=25.74%
[86/126] DEL-M_TEB-S_water：MSE=37.9335；RMSE=6.03405；shape-MSE/RMSE=0.0415423/0.199663；model-norm MSE/RMSE=0.000175227/0.0129688；cos=0.981066；r=0.979229；W1raw=3.066319；W1norm=0.036223
  平均谱：MSE=24.273；cos=0.988357；r=0.987127
  train分布参照：generated/train MSE=15.0725；held-out/train MSE=31.4406；ratio=0.4794
  多样性MSE：train=46.5944；generated=30.9154；ratio=0.6635；Pearson-distance ratio=0.6746
  峰形多样性：position-std ratio=0.7484；height-IQR ratio=0.8416；width-IQR ratio=0.8551；position frozen=10.000%
  负值：min=-17.515；<-40点=0.000000%；<-40光谱=0.000%
  training逐点包络外：lower点/光谱=0.000000%/0.000%；upper点/光谱=0.000000%/0.000%
  QQ拟合：raw R2=0.998059, RMSE=1.89103；model-normalized R2=0.998059, RMSE=0.00406433；training-standardized R2=0.984360, RMSE=0.227235
  QQ尾宽/oracle区间：lower=1.3103/[0.9098,1.1030]；upper=1.4824/[0.9105,1.1540]；overrun=True；underrun=False
  QQ四段比率[1-10,10-50,50-90,90-99]=[1.5796,0.9918,1.0703,1.8677]；尾部曲率RMSE(lower/upper)=0.3241/0.4413；oracle外分位点=4.95%
[87/126] DEL-M_soil：MSE=645.756；RMSE=23.8312；shape-MSE/RMSE=0.127484/0.334721；model-norm MSE/RMSE=0.00298297/0.0512195；cos=0.947959；r=0.936258；W1raw=12.316380；W1norm=0.083597
  平均谱：MSE=505.581；cos=0.986103；r=0.982651
  train分布参照：generated/train MSE=266.802；held-out/train MSE=305.084；ratio=0.8745
  多样性MSE：train=609.855；generated=591.69；ratio=0.9702；Pearson-distance ratio=1.1784
  峰形多样性：position-std ratio=0.9574；height-IQR ratio=0.9212；width-IQR ratio=1.1645；position frozen=10.000%
  负值：min=-71.004；<-40点=0.099929%；<-40光谱=10.000%
  training逐点包络外：lower点/光谱=0.210564%/15.000%；upper点/光谱=0.064240%/15.000%
  QQ拟合：raw R2=0.997623, RMSE=18.5543；model-normalized R2=0.997623, RMSE=0.0398781；training-standardized R2=0.997678, RMSE=0.252256
  QQ尾宽/oracle区间：lower=0.8357/[0.7838,1.2923]；upper=0.8781/[0.6591,1.4867]；overrun=False；underrun=False
  QQ四段比率[1-10,10-50,50-90,90-99]=[0.7006,1.0078,0.9045,0.8430]；尾部曲率RMSE(lower/upper)=0.1081/0.0318；oracle外分位点=0.00%
[88/126] DEL-M_water：MSE=1963.37；RMSE=41.3219；shape-MSE/RMSE=0.0907642/0.295694；model-norm MSE/RMSE=0.00906945/0.0888118；cos=0.962238；r=0.954618；W1raw=12.891964；W1norm=0.052805
  平均谱：MSE=149.173；cos=0.990920；r=0.988936
  train分布参照：generated/train MSE=449.383；held-out/train MSE=891.132；ratio=0.5043
  多样性MSE：train=1950；generated=1381.11；ratio=0.7083；Pearson-distance ratio=0.9977
  峰形多样性：position-std ratio=1.0715；height-IQR ratio=1.0620；width-IQR ratio=0.8635；position frozen=0.000%
  负值：min=-45.197；<-40点=0.046395%；<-40光谱=10.000%
  training逐点包络外：lower点/光谱=0.010707%/5.000%；upper点/光谱=0.049964%/20.000%
  QQ拟合：raw R2=0.983129, RMSE=12.3443；model-normalized R2=0.983129, RMSE=0.0265311；training-standardized R2=0.992124, RMSE=0.169202
  QQ尾宽/oracle区间：lower=0.9278/[0.8626,1.2220]；upper=0.7282/[0.8655,1.1684]；overrun=False；underrun=True
  QQ四段比率[1-10,10-50,50-90,90-99]=[0.9488,0.9091,0.8733,0.6046]；尾部曲率RMSE(lower/upper)=0.0323/0.3338；oracle外分位点=5.94%
[89/126] DEL-S_CHL-H_soil：MSE=185.456；RMSE=13.4143；shape-MSE/RMSE=0.0749584/0.27092；model-norm MSE/RMSE=0.000856684/0.0288308；cos=0.966109；r=0.962521；W1raw=6.022549；W1norm=0.044982
  平均谱：MSE=37.3009；cos=0.992465；r=0.991627
  train分布参照：generated/train MSE=101.696；held-out/train MSE=142.618；ratio=0.7131
  多样性MSE：train=255.223；generated=247.711；ratio=0.9706；Pearson-distance ratio=0.9155
  峰形多样性：position-std ratio=0.8679；height-IQR ratio=0.9230；width-IQR ratio=0.9337；position frozen=0.000%
  负值：min=-41.112；<-40点=0.002630%；<-40光谱=5.000%
  training逐点包络外：lower点/光谱=0.013151%/5.000%；upper点/光谱=0.023672%/10.000%
  QQ拟合：raw R2=0.997438, RMSE=2.58069；model-normalized R2=0.997438, RMSE=0.00554659；training-standardized R2=0.990533, RMSE=0.130086
  QQ尾宽/oracle区间：lower=0.8739/[0.8450,1.1757]；upper=0.8305/[0.8775,1.1387]；overrun=False；underrun=True
  QQ四段比率[1-10,10-50,50-90,90-99]=[0.7002,1.1472,1.0199,0.6956]；尾部曲率RMSE(lower/upper)=0.3015/0.3705；oracle外分位点=19.80%
[90/126] DEL-S_CHL-H_water：MSE=273.049；RMSE=16.2237；shape-MSE/RMSE=0.0797561/0.27908；model-norm MSE/RMSE=0.0012613/0.0348691；cos=0.964442；r=0.960122；W1raw=7.205679；W1norm=0.054241
  平均谱：MSE=96.8971；cos=0.984387；r=0.982648
  train分布参照：generated/train MSE=93.4784；held-out/train MSE=166.982；ratio=0.5598
  多样性MSE：train=278.835；generated=184.178；ratio=0.6605；Pearson-distance ratio=0.6449
  峰形多样性：position-std ratio=0.8152；height-IQR ratio=0.8934；width-IQR ratio=0.7040；position frozen=0.000%
  负值：min=-37.863；<-40点=0.000000%；<-40光谱=0.000%
  training逐点包络外：lower点/光谱=0.007891%/5.000%；upper点/光谱=0.023672%/25.000%
  QQ拟合：raw R2=0.993878, RMSE=5.49911；model-normalized R2=0.993878, RMSE=0.011819；training-standardized R2=0.993556, RMSE=0.180698
  QQ尾宽/oracle区间：lower=0.8335/[0.8594,1.1613]；upper=0.7782/[0.9144,1.1028]；overrun=False；underrun=True
  QQ四段比率[1-10,10-50,50-90,90-99]=[0.7338,0.9801,0.8652,0.7001]；尾部曲率RMSE(lower/upper)=0.1986/0.3268；oracle外分位点=15.84%
[91/126] DEL-S_CHL-M_soil：MSE=156.588；RMSE=12.2689；shape-MSE/RMSE=0.0876408/0.285995；model-norm MSE/RMSE=0.000723334/0.026369；cos=0.960478；r=0.956180；W1raw=5.591709；W1norm=0.048512
  平均谱：MSE=26.7671；cos=0.992544；r=0.992020
  train分布参照：generated/train MSE=79.5781；held-out/train MSE=174.244；ratio=0.4567
  多样性MSE：train=252.584；generated=177.236；ratio=0.7017；Pearson-distance ratio=0.6877
  峰形多样性：position-std ratio=0.9597；height-IQR ratio=1.0284；width-IQR ratio=1.0859；position frozen=0.000%
  负值：min=-39.634；<-40点=0.000000%；<-40光谱=0.000%
  training逐点包络外：lower点/光谱=0.000000%/0.000%；upper点/光谱=0.000000%/0.000%
  QQ拟合：raw R2=0.997704, RMSE=2.73272；model-normalized R2=0.997704, RMSE=0.00587333；training-standardized R2=0.987717, RMSE=0.159496
  QQ尾宽/oracle区间：lower=0.7812/[0.8945,1.1527]；upper=1.0309/[0.8240,1.1800]；overrun=False；underrun=True
  QQ四段比率[1-10,10-50,50-90,90-99]=[0.6363,1.0280,1.0362,1.0254]；尾部曲率RMSE(lower/upper)=0.4979/0.1283；oracle外分位点=41.58%
[92/126] DEL-S_CHL-M_water：MSE=228.263；RMSE=14.9267；shape-MSE/RMSE=0.116799/0.337167；model-norm MSE/RMSE=0.00105443/0.0320814；cos=0.947080；r=0.941600；W1raw=7.268085；W1norm=0.065092
  平均谱：MSE=131.313；cos=0.966752；r=0.962496
  train分布参照：generated/train MSE=103.225；held-out/train MSE=235.796；ratio=0.4378
  多样性MSE：train=293.192；generated=236.481；ratio=0.8066；Pearson-distance ratio=0.6975
  峰形多样性：position-std ratio=0.8610；height-IQR ratio=0.8516；width-IQR ratio=0.9212；position frozen=0.000%
  负值：min=-63.146；<-40点=0.118359%；<-40光谱=35.000%
  training逐点包络外：lower点/光谱=0.000000%/0.000%；upper点/光谱=0.000000%/0.000%
  QQ拟合：raw R2=0.995750, RMSE=5.57899；model-normalized R2=0.995750, RMSE=0.0119907；training-standardized R2=0.997684, RMSE=0.0755843
  QQ尾宽/oracle区间：lower=1.0460/[0.8954,1.1238]；upper=1.0468/[0.8628,1.2024]；overrun=False；underrun=False
  QQ四段比率[1-10,10-50,50-90,90-99]=[1.0207,1.0740,1.0027,1.0885]；尾部曲率RMSE(lower/upper)=0.1512/0.1294；oracle外分位点=0.00%
[93/126] DEL-S_CHL-S_soil：MSE=222.77；RMSE=14.6184；shape-MSE/RMSE=0.114373/0.332971；model-norm MSE/RMSE=0.00102905/0.0314189；cos=0.948353；r=0.942814；W1raw=6.081796；W1norm=0.064905
  平均谱：MSE=42.6883；cos=0.990886；r=0.989995
  train分布参照：generated/train MSE=92.1528；held-out/train MSE=132.246；ratio=0.6968
  多样性MSE：train=267.606；generated=201.11；ratio=0.7515；Pearson-distance ratio=0.8475
  峰形多样性：position-std ratio=0.9387；height-IQR ratio=0.8044；width-IQR ratio=0.6616；position frozen=0.000%
  负值：min=-56.916；<-40点=0.068385%；<-40光谱=15.000%
  training逐点包络外：lower点/光谱=0.000000%/0.000%；upper点/光谱=0.002630%/5.000%
  QQ拟合：raw R2=0.997503, RMSE=4.68244；model-normalized R2=0.997503, RMSE=0.0100638；training-standardized R2=0.996764, RMSE=0.07823
  QQ尾宽/oracle区间：lower=0.8474/[0.8585,1.1501]；upper=0.9900/[0.9227,1.1067]；overrun=False；underrun=True
  QQ四段比率[1-10,10-50,50-90,90-99]=[0.7342,1.0184,0.9959,0.9839]；尾部曲率RMSE(lower/upper)=0.2299/0.0631；oracle外分位点=0.99%
[94/126] DEL-S_CHL-S_water：MSE=190.877；RMSE=13.4677；shape-MSE/RMSE=0.150016/0.378093；model-norm MSE/RMSE=0.000881726/0.0289456；cos=0.933058；r=0.924992；W1raw=6.078379；W1norm=0.068721
  平均谱：MSE=67.4278；cos=0.978521；r=0.975571
  train分布参照：generated/train MSE=99.8431；held-out/train MSE=154.484；ratio=0.6463
  多样性MSE：train=273.902；generated=226.413；ratio=0.8266；Pearson-distance ratio=0.8335
  峰形多样性：position-std ratio=0.9871；height-IQR ratio=0.8966；width-IQR ratio=1.1378；position frozen=0.000%
  负值：min=-40.555；<-40点=0.007891%；<-40光谱=5.000%
  training逐点包络外：lower点/光谱=0.000000%/0.000%；upper点/光谱=0.015781%/15.000%
  QQ拟合：raw R2=0.997817, RMSE=3.93116；model-normalized R2=0.997817, RMSE=0.00844911；training-standardized R2=0.997058, RMSE=0.109321
  QQ尾宽/oracle区间：lower=1.1881/[0.9092,1.1034]；upper=1.1270/[0.9209,1.0718]；overrun=True；underrun=False
  QQ四段比率[1-10,10-50,50-90,90-99]=[1.2345,1.1318,1.0805,1.1691]；尾部曲率RMSE(lower/upper)=0.1740/0.1367；oracle外分位点=15.84%
[95/126] DEL-S_TEB-H_CHL-H_soil：MSE=174.193；RMSE=13.0095；shape-MSE/RMSE=0.0441288/0.206464；model-norm MSE/RMSE=0.000804657/0.0279608；cos=0.981171；r=0.977936；W1raw=6.107114；W1norm=0.032919
  平均谱：MSE=50.723；cos=0.994265；r=0.993256
  train分布参照：generated/train MSE=98.2038；held-out/train MSE=173.254；ratio=0.5668
  多样性MSE：train=239.819；generated=203.716；ratio=0.8495；Pearson-distance ratio=1.0584
  峰形多样性：position-std ratio=0.7915；height-IQR ratio=0.9379；width-IQR ratio=0.9994；position frozen=11.111%
  负值：min=-42.364；<-40点=0.010521%；<-40光谱=5.000%
  training逐点包络外：lower点/光谱=0.000000%/0.000%；upper点/光谱=0.023672%/15.000%
  QQ拟合：raw R2=0.999729, RMSE=2.72656；model-normalized R2=0.999729, RMSE=0.0058601；training-standardized R2=0.994683, RMSE=0.0898415
  QQ尾宽/oracle区间：lower=0.9689/[0.8192,1.2245]；upper=0.8165/[0.8783,1.1611]；overrun=False；underrun=True
  QQ四段比率[1-10,10-50,50-90,90-99]=[0.8985,1.0376,1.0341,0.6562]；尾部曲率RMSE(lower/upper)=0.1246/0.2965；oracle外分位点=1.98%
[96/126] DEL-S_TEB-H_CHL-H_water：MSE=314.859；RMSE=17.3099；shape-MSE/RMSE=0.0307323/0.17254；model-norm MSE/RMSE=0.00145444/0.0372035；cos=0.987147；r=0.984634；W1raw=7.743372；W1norm=0.039842
  平均谱：MSE=132.431；cos=0.993885；r=0.992591
  train分布参照：generated/train MSE=107.795；held-out/train MSE=256.421；ratio=0.4204
  多样性MSE：train=279.189；generated=213.868；ratio=0.7660；Pearson-distance ratio=0.8220
  峰形多样性：position-std ratio=0.7965；height-IQR ratio=0.9679；width-IQR ratio=0.8865；position frozen=0.000%
  负值：min=-45.525；<-40点=0.010521%；<-40光谱=5.000%
  training逐点包络外：lower点/光谱=0.000000%/0.000%；upper点/光谱=0.000000%/0.000%
  QQ拟合：raw R2=0.998536, RMSE=6.68228；model-normalized R2=0.998536, RMSE=0.014362；training-standardized R2=0.994251, RMSE=0.138586
  QQ尾宽/oracle区间：lower=1.0152/[0.8638,1.1374]；upper=1.2885/[0.8835,1.1158]；overrun=True；underrun=False
  QQ四段比率[1-10,10-50,50-90,90-99]=[1.0693,0.9647,1.1360,1.4654]；尾部曲率RMSE(lower/upper)=0.1745/0.1683；oracle外分位点=0.99%
[97/126] DEL-S_TEB-H_CHL-M_soil：MSE=175.737；RMSE=13.0752；shape-MSE/RMSE=0.041977/0.203313；model-norm MSE/RMSE=0.000811786/0.0281021；cos=0.982239；r=0.979012；W1raw=5.985361；W1norm=0.033165
  平均谱：MSE=36.3634；cos=0.995800；r=0.994973
  train分布参照：generated/train MSE=91.3495；held-out/train MSE=219.793；ratio=0.4156
  多样性MSE：train=210.78；generated=181.997；ratio=0.8634；Pearson-distance ratio=0.9092
  峰形多样性：position-std ratio=1.0247；height-IQR ratio=0.9922；width-IQR ratio=1.0891；position frozen=0.000%
  负值：min=-35.513；<-40点=0.000000%；<-40光谱=0.000%
  training逐点包络外：lower点/光谱=0.000000%/0.000%；upper点/光谱=0.018411%/10.000%
  QQ拟合：raw R2=0.999640, RMSE=1.51155；model-normalized R2=0.999640, RMSE=0.00324871；training-standardized R2=0.997063, RMSE=0.0970229
  QQ尾宽/oracle区间：lower=1.0750/[0.9364,1.0825]；upper=0.9775/[0.8996,1.1320]；overrun=False；underrun=False
  QQ四段比率[1-10,10-50,50-90,90-99]=[1.2513,0.9303,0.9699,0.9853]；尾部曲率RMSE(lower/upper)=0.1280/0.1180；oracle外分位点=6.93%
[98/126] DEL-S_TEB-H_CHL-M_water：MSE=161.439；RMSE=12.5874；shape-MSE/RMSE=0.0265466/0.160914；model-norm MSE/RMSE=0.000745739/0.0270537；cos=0.988881；r=0.986727；W1raw=6.151335；W1norm=0.032916
  平均谱：MSE=66.7862；cos=0.994627；r=0.993511
  train分布参照：generated/train MSE=96.4142；held-out/train MSE=305.764；ratio=0.3153
  多样性MSE：train=214.897；generated=194.938；ratio=0.9071；Pearson-distance ratio=0.8365
  峰形多样性：position-std ratio=0.8533；height-IQR ratio=1.1718；width-IQR ratio=1.0515；position frozen=0.000%
  负值：min=-40.496；<-40点=0.002630%；<-40光谱=5.000%
  training逐点包络外：lower点/光谱=0.000000%/0.000%；upper点/光谱=0.002630%/5.000%
  QQ拟合：raw R2=0.998999, RMSE=2.77146；model-normalized R2=0.998999, RMSE=0.00595659；training-standardized R2=0.979530, RMSE=0.178744
  QQ尾宽/oracle区间：lower=0.6729/[0.8520,1.1866]；upper=1.0226/[0.9067,1.1221]；overrun=False；underrun=True
  QQ四段比率[1-10,10-50,50-90,90-99]=[0.4866,0.9934,1.0495,0.9946]；尾部曲率RMSE(lower/upper)=0.6605/0.1523；oracle外分位点=4.95%
[99/126] DEL-S_TEB-H_CHL-S_soil：MSE=159.62；RMSE=12.4074；shape-MSE/RMSE=0.0426678/0.204544；model-norm MSE/RMSE=0.000737337/0.0266669；cos=0.981780；r=0.978666；W1raw=5.367867；W1norm=0.031596
  平均谱：MSE=29.0728；cos=0.995744；r=0.994925
  train分布参照：generated/train MSE=109.018；held-out/train MSE=187.755；ratio=0.5806
  多样性MSE：train=231.258；generated=172.502；ratio=0.7459；Pearson-distance ratio=0.9190
  峰形多样性：position-std ratio=0.8335；height-IQR ratio=0.7424；width-IQR ratio=1.0828；position frozen=0.000%
  负值：min=-41.567；<-40点=0.007891%；<-40光谱=5.000%
  training逐点包络外：lower点/光谱=0.000000%/0.000%；upper点/光谱=0.000000%/0.000%
  QQ拟合：raw R2=0.998078, RMSE=2.8312；model-normalized R2=0.998078, RMSE=0.006085；training-standardized R2=0.997271, RMSE=0.0559126
  QQ尾宽/oracle区间：lower=0.9713/[0.9163,1.1423]；upper=1.0804/[0.9285,1.1350]；overrun=False；underrun=False
  QQ四段比率[1-10,10-50,50-90,90-99]=[0.9812,0.9622,1.0636,1.0967]；尾部曲率RMSE(lower/upper)=0.1517/0.1229；oracle外分位点=0.00%
[100/126] DEL-S_TEB-H_CHL-S_water：MSE=346.034；RMSE=17.603；shape-MSE/RMSE=0.0358374/0.186876；model-norm MSE/RMSE=0.00159845/0.0378336；cos=0.985080；r=0.982081；W1raw=6.706264；W1norm=0.038963
  平均谱：MSE=74.7168；cos=0.994554；r=0.993409
  train分布参照：generated/train MSE=103.217；held-out/train MSE=234.514；ratio=0.4401
  多样性MSE：train=234.555；generated=172.394；ratio=0.7350；Pearson-distance ratio=0.7592
  峰形多样性：position-std ratio=1.0030；height-IQR ratio=0.9193；width-IQR ratio=1.0544；position frozen=0.000%
  负值：min=-36.092；<-40点=0.000000%；<-40光谱=0.000%
  training逐点包络外：lower点/光谱=0.000000%/0.000%；upper点/光谱=0.026302%/5.000%
  QQ拟合：raw R2=0.998506, RMSE=4.42008；model-normalized R2=0.998506, RMSE=0.00949992；training-standardized R2=0.991877, RMSE=0.178236
  QQ尾宽/oracle区间：lower=0.9195/[0.8447,1.1763]；upper=0.7468/[0.8814,1.1548]；overrun=False；underrun=True
  QQ四段比率[1-10,10-50,50-90,90-99]=[0.8703,0.9668,0.9279,0.6101]；尾部曲率RMSE(lower/upper)=0.0767/0.3900；oracle外分位点=3.96%
[101/126] DEL-S_TEB-H_soil：MSE=34.9748；RMSE=5.80689；shape-MSE/RMSE=0.0347862/0.183174；model-norm MSE/RMSE=0.000161561/0.0124805；cos=0.984076；r=0.982607；W1raw=2.489724；W1norm=0.033283
  平均谱：MSE=9.36679；cos=0.995921；r=0.995536
  train分布参照：generated/train MSE=17.6088；held-out/train MSE=29.5199；ratio=0.5965
  多样性MSE：train=57.3686；generated=39.3739；ratio=0.6863；Pearson-distance ratio=0.7130
  峰形多样性：position-std ratio=0.9093；height-IQR ratio=0.8437；width-IQR ratio=0.9488；position frozen=0.000%
  负值：min=-16.354；<-40点=0.000000%；<-40光谱=0.000%
  training逐点包络外：lower点/光谱=0.000000%/0.000%；upper点/光谱=0.003569%/5.000%
  QQ拟合：raw R2=0.997530, RMSE=1.35009；model-normalized R2=0.997530, RMSE=0.0029017；training-standardized R2=0.976984, RMSE=0.261236
  QQ尾宽/oracle区间：lower=1.5720/[0.8184,1.2076]；upper=1.3767/[0.8888,1.1566]；overrun=True；underrun=False
  QQ四段比率[1-10,10-50,50-90,90-99]=[1.9620,1.1503,0.9019,1.8874]；尾部曲率RMSE(lower/upper)=0.5431/0.4083；oracle外分位点=10.89%
[102/126] DEL-S_TEB-H_water：MSE=41.7039；RMSE=6.35686；shape-MSE/RMSE=0.0380267/0.192005；model-norm MSE/RMSE=0.000192644/0.0136626；cos=0.982692；r=0.980987；W1raw=2.519669；W1norm=0.030046
  平均谱：MSE=12.52；cos=0.994530；r=0.993978
  train分布参照：generated/train MSE=21.4132；held-out/train MSE=32.7199；ratio=0.6544
  多样性MSE：train=67.2656；generated=46.915；ratio=0.6975；Pearson-distance ratio=0.6884
  峰形多样性：position-std ratio=0.7310；height-IQR ratio=0.7776；width-IQR ratio=0.8847；position frozen=10.000%
  负值：min=-16.980；<-40点=0.000000%；<-40光谱=0.000%
  training逐点包络外：lower点/光谱=0.000000%/0.000%；upper点/光谱=0.000000%/0.000%
  QQ拟合：raw R2=0.999146, RMSE=0.868165；model-normalized R2=0.999146, RMSE=0.00186592；training-standardized R2=0.996215, RMSE=0.123521
  QQ尾宽/oracle区间：lower=1.0146/[0.8965,1.0984]；upper=1.1287/[0.9103,1.1006]；overrun=True；underrun=False
  QQ四段比率[1-10,10-50,50-90,90-99]=[0.9378,1.1180,1.0733,1.1766]；尾部曲率RMSE(lower/upper)=0.2362/0.2259；oracle外分位点=29.70%
[103/126] DEL-S_TEB-M_CHL-H_soil：MSE=133.984；RMSE=11.3958；shape-MSE/RMSE=0.0415473/0.20207；model-norm MSE/RMSE=0.000618919/0.0244926；cos=0.982620；r=0.979226；W1raw=5.302516；W1norm=0.034191
  平均谱：MSE=33.0812；cos=0.993912；r=0.992924
  train分布参照：generated/train MSE=78.3784；held-out/train MSE=114.691；ratio=0.6834
  多样性MSE：train=161.888；generated=112.283；ratio=0.6936；Pearson-distance ratio=0.7503
  峰形多样性：position-std ratio=0.7537；height-IQR ratio=0.9908；width-IQR ratio=0.8843；position frozen=0.000%
  负值：min=-27.558；<-40点=0.000000%；<-40光谱=0.000%
  training逐点包络外：lower点/光谱=0.000000%/0.000%；upper点/光谱=0.002630%/5.000%
  QQ拟合：raw R2=0.999059, RMSE=1.65029；model-normalized R2=0.999059, RMSE=0.00354691；training-standardized R2=0.996886, RMSE=0.122524
  QQ尾宽/oracle区间：lower=0.9965/[0.9186,1.0826]；upper=1.0557/[0.8722,1.1988]；overrun=False；underrun=False
  QQ四段比率[1-10,10-50,50-90,90-99]=[1.0224,0.9670,1.0695,1.0435]；尾部曲率RMSE(lower/upper)=0.2049/0.0618；oracle外分位点=6.93%
[104/126] DEL-S_TEB-M_CHL-H_water：MSE=202.253；RMSE=14.0509；shape-MSE/RMSE=0.0462686/0.212687；model-norm MSE/RMSE=0.000934277/0.030199；cos=0.980705；r=0.976866；W1raw=5.667076；W1norm=0.035177
  平均谱：MSE=34.4601；cos=0.995752；r=0.994850
  train分布参照：generated/train MSE=89.2894；held-out/train MSE=153.458；ratio=0.5818
  多样性MSE：train=227.025；generated=193.5；ratio=0.8523；Pearson-distance ratio=0.7356
  峰形多样性：position-std ratio=0.9830；height-IQR ratio=0.9205；width-IQR ratio=0.8331；position frozen=0.000%
  负值：min=-46.964；<-40点=0.021042%；<-40光谱=5.000%
  training逐点包络外：lower点/光谱=0.000000%/0.000%；upper点/光谱=0.010521%/5.000%
  QQ拟合：raw R2=0.999117, RMSE=1.61454；model-normalized R2=0.999117, RMSE=0.00347007；training-standardized R2=0.996253, RMSE=0.0804461
  QQ尾宽/oracle区间：lower=1.0121/[0.8482,1.1690]；upper=0.9318/[0.8302,1.2204]；overrun=False；underrun=False
  QQ四段比率[1-10,10-50,50-90,90-99]=[1.0358,0.9875,1.0076,0.8671]；尾部曲率RMSE(lower/upper)=0.1281/0.2314；oracle外分位点=1.98%
[105/126] DEL-S_TEB-M_CHL-M_soil：MSE=162.176；RMSE=12.5695；shape-MSE/RMSE=0.060926/0.24561；model-norm MSE/RMSE=0.000749147/0.0270151；cos=0.974245；r=0.969537；W1raw=5.636120；W1norm=0.041092
  平均谱：MSE=33.1881；cos=0.992555；r=0.991116
  train分布参照：generated/train MSE=74.0913；held-out/train MSE=129.886；ratio=0.5704
  多样性MSE：train=184.173；generated=132.563；ratio=0.7198；Pearson-distance ratio=0.7619
  峰形多样性：position-std ratio=0.8268；height-IQR ratio=0.6610；width-IQR ratio=0.8847；position frozen=0.000%
  负值：min=-37.401；<-40点=0.000000%；<-40光谱=0.000%
  training逐点包络外：lower点/光谱=0.000000%/0.000%；upper点/光谱=0.005260%/10.000%
  QQ拟合：raw R2=0.999541, RMSE=0.943203；model-normalized R2=0.999541, RMSE=0.00202719；training-standardized R2=0.997268, RMSE=0.0799139
  QQ尾宽/oracle区间：lower=0.9809/[0.9065,1.1342]；upper=1.0398/[0.9329,1.0906]；overrun=False；underrun=False
  QQ四段比率[1-10,10-50,50-90,90-99]=[1.0203,0.9407,1.0084,1.0706]；尾部曲率RMSE(lower/upper)=0.1937/0.1041；oracle外分位点=4.95%
[106/126] DEL-S_TEB-M_CHL-M_water：MSE=153.536；RMSE=12.2314；shape-MSE/RMSE=0.0404763/0.198918；model-norm MSE/RMSE=0.000709235/0.0262885；cos=0.983182；r=0.979762；W1raw=6.000855；W1norm=0.039677
  平均谱：MSE=38.7494；cos=0.994964；r=0.993883
  train分布参照：generated/train MSE=105.828；held-out/train MSE=196.977；ratio=0.5373
  多样性MSE：train=236.158；generated=194.469；ratio=0.8235；Pearson-distance ratio=0.8281
  峰形多样性：position-std ratio=0.9414；height-IQR ratio=0.9870；width-IQR ratio=1.3636；position frozen=0.000%
  负值：min=-33.410；<-40点=0.000000%；<-40光谱=0.000%
  training逐点包络外：lower点/光谱=0.000000%/0.000%；upper点/光谱=0.013151%/10.000%
  QQ拟合：raw R2=0.998842, RMSE=2.16305；model-normalized R2=0.998842, RMSE=0.00464897；training-standardized R2=0.997941, RMSE=0.106955
  QQ尾宽/oracle区间：lower=0.9490/[0.9172,1.1207]；upper=0.9582/[0.8589,1.1829]；overrun=False；underrun=False
  QQ四段比率[1-10,10-50,50-90,90-99]=[0.9421,0.9556,1.0065,0.9097]；尾部曲率RMSE(lower/upper)=0.1734/0.0952；oracle外分位点=0.99%
[107/126] DEL-S_TEB-M_CHL-S_soil：MSE=200.006；RMSE=13.9202；shape-MSE/RMSE=0.077961/0.276682；model-norm MSE/RMSE=0.000923897/0.0299181；cos=0.966675；r=0.961019；W1raw=6.145609；W1norm=0.047082
  平均谱：MSE=46.0918；cos=0.988752；r=0.986725
  train分布参照：generated/train MSE=68.2513；held-out/train MSE=185.871；ratio=0.3672
  多样性MSE：train=208.421；generated=159.732；ratio=0.7664；Pearson-distance ratio=0.7957
  峰形多样性：position-std ratio=0.8463；height-IQR ratio=0.7586；width-IQR ratio=0.9996；position frozen=10.000%
  负值：min=-38.102；<-40点=0.000000%；<-40光谱=0.000%
  training逐点包络外：lower点/光谱=0.000000%/0.000%；upper点/光谱=0.010521%/15.000%
  QQ拟合：raw R2=0.998424, RMSE=1.92986；model-normalized R2=0.998424, RMSE=0.00414779；training-standardized R2=0.993412, RMSE=0.177837
  QQ尾宽/oracle区间：lower=0.7787/[0.8811,1.1451]；upper=0.7992/[0.9116,1.1007]；overrun=False；underrun=True
  QQ四段比率[1-10,10-50,50-90,90-99]=[0.6559,0.9339,0.9109,0.7137]；尾部曲率RMSE(lower/upper)=0.2349/0.3161；oracle外分位点=13.86%
[108/126] DEL-S_TEB-M_CHL-S_water：MSE=177.357；RMSE=13.0814；shape-MSE/RMSE=0.0566044/0.233853；model-norm MSE/RMSE=0.000819271/0.0281153；cos=0.976105；r=0.971698；W1raw=6.298765；W1norm=0.044419
  平均谱：MSE=58.6198；cos=0.990787；r=0.989034
  train分布参照：generated/train MSE=109.373；held-out/train MSE=236.386；ratio=0.4627
  多样性MSE：train=230.998；generated=176.368；ratio=0.7635；Pearson-distance ratio=0.7847
  峰形多样性：position-std ratio=0.9232；height-IQR ratio=0.9626；width-IQR ratio=0.9994；position frozen=0.000%
  负值：min=-31.269；<-40点=0.000000%；<-40光谱=0.000%
  training逐点包络外：lower点/光谱=0.000000%/0.000%；upper点/光谱=0.007891%/10.000%
  QQ拟合：raw R2=0.996442, RMSE=2.98565；model-normalized R2=0.996442, RMSE=0.00641696；training-standardized R2=0.990194, RMSE=0.147255
  QQ尾宽/oracle区间：lower=0.9868/[0.9126,1.1014]；upper=0.8370/[0.8319,1.1946]；overrun=False；underrun=False
  QQ四段比率[1-10,10-50,50-90,90-99]=[0.8728,1.1458,0.9423,0.7516]；尾部曲率RMSE(lower/upper)=0.1664/0.4157；oracle外分位点=4.95%
[109/126] DEL-S_TEB-M_soil：MSE=27.689；RMSE=5.17178；shape-MSE/RMSE=0.0283061/0.165769；model-norm MSE/RMSE=0.000127905/0.0111155；cos=0.987009；r=0.985847；W1raw=2.668325；W1norm=0.035822
  平均谱：MSE=19.7898；cos=0.990186；r=0.989279
  train分布参照：generated/train MSE=17.0661；held-out/train MSE=25.7341；ratio=0.6632
  多样性MSE：train=58.6869；generated=41.0062；ratio=0.6987；Pearson-distance ratio=0.6737
  峰形多样性：position-std ratio=0.9889；height-IQR ratio=0.8373；width-IQR ratio=0.8608；position frozen=0.000%
  负值：min=-19.385；<-40点=0.000000%；<-40光谱=0.000%
  training逐点包络外：lower点/光谱=0.000000%/0.000%；upper点/光谱=0.000000%/0.000%
  QQ拟合：raw R2=0.999113, RMSE=1.61591；model-normalized R2=0.999113, RMSE=0.00347301；training-standardized R2=0.996915, RMSE=0.113267
  QQ尾宽/oracle区间：lower=1.1018/[0.8886,1.1640]；upper=1.1445/[0.8856,1.1366]；overrun=True；underrun=False
  QQ四段比率[1-10,10-50,50-90,90-99]=[1.1328,1.0592,1.0727,1.1980]；尾部曲率RMSE(lower/upper)=0.2004/0.1405；oracle外分位点=20.79%
[110/126] DEL-S_TEB-M_water：MSE=24.2561；RMSE=4.86796；shape-MSE/RMSE=0.0264803/0.160556；model-norm MSE/RMSE=0.000112047/0.0104625；cos=0.987947；r=0.986760；W1raw=2.024122；W1norm=0.025285
  平均谱：MSE=4.44979；cos=0.997783；r=0.997571
  train分布参照：generated/train MSE=16.0858；held-out/train MSE=25.6823；ratio=0.6263
  多样性MSE：train=49.3739；generated=30.1299；ratio=0.6102；Pearson-distance ratio=0.6212
  峰形多样性：position-std ratio=0.7303；height-IQR ratio=0.7944；width-IQR ratio=0.8654；position frozen=10.000%
  负值：min=-13.386；<-40点=0.000000%；<-40光谱=0.000%
  training逐点包络外：lower点/光谱=0.000000%/0.000%；upper点/光谱=0.000000%/0.000%
  QQ拟合：raw R2=0.999296, RMSE=1.0244；model-normalized R2=0.999296, RMSE=0.00220171；training-standardized R2=0.989411, RMSE=0.33685
  QQ尾宽/oracle区间：lower=1.5865/[0.8968,1.1339]；upper=1.5168/[0.8752,1.1226]；overrun=True；underrun=False
  QQ四段比率[1-10,10-50,50-90,90-99]=[1.9839,1.1395,1.4408,1.5668]；尾部曲率RMSE(lower/upper)=0.3446/0.2962；oracle外分位点=22.77%
[111/126] DEL-S_TEB-S_CHL-H_soil：MSE=160.142；RMSE=12.4915；shape-MSE/RMSE=0.0964708/0.306698；model-norm MSE/RMSE=0.00073975/0.0268476；cos=0.958025；r=0.951765；W1raw=5.344698；W1norm=0.044958
  平均谱：MSE=24.4977；cos=0.993870；r=0.992824
  train分布参照：generated/train MSE=79.9188；held-out/train MSE=160.714；ratio=0.4973
  多样性MSE：train=204.583；generated=194.531；ratio=0.9509；Pearson-distance ratio=0.8868
  峰形多样性：position-std ratio=0.8858；height-IQR ratio=1.0367；width-IQR ratio=0.9005；position frozen=0.000%
  负值：min=-47.724；<-40点=0.023672%；<-40光谱=10.000%
  training逐点包络外：lower点/光谱=0.000000%/0.000%；upper点/光谱=0.000000%/0.000%
  QQ拟合：raw R2=0.999024, RMSE=3.0579；model-normalized R2=0.999024, RMSE=0.00657224；training-standardized R2=0.989645, RMSE=0.142865
  QQ尾宽/oracle区间：lower=1.1689/[0.8947,1.1595]；upper=0.9023/[0.8950,1.1671]；overrun=True；underrun=False
  QQ四段比率[1-10,10-50,50-90,90-99]=[1.1485,1.1891,1.0345,0.7916]；尾部曲率RMSE(lower/upper)=0.0600/0.4362；oracle外分位点=0.00%
[112/126] DEL-S_TEB-S_CHL-H_water：MSE=169.879；RMSE=12.8524；shape-MSE/RMSE=0.0777195/0.277082；model-norm MSE/RMSE=0.000784729/0.0276233；cos=0.967312；r=0.961140；W1raw=5.912838；W1norm=0.051517
  平均谱：MSE=33.8391；cos=0.992028；r=0.990911
  train分布参照：generated/train MSE=105.735；held-out/train MSE=159.609；ratio=0.6625
  多样性MSE：train=259.97；generated=169.845；ratio=0.6533；Pearson-distance ratio=0.6698
  峰形多样性：position-std ratio=0.7314；height-IQR ratio=0.9249；width-IQR ratio=0.9317；position frozen=0.000%
  负值：min=-51.976；<-40点=0.031562%；<-40光谱=10.000%
  training逐点包络外：lower点/光谱=0.000000%/0.000%；upper点/光谱=0.000000%/0.000%
  QQ拟合：raw R2=0.998768, RMSE=3.08919；model-normalized R2=0.998768, RMSE=0.00663948；training-standardized R2=0.994547, RMSE=0.235203
  QQ尾宽/oracle区间：lower=1.0940/[0.9280,1.1092]；upper=0.8537/[0.8988,1.1351]；overrun=False；underrun=True
  QQ四段比率[1-10,10-50,50-90,90-99]=[1.1001,1.0874,0.8561,0.8512]；尾部曲率RMSE(lower/upper)=0.1152/0.1831；oracle外分位点=22.77%
[113/126] DEL-S_TEB-S_CHL-M_soil：MSE=136.839；RMSE=11.4502；shape-MSE/RMSE=0.108583/0.322602；model-norm MSE/RMSE=0.000632105/0.0246094；cos=0.953808；r=0.945709；W1raw=5.459209；W1norm=0.057401
  平均谱：MSE=38.3922；cos=0.992113；r=0.990583
  train分布参照：generated/train MSE=111.255；held-out/train MSE=137.673；ratio=0.8081
  多样性MSE：train=249.722；generated=152.895；ratio=0.6123；Pearson-distance ratio=0.6378
  峰形多样性：position-std ratio=0.8541；height-IQR ratio=0.7554；width-IQR ratio=1.0439；position frozen=10.000%
  负值：min=-28.612；<-40点=0.000000%；<-40光谱=0.000%
  training逐点包络外：lower点/光谱=0.000000%/0.000%；upper点/光谱=0.002630%/5.000%
  QQ拟合：raw R2=0.998925, RMSE=4.28842；model-normalized R2=0.998925, RMSE=0.00921694；training-standardized R2=0.993980, RMSE=0.176535
  QQ尾宽/oracle区间：lower=1.2392/[0.8984,1.1209]；upper=1.2887/[0.8316,1.2151]；overrun=True；underrun=False
  QQ四段比率[1-10,10-50,50-90,90-99]=[1.4458,1.0183,1.1452,1.4318]；尾部曲率RMSE(lower/upper)=0.1981/0.2289；oracle外分位点=49.50%
[114/126] DEL-S_TEB-S_CHL-M_water：MSE=249.888；RMSE=15.5124；shape-MSE/RMSE=0.0995087/0.310046；model-norm MSE/RMSE=0.00115432/0.0333403；cos=0.957853；r=0.950246；W1raw=6.185686；W1norm=0.056935
  平均谱：MSE=31.7916；cos=0.989746；r=0.987858
  train分布参照：generated/train MSE=142.863；held-out/train MSE=146.435；ratio=0.9756
  多样性MSE：train=218.447；generated=184.687；ratio=0.8455；Pearson-distance ratio=0.9181
  峰形多样性：position-std ratio=0.9827；height-IQR ratio=1.0215；width-IQR ratio=1.0768；position frozen=0.000%
  负值：min=-67.340；<-40点=0.071015%；<-40光谱=15.000%
  training逐点包络外：lower点/光谱=0.000000%/0.000%；upper点/光谱=0.018411%/30.000%
  QQ拟合：raw R2=0.998900, RMSE=1.35109；model-normalized R2=0.998900, RMSE=0.00290384；training-standardized R2=0.995903, RMSE=0.153489
  QQ尾宽/oracle区间：lower=0.8207/[0.8931,1.1294]；upper=1.0049/[0.9312,1.0947]；overrun=False；underrun=True
  QQ四段比率[1-10,10-50,50-90,90-99]=[0.7524,0.9027,0.9669,1.0452]；尾部曲率RMSE(lower/upper)=0.2624/0.1069；oracle外分位点=5.94%
[115/126] DEL-S_TEB-S_CHL-S_soil：MSE=223.03；RMSE=14.4462；shape-MSE/RMSE=0.22563/0.460012；model-norm MSE/RMSE=0.00103025/0.0310486；cos=0.900725；r=0.887185；W1raw=7.232639；W1norm=0.084432
  平均谱：MSE=102.48；cos=0.971081；r=0.965707
  train分布参照：generated/train MSE=131.133；held-out/train MSE=148.675；ratio=0.8820
  多样性MSE：train=287.149；generated=219.403；ratio=0.7641；Pearson-distance ratio=0.7068
  峰形多样性：position-std ratio=1.1533；height-IQR ratio=0.8403；width-IQR ratio=0.8592；position frozen=0.000%
  负值：min=-35.592；<-40点=0.000000%；<-40光谱=0.000%
  training逐点包络外：lower点/光谱=0.000000%/0.000%；upper点/光谱=0.000000%/0.000%
  QQ拟合：raw R2=0.997725, RMSE=6.58159；model-normalized R2=0.997725, RMSE=0.0141456；training-standardized R2=0.994247, RMSE=0.210671
  QQ尾宽/oracle区间：lower=1.2344/[0.8977,1.1332]；upper=1.0075/[0.8974,1.1535]；overrun=True；underrun=False
  QQ四段比率[1-10,10-50,50-90,90-99]=[1.3720,1.0982,0.9641,1.0468]；尾部曲率RMSE(lower/upper)=0.1614/0.2272；oracle外分位点=23.76%
[116/126] DEL-S_TEB-S_CHL-S_water：MSE=188.547；RMSE=13.5979；shape-MSE/RMSE=0.0900064/0.297366；model-norm MSE/RMSE=0.00087096/0.0292255；cos=0.962282；r=0.954997；W1raw=5.466685；W1norm=0.050132
  平均谱：MSE=26.2074；cos=0.993066；r=0.991544
  train分布参照：generated/train MSE=94.8731；held-out/train MSE=188.394；ratio=0.5036
  多样性MSE：train=239.653；generated=200.288；ratio=0.8357；Pearson-distance ratio=0.7785
  峰形多样性：position-std ratio=0.7796；height-IQR ratio=1.1083；width-IQR ratio=0.8697；position frozen=20.000%
  负值：min=-41.331；<-40点=0.010521%；<-40光谱=5.000%
  training逐点包络外：lower点/光谱=0.002630%/5.000%；upper点/光谱=0.134140%/25.000%
  QQ拟合：raw R2=0.998976, RMSE=1.49694；model-normalized R2=0.998976, RMSE=0.00321732；training-standardized R2=0.990045, RMSE=0.111266
  QQ尾宽/oracle区间：lower=0.8286/[0.8911,1.1387]；upper=0.9161/[0.9181,1.1188]；overrun=False；underrun=True
  QQ四段比率[1-10,10-50,50-90,90-99]=[0.6540,1.0812,1.0006,0.8254]；尾部曲率RMSE(lower/upper)=0.3372/0.3495；oracle外分位点=0.99%
[117/126] DEL-S_TEB-S_soil：MSE=14.5574；RMSE=3.80187；shape-MSE/RMSE=0.035343/0.187423；model-norm MSE/RMSE=6.72456e-05/0.00817122；cos=0.983724；r=0.982329；W1raw=1.435539；W1norm=0.029144
  平均谱：MSE=2.47652；cos=0.997105；r=0.996844
  train分布参照：generated/train MSE=8.42307；held-out/train MSE=14.3567；ratio=0.5867
  多样性MSE：train=27.5535；generated=17.188；ratio=0.6238；Pearson-distance ratio=0.6244
  峰形多样性：position-std ratio=0.8483；height-IQR ratio=0.9892；width-IQR ratio=0.7792；position frozen=0.000%
  负值：min=-10.450；<-40点=0.000000%；<-40光谱=0.000%
  training逐点包络外：lower点/光谱=0.000000%/0.000%；upper点/光谱=0.000000%/0.000%
  QQ拟合：raw R2=0.999762, RMSE=0.445777；model-normalized R2=0.999762, RMSE=0.000958094；training-standardized R2=0.991170, RMSE=0.209042
  QQ尾宽/oracle区间：lower=1.4411/[0.9185,1.1116]；upper=1.2180/[0.8693,1.1696]；overrun=True；underrun=False
  QQ四段比率[1-10,10-50,50-90,90-99]=[1.6862,1.1442,1.0582,1.3367]；尾部曲率RMSE(lower/upper)=0.3694/0.1791；oracle外分位点=6.93%
[118/126] DEL-S_TEB-S_water：MSE=10.0848；RMSE=3.14779；shape-MSE/RMSE=0.0252904/0.157848；model-norm MSE/RMSE=4.65848e-05/0.00676543；cos=0.988591；r=0.987355；W1raw=1.323616；W1norm=0.025616
  平均谱：MSE=2.12419；cos=0.997424；r=0.997131
  train分布参照：generated/train MSE=6.81739；held-out/train MSE=9.27455；ratio=0.7351
  多样性MSE：train=22.0678；generated=14.3747；ratio=0.6514；Pearson-distance ratio=0.6911
  峰形多样性：position-std ratio=0.7117；height-IQR ratio=0.7555；width-IQR ratio=1.0160；position frozen=0.000%
  负值：min=-10.184；<-40点=0.000000%；<-40光谱=0.000%
  training逐点包络外：lower点/光谱=0.000000%/0.000%；upper点/光谱=0.000000%/0.000%
  QQ拟合：raw R2=0.999727, RMSE=0.323269；model-normalized R2=0.999727, RMSE=0.00069479；training-standardized R2=0.971103, RMSE=0.729195
  QQ尾宽/oracle区间：lower=1.8992/[0.8361,1.2141]；upper=2.2332/[0.9120,1.1160]；overrun=True；underrun=False
  QQ四段比率[1-10,10-50,50-90,90-99]=[2.2201,1.3834,1.4769,2.7909]；尾部曲率RMSE(lower/upper)=0.9358/1.1225；oracle外分位点=44.55%
[119/126] DEL-S_soil：MSE=586.234；RMSE=22.5441；shape-MSE/RMSE=0.207401/0.406133；model-norm MSE/RMSE=0.00270801/0.0484532；cos=0.914954；r=0.896300；W1raw=8.143773；W1norm=0.066319
  平均谱：MSE=134.729；cos=0.990011；r=0.987908
  train分布参照：generated/train MSE=175.718；held-out/train MSE=203.272；ratio=0.8644
  多样性MSE：train=633.442；generated=514.038；ratio=0.8115；Pearson-distance ratio=1.0135
  峰形多样性：position-std ratio=1.1628；height-IQR ratio=0.8807；width-IQR ratio=1.2940；position frozen=0.000%
  负值：min=-39.474；<-40点=0.000000%；<-40光谱=0.000%
  training逐点包络外：lower点/光谱=0.000000%/0.000%；upper点/光谱=0.021413%/10.000%
  QQ拟合：raw R2=0.996381, RMSE=8.43952；model-normalized R2=0.996381, RMSE=0.0181388；training-standardized R2=0.995421, RMSE=0.100428
  QQ尾宽/oracle区间：lower=0.7752/[0.9048,1.1481]；upper=0.8642/[0.8131,1.3098]；overrun=False；underrun=True
  QQ四段比率[1-10,10-50,50-90,90-99]=[0.6196,0.9582,0.9563,0.7655]；尾部曲率RMSE(lower/upper)=0.2198/0.1528；oracle外分位点=1.98%
[120/126] DEL-S_water：MSE=658.824；RMSE=23.8701；shape-MSE/RMSE=0.183118/0.401421；model-norm MSE/RMSE=0.00304333/0.0513031；cos=0.920515；r=0.908441；W1raw=8.066110；W1norm=0.057665
  平均谱：MSE=60.6458；cos=0.988094；r=0.985913
  train分布参照：generated/train MSE=399.332；held-out/train MSE=315.792；ratio=1.2645
  多样性MSE：train=1215.97；generated=963.001；ratio=0.7920；Pearson-distance ratio=0.8755
  峰形多样性：position-std ratio=0.6894；height-IQR ratio=1.1617；width-IQR ratio=1.2737；position frozen=40.000%
  负值：min=-132.855；<-40点=0.599572%；<-40光谱=35.000%
  training逐点包络外：lower点/光谱=0.146324%/5.000%；upper点/光谱=0.210564%/10.000%
  QQ拟合：raw R2=0.997128, RMSE=3.29571；model-normalized R2=0.997128, RMSE=0.00708335；training-standardized R2=0.994023, RMSE=0.0951095
  QQ尾宽/oracle区间：lower=0.8882/[0.8557,1.3110]；upper=0.9911/[0.8898,1.1492]；overrun=False；underrun=False
  QQ四段比率[1-10,10-50,50-90,90-99]=[0.7126,1.1222,1.1229,0.8768]；尾部曲率RMSE(lower/upper)=0.2929/0.1294；oracle外分位点=0.00%
[121/126] TEB-H_soil：MSE=70.2268；RMSE=8.22835；shape-MSE/RMSE=0.00845324/0.0906801；model-norm MSE/RMSE=0.000324401/0.0176849；cos=0.996253；r=0.995773；W1raw=4.427934；W1norm=0.023945
  平均谱：MSE=45.2495；cos=0.998284；r=0.998103
  train分布参照：generated/train MSE=38.9641；held-out/train MSE=72.7135；ratio=0.5359
  多样性MSE：train=126.671；generated=94.1925；ratio=0.7436；Pearson-distance ratio=0.6630
  峰形多样性：position-std ratio=0.7933；height-IQR ratio=0.9587；width-IQR ratio=0.8627；position frozen=12.500%
  负值：min=-38.368；<-40点=0.000000%；<-40光谱=0.000%
  training逐点包络外：lower点/光谱=0.000000%/0.000%；upper点/光谱=0.014276%/5.000%
  QQ拟合：raw R2=0.998821, RMSE=5.22431；model-normalized R2=0.998821, RMSE=0.0112284；training-standardized R2=0.991455, RMSE=0.217285
  QQ尾宽/oracle区间：lower=1.2861/[0.9191,1.1213]；upper=1.3006/[0.8512,1.1738]；overrun=True；underrun=False
  QQ四段比率[1-10,10-50,50-90,90-99]=[1.5711,0.9999,1.0946,1.5106]；尾部曲率RMSE(lower/upper)=0.2730/0.2684；oracle外分位点=22.77%
[122/126] TEB-H_water：MSE=77.2597；RMSE=8.67993；shape-MSE/RMSE=0.00977586/0.0965885；model-norm MSE/RMSE=0.000356888/0.0186555；cos=0.995626；r=0.995112；W1raw=3.889528；W1norm=0.021754
  平均谱：MSE=32.9604；cos=0.998026；r=0.997786
  train分布参照：generated/train MSE=37.9704；held-out/train MSE=62.3501；ratio=0.6090
  多样性MSE：train=131.554；generated=83.0897；ratio=0.6316；Pearson-distance ratio=0.6375
  峰形多样性：position-std ratio=0.7790；height-IQR ratio=0.8777；width-IQR ratio=0.8453；position frozen=12.500%
  负值：min=-36.376；<-40点=0.000000%；<-40光谱=0.000%
  training逐点包络外：lower点/光谱=0.000000%/0.000%；upper点/光谱=0.000000%/0.000%
  QQ拟合：raw R2=0.999877, RMSE=2.153；model-normalized R2=0.999877, RMSE=0.00462735；training-standardized R2=0.976563, RMSE=0.280532
  QQ尾宽/oracle区间：lower=1.5201/[0.8585,1.1292]；upper=1.5451/[0.8818,1.1490]；overrun=True；underrun=False
  QQ四段比率[1-10,10-50,50-90,90-99]=[1.9119,1.0900,1.0274,2.0698]；尾部曲率RMSE(lower/upper)=0.5361/0.5797；oracle外分位点=8.91%
[123/126] TEB-M_soil：MSE=122.237；RMSE=10.8618；shape-MSE/RMSE=0.0222153/0.148149；model-norm MSE/RMSE=0.000564655/0.023345；cos=0.990194；r=0.988892；W1raw=3.880706；W1norm=0.029469
  平均谱：MSE=19.0357；cos=0.997567；r=0.997226
  train分布参照：generated/train MSE=32.8626；held-out/train MSE=60.5251；ratio=0.5430
  多样性MSE：train=118.056；generated=70.7556；ratio=0.5993；Pearson-distance ratio=0.6037
  峰形多样性：position-std ratio=0.7685；height-IQR ratio=1.0211；width-IQR ratio=1.0236；position frozen=11.111%
  负值：min=-32.142；<-40点=0.000000%；<-40光谱=0.000%
  training逐点包络外：lower点/光谱=0.000000%/0.000%；upper点/光谱=0.000000%/0.000%
  QQ拟合：raw R2=0.999473, RMSE=1.87603；model-normalized R2=0.999473, RMSE=0.00403209；training-standardized R2=0.991032, RMSE=0.105215
  QQ尾宽/oracle区间：lower=1.2608/[0.9086,1.1154]；upper=1.0227/[0.8951,1.1126]；overrun=True；underrun=False
  QQ四段比率[1-10,10-50,50-90,90-99]=[1.5108,1.0464,0.9302,1.1173]；尾部曲率RMSE(lower/upper)=0.3552/0.1086；oracle外分位点=7.92%
[124/126] TEB-M_water：MSE=94.7963；RMSE=9.32735；shape-MSE/RMSE=0.0251914/0.153463；model-norm MSE/RMSE=0.000437896/0.0200469；cos=0.988784；r=0.987404；W1raw=3.744608；W1norm=0.030598
  平均谱：MSE=23.9514；cos=0.997287；r=0.996935
  train分布参照：generated/train MSE=40.1974；held-out/train MSE=56.2292；ratio=0.7149
  多样性MSE：train=122.381；generated=84.2829；ratio=0.6887；Pearson-distance ratio=0.7150
  峰形多样性：position-std ratio=0.7336；height-IQR ratio=0.8535；width-IQR ratio=0.9226；position frozen=22.222%
  负值：min=-24.082；<-40点=0.000000%；<-40光谱=0.000%
  training逐点包络外：lower点/光谱=0.000000%/0.000%；upper点/光谱=0.000000%/0.000%
  QQ拟合：raw R2=0.999493, RMSE=2.85803；model-normalized R2=0.999493, RMSE=0.00614267；training-standardized R2=0.985199, RMSE=0.246779
  QQ尾宽/oracle区间：lower=1.4269/[0.9292,1.1004]；upper=1.4844/[0.8954,1.1330]；overrun=True；underrun=False
  QQ四段比率[1-10,10-50,50-90,90-99]=[1.7265,1.1069,1.0946,1.8754]；尾部曲率RMSE(lower/upper)=0.4050/0.4240；oracle外分位点=7.92%
[125/126] TEB-S_soil：MSE=75.0708；RMSE=8.47882；shape-MSE/RMSE=0.0646386/0.250919；model-norm MSE/RMSE=0.000346777/0.0182232；cos=0.971849；r=0.967681；W1raw=4.039860；W1norm=0.052956
  平均谱：MSE=25.3793；cos=0.987023；r=0.985169
  train分布参照：generated/train MSE=41.929；held-out/train MSE=91.6042；ratio=0.4577
  多样性MSE：train=136.046；generated=82.7966；ratio=0.6086；Pearson-distance ratio=0.5518
  峰形多样性：position-std ratio=0.7980；height-IQR ratio=1.0023；width-IQR ratio=0.9211；position frozen=10.000%
  负值：min=-22.266；<-40点=0.000000%；<-40光谱=0.000%
  training逐点包络外：lower点/光谱=0.000000%/0.000%；upper点/光谱=0.003569%/5.000%
  QQ拟合：raw R2=0.997293, RMSE=1.71593；model-normalized R2=0.997293, RMSE=0.00368798；training-standardized R2=0.977689, RMSE=0.357687
  QQ尾宽/oracle区间：lower=1.4909/[0.8431,1.1501]；upper=1.7228/[0.8601,1.1246]；overrun=True；underrun=False
  QQ四段比率[1-10,10-50,50-90,90-99]=[1.7856,1.1102,1.1700,2.3214]；尾部曲率RMSE(lower/upper)=0.6388/0.6759；oracle外分位点=13.86%
[126/126] TEB-S_water：MSE=127.077；RMSE=11.0755；shape-MSE/RMSE=0.113063/0.329617；model-norm MSE/RMSE=0.00058701/0.0238043；cos=0.950405；r=0.943468；W1raw=4.213925；W1norm=0.071070
  平均谱：MSE=41.8113；cos=0.993005；r=0.991909
  train分布参照：generated/train MSE=55.0064；held-out/train MSE=86.8239；ratio=0.6335
  多样性MSE：train=135.243；generated=79.184；ratio=0.5855；Pearson-distance ratio=0.6140
  峰形多样性：position-std ratio=0.7498；height-IQR ratio=0.7070；width-IQR ratio=0.6124；position frozen=10.000%
  负值：min=-28.465；<-40点=0.000000%；<-40光谱=0.000%
  training逐点包络外：lower点/光谱=0.000000%/0.000%；upper点/光谱=0.000000%/0.000%
  QQ拟合：raw R2=0.996653, RMSE=5.56256；model-normalized R2=0.996653, RMSE=0.0119554；training-standardized R2=0.970956, RMSE=0.36636
  QQ尾宽/oracle区间：lower=1.8479/[0.9055,1.1155]；upper=1.4944/[0.9240,1.1145]；overrun=True；underrun=False
  QQ四段比率[1-10,10-50,50-90,90-99]=[2.4999,1.2474,1.1044,1.8513]；尾部曲率RMSE(lower/upper)=0.7674/0.4364；oracle外分位点=21.78%
===== 评价完成 =====
逐条件指标：/home/wqzheng/project/outputs/experiments/d4_3_2_7_piecewise_qq_balance_formal/metrics_all126_fast/condition_metrics.csv
总体统计：/home/wqzheng/project/outputs/experiments/d4_3_2_7_piecewise_qq_balance_formal/metrics_all126_fast/overall_metric_summary.csv
图像输出：已跳过（--plot-mode none，数值指标不受影响）
QQ分层汇总：/home/wqzheng/project/outputs/experiments/d4_3_2_7_piecewise_qq_balance_formal/metrics_all126_fast/qq_stratified_summary.csv
全质量分层汇总：/home/wqzheng/project/outputs/experiments/d4_3_2_7_piecewise_qq_balance_formal/metrics_all126_fast/quality_stratified_summary.csv
峰形多样性明细：/home/wqzheng/project/outputs/experiments/d4_3_2_7_piecewise_qq_balance_formal/metrics_all126_fast/peak_morphology_details.csv
报告：/home/wqzheng/project/outputs/experiments/d4_3_2_7_piecewise_qq_balance_formal/metrics_all126_fast/evaluation_report.txt
