===== D4条件生成核心指标评价 =====
checkpoint：/home/wqzheng/project/outputs/experiments/d4_3_2_9_joint_qq_peakshift_diversity_smoke/checkpoints/best.pt
真实参考子集：validation
条件数：126
[1/126] CHL-H_TEB-H_soil：MSE=205.726；RMSE=13.9619；shape-MSE/RMSE=0.0377054/0.187782；model-norm MSE/RMSE=0.00095032/0.0300079；cos=0.983287；r=0.981147；W1raw=5.656203；W1norm=0.028957
  平均谱：MSE=45.5583；cos=0.996420；r=0.996003
  train分布参照：generated/train MSE=109.246；held-out/train MSE=134.325；ratio=0.8133
  多样性MSE：train=212.941；generated=205.628；ratio=0.9657；Pearson-distance ratio=1.0166
  峰形多样性：position-std ratio=0.8172；height-IQR ratio=1.1233；width-IQR ratio=1.2912；position frozen=0.000%
  负值：min=-47.688；<-40点=0.026302%；<-40光谱=5.000%
  training逐点包络外：lower点/光谱=0.000000%/0.000%；upper点/光谱=0.042083%/20.000%
  QQ拟合：raw R2=0.998791, RMSE=4.30411；model-normalized R2=0.998791, RMSE=0.00925068；training-standardized R2=0.999290, RMSE=0.217324
  QQ尾宽/oracle区间：lower=1.0647/[0.8582,1.1820]；upper=0.9861/[0.7736,1.2615]；overrun=False；underrun=False
  QQ四段比率[1-10,10-50,50-90,90-99]=[1.0548,1.0761,1.0113,0.9643]；尾部曲率RMSE(lower/upper)=0.0439/0.0556；oracle外分位点=57.43%
[2/126] CHL-H_TEB-H_water：MSE=320.896；RMSE=17.6126；shape-MSE/RMSE=0.0347437/0.184207；model-norm MSE/RMSE=0.00148233/0.0378541；cos=0.984344；r=0.982628；W1raw=7.416144；W1norm=0.030102
  平均谱：MSE=85.2469；cos=0.995677；r=0.995203
  train分布参照：generated/train MSE=168.546；held-out/train MSE=241.679；ratio=0.6974
  多样性MSE：train=458.098；generated=373.327；ratio=0.8149；Pearson-distance ratio=0.7671
  峰形多样性：position-std ratio=1.1056；height-IQR ratio=1.0986；width-IQR ratio=0.9335；position frozen=0.000%
  负值：min=-107.978；<-40点=1.017885%；<-40光谱=100.000%
  training逐点包络外：lower点/光谱=0.000000%/0.000%；upper点/光谱=0.086796%/30.000%
  QQ拟合：raw R2=0.998917, RMSE=4.81447；model-normalized R2=0.998917, RMSE=0.0103476；training-standardized R2=0.992570, RMSE=0.0898066
  QQ尾宽/oracle区间：lower=0.9060/[0.8644,1.1724]；upper=0.8668/[0.8792,1.1740]；overrun=False；underrun=True
  QQ四段比率[1-10,10-50,50-90,90-99]=[0.8417,0.9686,1.0611,0.7049]；尾部曲率RMSE(lower/upper)=0.2962/0.2425；oracle外分位点=0.99%
[3/126] CHL-H_TEB-M_soil：MSE=210.024；RMSE=14.2753；shape-MSE/RMSE=0.0594632/0.240799；model-norm MSE/RMSE=0.00097017/0.0306813；cos=0.973888；r=0.970268；W1raw=6.296971；W1norm=0.037624
  平均谱：MSE=58.8288；cos=0.992298；r=0.991161
  train分布参照：generated/train MSE=104.042；held-out/train MSE=142.93；ratio=0.7279
  多样性MSE：train=264.393；generated=259.426；ratio=0.9812；Pearson-distance ratio=0.9137
  峰形多样性：position-std ratio=1.0601；height-IQR ratio=1.1505；width-IQR ratio=1.0307；position frozen=0.000%
  负值：min=-45.595；<-40点=0.015781%；<-40光谱=10.000%
  training逐点包络外：lower点/光谱=0.034193%/10.000%；upper点/光谱=0.052604%/10.000%
  QQ拟合：raw R2=0.999741, RMSE=3.48512；model-normalized R2=0.999741, RMSE=0.00749044；training-standardized R2=0.996818, RMSE=0.162872
  QQ尾宽/oracle区间：lower=0.8516/[0.8974,1.1368]；upper=0.8181/[0.9135,1.1315]；overrun=False；underrun=True
  QQ四段比率[1-10,10-50,50-90,90-99]=[0.8077,0.8975,0.9376,0.7053]；尾部曲率RMSE(lower/upper)=0.1962/0.2082；oracle外分位点=6.93%
[4/126] CHL-H_TEB-M_water：MSE=177.982；RMSE=12.9278；shape-MSE/RMSE=0.0453943/0.210074；model-norm MSE/RMSE=0.00082216/0.0277853；cos=0.979594；r=0.977303；W1raw=5.897801；W1norm=0.035366
  平均谱：MSE=42.7616；cos=0.993855；r=0.993052
  train分布参照：generated/train MSE=100.741；held-out/train MSE=129.064；ratio=0.7806
  多样性MSE：train=277.123；generated=238.502；ratio=0.8606；Pearson-distance ratio=0.6786
  峰形多样性：position-std ratio=0.9584；height-IQR ratio=1.0231；width-IQR ratio=0.8505；position frozen=0.000%
  负值：min=-73.836；<-40点=0.215676%；<-40光谱=55.000%
  training逐点包络外：lower点/光谱=0.052604%/15.000%；upper点/光谱=0.010521%/15.000%
  QQ拟合：raw R2=0.998811, RMSE=1.92921；model-normalized R2=0.998811, RMSE=0.00414639；training-standardized R2=0.998589, RMSE=0.104747
  QQ尾宽/oracle区间：lower=0.8925/[0.8807,1.1672]；upper=0.8652/[0.7959,1.1882]；overrun=False；underrun=False
  QQ四段比率[1-10,10-50,50-90,90-99]=[0.8618,0.9240,0.9846,0.7530]；尾部曲率RMSE(lower/upper)=0.0794/0.1101；oracle外分位点=0.99%
[5/126] CHL-H_TEB-S_soil：MSE=207.95；RMSE=14.0151；shape-MSE/RMSE=0.0766642/0.271064；model-norm MSE/RMSE=0.000960592/0.0301221；cos=0.965840；r=0.961668；W1raw=6.740625；W1norm=0.041362
  平均谱：MSE=70.2626；cos=0.986362；r=0.984614
  train分布参照：generated/train MSE=112.012；held-out/train MSE=122.835；ratio=0.9119
  多样性MSE：train=294.869；generated=255.682；ratio=0.8671；Pearson-distance ratio=0.9753
  峰形多样性：position-std ratio=1.1733；height-IQR ratio=0.8416；width-IQR ratio=1.0831；position frozen=10.000%
  负值：min=-55.931；<-40点=0.084166%；<-40光谱=40.000%
  training逐点包络外：lower点/光谱=0.000000%/0.000%；upper点/光谱=0.018411%/10.000%
  QQ拟合：raw R2=0.998058, RMSE=2.25672；model-normalized R2=0.998058, RMSE=0.00485028；training-standardized R2=0.994309, RMSE=0.155091
  QQ尾宽/oracle区间：lower=1.0042/[0.8959,1.1217]；upper=1.0022/[0.8947,1.1224]；overrun=False；underrun=False
  QQ四段比率[1-10,10-50,50-90,90-99]=[0.8842,1.1511,1.1521,0.8747]；尾部曲率RMSE(lower/upper)=0.2729/0.3191；oracle外分位点=41.58%
[6/126] CHL-H_TEB-S_water：MSE=213.917；RMSE=13.926；shape-MSE/RMSE=0.0613505/0.236615；model-norm MSE/RMSE=0.000988156/0.0299306；cos=0.972251；r=0.969325；W1raw=6.651245；W1norm=0.041881
  平均谱：MSE=79.9864；cos=0.991140；r=0.990285
  train分布参照：generated/train MSE=83.9049；held-out/train MSE=100.087；ratio=0.8383
  多样性MSE：train=217.753；generated=186.147；ratio=0.8549；Pearson-distance ratio=0.8333
  峰形多样性：position-std ratio=0.9268；height-IQR ratio=1.1239；width-IQR ratio=0.9283；position frozen=0.000%
  负值：min=-50.271；<-40点=0.110468%；<-40光谱=35.000%
  training逐点包络外：lower点/光谱=0.000000%/0.000%；upper点/光谱=0.057864%/25.000%
  QQ拟合：raw R2=0.996965, RMSE=5.07953；model-normalized R2=0.996965, RMSE=0.0109173；training-standardized R2=0.991728, RMSE=0.132282
  QQ尾宽/oracle区间：lower=0.7403/[0.9167,1.1170]；upper=0.9060/[0.9169,1.1165]；overrun=False；underrun=True
  QQ四段比率[1-10,10-50,50-90,90-99]=[0.6468,0.8521,1.0467,0.7769]；尾部曲率RMSE(lower/upper)=0.3328/0.0720；oracle外分位点=7.92%
[7/126] CHL-H_soil：MSE=418.046；RMSE=20.0393；shape-MSE/RMSE=0.0388446/0.19236；model-norm MSE/RMSE=0.00193109/0.0430697；cos=0.982453；r=0.980578；W1raw=8.379600；W1norm=0.034878
  平均谱：MSE=84.6388；cos=0.995825；r=0.995352
  train分布参照：generated/train MSE=203.045；held-out/train MSE=312.885；ratio=0.6489
  多样性MSE：train=605.175；generated=518.033；ratio=0.8560；Pearson-distance ratio=0.9129
  峰形多样性：position-std ratio=1.0706；height-IQR ratio=0.8010；width-IQR ratio=1.0372；position frozen=0.000%
  负值：min=-71.442；<-40点=0.318254%；<-40光谱=75.000%
  training逐点包络外：lower点/光谱=0.000000%/0.000%；upper点/光谱=0.099947%/50.000%
  QQ拟合：raw R2=0.999475, RMSE=3.11754；model-normalized R2=0.999475, RMSE=0.00670042；training-standardized R2=0.992991, RMSE=0.174703
  QQ尾宽/oracle区间：lower=0.7727/[0.8645,1.1905]；upper=0.7672/[0.9006,1.1303]；overrun=False；underrun=True
  QQ四段比率[1-10,10-50,50-90,90-99]=[0.6521,0.9122,0.9444,0.6146]；尾部曲率RMSE(lower/upper)=0.2769/0.2841；oracle外分位点=10.89%
[8/126] CHL-H_water：MSE=412.487；RMSE=20.0591；shape-MSE/RMSE=0.0282665/0.166408；model-norm MSE/RMSE=0.00190541/0.0431124；cos=0.987003；r=0.985867；W1raw=8.566906；W1norm=0.028748
  平均谱：MSE=76.8617；cos=0.997493；r=0.997281
  train分布参照：generated/train MSE=197.977；held-out/train MSE=307.966；ratio=0.6429
  多样性MSE：train=587.892；generated=565.759；ratio=0.9624；Pearson-distance ratio=1.0115
  峰形多样性：position-std ratio=0.9394；height-IQR ratio=0.9847；width-IQR ratio=1.1410；position frozen=0.000%
  负值：min=-75.916；<-40点=0.376118%；<-40光谱=65.000%
  training逐点包络外：lower点/光谱=0.031562%/25.000%；upper点/光谱=0.189374%/55.000%
  QQ拟合：raw R2=0.999501, RMSE=3.87501；model-normalized R2=0.999501, RMSE=0.00832842；training-standardized R2=0.988044, RMSE=0.13959
  QQ尾宽/oracle区间：lower=0.9932/[0.8753,1.1768]；upper=0.7389/[0.8895,1.1916]；overrun=False；underrun=True
  QQ四段比率[1-10,10-50,50-90,90-99]=[0.8809,1.1081,1.0643,0.5204]；尾部曲率RMSE(lower/upper)=0.1512/0.4364；oracle外分位点=0.99%
[9/126] CHL-M_TEB-H_soil：MSE=110.385；RMSE=10.3341；shape-MSE/RMSE=0.0546437/0.228954；model-norm MSE/RMSE=0.000509907/0.0222107；cos=0.975896；r=0.972678；W1raw=5.231122；W1norm=0.040584
  平均谱：MSE=51.4746；cos=0.988217；r=0.986574
  train分布参照：generated/train MSE=45.6515；held-out/train MSE=118.034；ratio=0.3868
  多样性MSE：train=118.924；generated=111.333；ratio=0.9362；Pearson-distance ratio=1.0032
  峰形多样性：position-std ratio=0.8044；height-IQR ratio=1.2476；width-IQR ratio=0.9995；position frozen=0.000%
  负值：min=-32.591；<-40点=0.000000%；<-40光谱=0.000%
  training逐点包络外：lower点/光谱=0.000000%/0.000%；upper点/光谱=0.021042%/15.000%
  QQ拟合：raw R2=0.999208, RMSE=1.61027；model-normalized R2=0.999208, RMSE=0.0034609；training-standardized R2=0.994155, RMSE=0.207698
  QQ尾宽/oracle区间：lower=0.7728/[0.9394,1.0614]；upper=0.8050/[0.9100,1.1262]；overrun=False；underrun=True
  QQ四段比率[1-10,10-50,50-90,90-99]=[0.6741,0.9155,0.8709,0.7491]；尾部曲率RMSE(lower/upper)=0.3389/0.2039；oracle外分位点=11.88%
[10/126] CHL-M_TEB-H_water：MSE=96.8661；RMSE=9.80897；shape-MSE/RMSE=0.0469108/0.216016；model-norm MSE/RMSE=0.000447457/0.0210821；cos=0.979685；r=0.976545；W1raw=4.733835；W1norm=0.035853
  平均谱：MSE=29.0895；cos=0.993524；r=0.992488
  train分布参照：generated/train MSE=50.9168；held-out/train MSE=96.5628；ratio=0.5273
  多样性MSE：train=137.927；generated=120.026；ratio=0.8702；Pearson-distance ratio=0.8892
  峰形多样性：position-std ratio=0.9366；height-IQR ratio=0.9377；width-IQR ratio=0.9595；position frozen=0.000%
  负值：min=-29.459；<-40点=0.000000%；<-40光谱=0.000%
  training逐点包络外：lower点/光谱=0.005260%/5.000%；upper点/光谱=0.007891%/5.000%
  QQ拟合：raw R2=0.999391, RMSE=1.01285；model-normalized R2=0.999391, RMSE=0.00217689；training-standardized R2=0.992770, RMSE=0.119584
  QQ尾宽/oracle区间：lower=0.7779/[0.9200,1.1043]；upper=0.8068/[0.8468,1.1854]；overrun=False；underrun=True
  QQ四段比率[1-10,10-50,50-90,90-99]=[0.6387,0.9400,0.9954,0.6486]；尾部曲率RMSE(lower/upper)=0.2970/0.2561；oracle外分位点=6.93%
[11/126] CHL-M_TEB-M_soil：MSE=131.657；RMSE=11.2924；shape-MSE/RMSE=0.075778/0.271089；model-norm MSE/RMSE=0.000608166/0.0242703；cos=0.966744；r=0.962111；W1raw=5.839737；W1norm=0.046698
  平均谱：MSE=81.9097；cos=0.978889；r=0.975729
  train分布参照：generated/train MSE=59.6512；held-out/train MSE=125.881；ratio=0.4739
  多样性MSE：train=140.756；generated=144.016；ratio=1.0232；Pearson-distance ratio=1.0320
  峰形多样性：position-std ratio=0.9220；height-IQR ratio=1.1587；width-IQR ratio=0.9945；position frozen=0.000%
  负值：min=-33.438；<-40点=0.000000%；<-40光谱=0.000%
  training逐点包络外：lower点/光谱=0.000000%/0.000%；upper点/光谱=0.081536%/15.000%
  QQ拟合：raw R2=0.997684, RMSE=2.82397；model-normalized R2=0.997684, RMSE=0.00606945；training-standardized R2=0.992697, RMSE=0.32895
  QQ尾宽/oracle区间：lower=0.7593/[0.8338,1.1619]；upper=0.6682/[0.7855,1.2318]；overrun=False；underrun=True
  QQ四段比率[1-10,10-50,50-90,90-99]=[0.6903,0.8367,0.7534,0.5941]；尾部曲率RMSE(lower/upper)=0.2130/0.3704；oracle外分位点=37.62%
[12/126] CHL-M_TEB-M_water：MSE=202.625；RMSE=13.867；shape-MSE/RMSE=0.101021/0.31277；model-norm MSE/RMSE=0.000935994/0.0298039；cos=0.955853；r=0.949489；W1raw=6.118954；W1norm=0.045427
  平均谱：MSE=54.0163；cos=0.986598；r=0.984447
  train分布参照：generated/train MSE=97.4472；held-out/train MSE=106.19；ratio=0.9177
  多样性MSE：train=284.656；generated=242.443；ratio=0.8517；Pearson-distance ratio=1.0034
  峰形多样性：position-std ratio=1.0453；height-IQR ratio=1.0808；width-IQR ratio=1.1550；position frozen=0.000%
  负值：min=-40.505；<-40点=0.005260%；<-40光谱=5.000%
  training逐点包络外：lower点/光谱=0.005260%/5.000%；upper点/光谱=0.078906%/30.000%
  QQ拟合：raw R2=0.995272, RMSE=3.72456；model-normalized R2=0.995272, RMSE=0.00800506；training-standardized R2=0.991775, RMSE=0.105809
  QQ尾宽/oracle区间：lower=1.0147/[0.8463,1.1766]；upper=0.8222/[0.8670,1.1546]；overrun=False；underrun=True
  QQ四段比率[1-10,10-50,50-90,90-99]=[0.9483,1.0774,1.0880,0.6093]；尾部曲率RMSE(lower/upper)=0.1505/0.3875；oracle外分位点=0.99%
[13/126] CHL-M_TEB-S_soil：MSE=159.388；RMSE=12.1782；shape-MSE/RMSE=0.109361/0.323823；model-norm MSE/RMSE=0.000736268/0.0261741；cos=0.951092；r=0.945320；W1raw=4.847940；W1norm=0.046377
  平均谱：MSE=15.6101；cos=0.993371；r=0.992508
  train分布参照：generated/train MSE=92.5384；held-out/train MSE=64.4618；ratio=1.4356
  多样性MSE：train=205.812；generated=210.808；ratio=1.0243；Pearson-distance ratio=0.9071
  峰形多样性：position-std ratio=0.8690；height-IQR ratio=1.0527；width-IQR ratio=1.0689；position frozen=10.000%
  负值：min=-38.163；<-40点=0.000000%；<-40光谱=0.000%
  training逐点包络外：lower点/光谱=0.018411%/15.000%；upper点/光谱=0.015781%/10.000%
  QQ拟合：raw R2=0.998939, RMSE=2.42263；model-normalized R2=0.998939, RMSE=0.00520687；training-standardized R2=0.987366, RMSE=0.104669
  QQ尾宽/oracle区间：lower=0.8495/[0.8485,1.2750]；upper=0.8062/[0.8422,1.2375]；overrun=False；underrun=True
  QQ四段比率[1-10,10-50,50-90,90-99]=[0.6635,1.0589,1.0578,0.6145]；尾部曲率RMSE(lower/upper)=0.3351/0.3670；oracle外分位点=2.97%
[14/126] CHL-M_TEB-S_water：MSE=189.441；RMSE=13.5191；shape-MSE/RMSE=0.111981/0.318911；model-norm MSE/RMSE=0.000875091/0.0290561；cos=0.949760；r=0.944010；W1raw=6.052178；W1norm=0.054881
  平均谱：MSE=30.2553；cos=0.990467；r=0.989113
  train分布参照：generated/train MSE=151.712；held-out/train MSE=71.9217；ratio=2.1094
  多样性MSE：train=430.014；generated=356.498；ratio=0.8290；Pearson-distance ratio=0.9513
  峰形多样性：position-std ratio=0.8734；height-IQR ratio=0.9182；width-IQR ratio=1.0663；position frozen=11.111%
  负值：min=-48.771；<-40点=0.123619%；<-40光谱=40.000%
  training逐点包络外：lower点/光谱=0.065755%/20.000%；upper点/光谱=0.042083%/20.000%
  QQ拟合：raw R2=0.998189, RMSE=3.14941；model-normalized R2=0.998189, RMSE=0.00676891；training-standardized R2=0.993361, RMSE=0.15549
  QQ尾宽/oracle区间：lower=1.0017/[0.8645,1.1680]；upper=0.9396/[0.9109,1.1501]；overrun=False；underrun=False
  QQ四段比率[1-10,10-50,50-90,90-99]=[0.7470,1.3046,1.1431,0.7370]；尾部曲率RMSE(lower/upper)=0.1755/0.2373；oracle外分位点=20.79%
[15/126] CHL-M_soil：MSE=485.173；RMSE=21.5779；shape-MSE/RMSE=0.0582224/0.238278；model-norm MSE/RMSE=0.00224118/0.0463767；cos=0.973442；r=0.970889；W1raw=9.310228；W1norm=0.050865
  平均谱：MSE=237.046；cos=0.989177；r=0.988081
  train分布参照：generated/train MSE=153.906；held-out/train MSE=315.367；ratio=0.4880
  多样性MSE：train=433.746；generated=369.179；ratio=0.8511；Pearson-distance ratio=0.8185
  峰形多样性：position-std ratio=1.0573；height-IQR ratio=1.0456；width-IQR ratio=1.0465；position frozen=0.000%
  负值：min=-73.462；<-40点=0.773277%；<-40光谱=90.000%
  training逐点包络外：lower点/光谱=0.042083%/20.000%；upper点/光谱=0.021042%/20.000%
  QQ拟合：raw R2=0.997902, RMSE=9.00865；model-normalized R2=0.997902, RMSE=0.019362；training-standardized R2=0.998118, RMSE=0.231913
  QQ尾宽/oracle区间：lower=0.7828/[0.9089,1.0846]；upper=0.7980/[0.9162,1.1052]；overrun=False；underrun=True
  QQ四段比率[1-10,10-50,50-90,90-99]=[0.7165,0.8458,0.8692,0.7267]；尾部曲率RMSE(lower/upper)=0.1692/0.0975；oracle外分位点=64.36%
[16/126] CHL-M_water：MSE=430.091；RMSE=20.3356；shape-MSE/RMSE=0.0413351/0.199567；model-norm MSE/RMSE=0.00198674/0.0437066；cos=0.980964；r=0.979332；W1raw=9.086237；W1norm=0.033426
  平均谱：MSE=108.139；cos=0.995315；r=0.994910
  train分布参照：generated/train MSE=215.719；held-out/train MSE=359.47；ratio=0.6001
  多样性MSE：train=617.756；generated=531.743；ratio=0.8608；Pearson-distance ratio=0.9057
  峰形多样性：position-std ratio=0.6968；height-IQR ratio=0.8476；width-IQR ratio=1.0741；position frozen=11.111%
  负值：min=-75.606；<-40点=0.562862%；<-40光谱=60.000%
  training逐点包络外：lower点/光谱=0.000000%/0.000%；upper点/光谱=0.105208%/35.000%
  QQ拟合：raw R2=0.999549, RMSE=4.2456；model-normalized R2=0.999549, RMSE=0.00912493；training-standardized R2=0.994545, RMSE=0.122734
  QQ尾宽/oracle区间：lower=0.8642/[0.9008,1.1776]；upper=0.8114/[0.8759,1.1509]；overrun=False；underrun=True
  QQ四段比率[1-10,10-50,50-90,90-99]=[0.7307,1.0336,0.9935,0.6611]；尾部曲率RMSE(lower/upper)=0.1894/0.2514；oracle外分位点=1.98%
[17/126] CHL-S_TEB-H_soil：MSE=166.619；RMSE=12.6394；shape-MSE/RMSE=0.0885369/0.290973；model-norm MSE/RMSE=0.000769669/0.0271653；cos=0.960731；r=0.955732；W1raw=6.332319；W1norm=0.052719
  平均谱：MSE=72.08；cos=0.982737；r=0.980273
  train分布参照：generated/train MSE=84.4388；held-out/train MSE=106.761；ratio=0.7909
  多样性MSE：train=192.351；generated=167.44；ratio=0.8705；Pearson-distance ratio=0.8422
  峰形多样性：position-std ratio=0.9796；height-IQR ratio=1.1531；width-IQR ratio=0.8877；position frozen=0.000%
  负值：min=-40.970；<-40点=0.002630%；<-40光谱=5.000%
  training逐点包络外：lower点/光谱=0.000000%/0.000%；upper点/光谱=0.015781%/20.000%
  QQ拟合：raw R2=0.998530, RMSE=2.2107；model-normalized R2=0.998530, RMSE=0.00475139；training-standardized R2=0.995534, RMSE=0.080021
  QQ尾宽/oracle区间：lower=0.9058/[0.9217,1.0882]；upper=0.9248/[0.8933,1.1151]；overrun=False；underrun=True
  QQ四段比率[1-10,10-50,50-90,90-99]=[0.8620,0.9509,1.0882,0.7934]；尾部曲率RMSE(lower/upper)=0.2637/0.1477；oracle外分位点=3.96%
[18/126] CHL-S_TEB-H_water：MSE=201.823；RMSE=14.0237；shape-MSE/RMSE=0.113363/0.331362；model-norm MSE/RMSE=0.000932287/0.0301406；cos=0.948442；r=0.943318；W1raw=6.232299；W1norm=0.052514
  平均谱：MSE=51.2661；cos=0.986477；r=0.985498
  train分布参照：generated/train MSE=99.5632；held-out/train MSE=133.213；ratio=0.7474
  多样性MSE：train=273.256；generated=233.702；ratio=0.8552；Pearson-distance ratio=0.8115
  峰形多样性：position-std ratio=0.8733；height-IQR ratio=1.0730；width-IQR ratio=0.8725；position frozen=0.000%
  负值：min=-54.606；<-40点=0.197265%；<-40光谱=35.000%
  training逐点包络外：lower点/光谱=0.000000%/0.000%；upper点/光谱=0.015781%/5.000%
  QQ拟合：raw R2=0.996829, RMSE=3.71724；model-normalized R2=0.996829, RMSE=0.00798932；training-standardized R2=0.996799, RMSE=0.207757
  QQ尾宽/oracle区间：lower=0.8821/[0.9039,1.1109]；upper=0.8542/[0.9095,1.1166]；overrun=False；underrun=True
  QQ四段比率[1-10,10-50,50-90,90-99]=[0.7927,0.9715,0.9749,0.7339]；尾部曲率RMSE(lower/upper)=0.1457/0.2230；oracle外分位点=21.78%
[19/126] CHL-S_TEB-M_soil：MSE=136.385；RMSE=11.5146；shape-MSE/RMSE=0.0800873/0.278643；model-norm MSE/RMSE=0.000630008/0.024748；cos=0.964908；r=0.959956；W1raw=5.222505；W1norm=0.044565
  平均谱：MSE=54.4612；cos=0.985259；r=0.983067
  train分布参照：generated/train MSE=52.5667；held-out/train MSE=77.1032；ratio=0.6818
  多样性MSE：train=139.97；generated=123.174；ratio=0.8800；Pearson-distance ratio=0.9337
  峰形多样性：position-std ratio=0.8335；height-IQR ratio=1.2148；width-IQR ratio=1.0287；position frozen=22.222%
  负值：min=-30.958；<-40点=0.000000%；<-40光谱=0.000%
  training逐点包络外：lower点/光谱=0.000000%/0.000%；upper点/光谱=0.023672%/10.000%
  QQ拟合：raw R2=0.998163, RMSE=2.62319；model-normalized R2=0.998163, RMSE=0.00563792；training-standardized R2=0.994723, RMSE=0.114264
  QQ尾宽/oracle区间：lower=0.8582/[0.8416,1.1973]；upper=0.9787/[0.9039,1.1413]；overrun=False；underrun=False
  QQ四段比率[1-10,10-50,50-90,90-99]=[0.7890,0.9342,0.9954,0.9621]；尾部曲率RMSE(lower/upper)=0.3153/0.1109；oracle外分位点=22.77%
[20/126] CHL-S_TEB-M_water：MSE=123.017；RMSE=10.9104；shape-MSE/RMSE=0.0773531/0.273134；model-norm MSE/RMSE=0.000568256/0.0234493；cos=0.966173；r=0.961323；W1raw=5.836621；W1norm=0.052596
  平均谱：MSE=55.0319；cos=0.985911；r=0.983735
  train分布参照：generated/train MSE=65.6274；held-out/train MSE=99.0335；ratio=0.6627
  多样性MSE：train=184.764；generated=155.879；ratio=0.8437；Pearson-distance ratio=0.8422
  峰形多样性：position-std ratio=0.9249；height-IQR ratio=0.9070；width-IQR ratio=0.8404；position frozen=0.000%
  负值：min=-41.299；<-40点=0.007891%；<-40光谱=5.000%
  training逐点包络外：lower点/光谱=0.000000%/0.000%；upper点/光谱=0.036823%/20.000%
  QQ拟合：raw R2=0.999006, RMSE=2.64126；model-normalized R2=0.999006, RMSE=0.00567677；training-standardized R2=0.995013, RMSE=0.0831412
  QQ尾宽/oracle区间：lower=0.9009/[0.8563,1.1301]；upper=0.8156/[0.8887,1.1414]；overrun=False；underrun=True
  QQ四段比率[1-10,10-50,50-90,90-99]=[0.8284,0.9710,1.0328,0.6585]；尾部曲率RMSE(lower/upper)=0.1551/0.2354；oracle外分位点=0.99%
[21/126] CHL-S_TEB-S_soil：MSE=108.786；RMSE=10.1863；shape-MSE/RMSE=0.119413/0.340687；model-norm MSE/RMSE=0.000502518/0.021893；cos=0.946370；r=0.940294；W1raw=4.316382；W1norm=0.046026
  平均谱：MSE=19.1882；cos=0.990027；r=0.988750
  train分布参照：generated/train MSE=60.0917；held-out/train MSE=55.5337；ratio=1.0821
  多样性MSE：train=149.453；generated=163.354；ratio=1.0930；Pearson-distance ratio=1.1136
  峰形多样性：position-std ratio=1.1131；height-IQR ratio=1.3818；width-IQR ratio=1.1900；position frozen=0.000%
  负值：min=-34.310；<-40点=0.000000%；<-40光谱=0.000%
  training逐点包络外：lower点/光谱=0.044713%/10.000%；upper点/光谱=0.052604%/20.000%
  QQ拟合：raw R2=0.999062, RMSE=1.90432；model-normalized R2=0.999062, RMSE=0.00409288；training-standardized R2=0.992257, RMSE=0.114394
  QQ尾宽/oracle区间：lower=0.9179/[0.8959,1.1210]；upper=1.0540/[0.8565,1.1599]；overrun=False；underrun=False
  QQ四段比率[1-10,10-50,50-90,90-99]=[0.7671,1.0863,1.1784,0.9283]；尾部曲率RMSE(lower/upper)=0.3534/0.1799；oracle外分位点=2.97%
[22/126] CHL-S_TEB-S_water：MSE=114.067；RMSE=10.4177；shape-MSE/RMSE=0.131296/0.355476；model-norm MSE/RMSE=0.000526916/0.0223904；cos=0.942332；r=0.934352；W1raw=4.464744；W1norm=0.051298
  平均谱：MSE=20.088；cos=0.988333；r=0.986492
  train分布参照：generated/train MSE=58.6889；held-out/train MSE=61.0776；ratio=0.9609
  多样性MSE：train=119.051；generated=132.421；ratio=1.1123；Pearson-distance ratio=0.9010
  峰形多样性：position-std ratio=0.9940；height-IQR ratio=1.0017；width-IQR ratio=1.0498；position frozen=0.000%
  负值：min=-32.320；<-40点=0.000000%；<-40光谱=0.000%
  training逐点包络外：lower点/光谱=0.018411%/10.000%；upper点/光谱=0.000000%/0.000%
  QQ拟合：raw R2=0.998033, RMSE=1.53257；model-normalized R2=0.998033, RMSE=0.00329389；training-standardized R2=0.988567, RMSE=0.170191
  QQ尾宽/oracle区间：lower=0.7878/[0.8776,1.1183]；upper=0.6860/[0.7879,1.2371]；overrun=False；underrun=True
  QQ四段比率[1-10,10-50,50-90,90-99]=[0.6422,0.9564,0.9511,0.5059]；尾部曲率RMSE(lower/upper)=0.2645/0.4055；oracle外分位点=4.95%
[23/126] CHL-S_soil：MSE=44.6134；RMSE=6.6084；shape-MSE/RMSE=0.0191332/0.136875；model-norm MSE/RMSE=0.000206084/0.0142032；cos=0.991159；r=0.990433；W1raw=2.888875；W1norm=0.023512
  平均谱：MSE=8.06445；cos=0.998328；r=0.998170
  train分布参照：generated/train MSE=27.7486；held-out/train MSE=35.88；ratio=0.7734
  多样性MSE：train=74.8947；generated=64.5653；ratio=0.8621；Pearson-distance ratio=0.8241
  峰形多样性：position-std ratio=0.9591；height-IQR ratio=1.0902；width-IQR ratio=0.8401；position frozen=10.000%
  负值：min=-29.253；<-40点=0.000000%；<-40光谱=0.000%
  training逐点包络外：lower点/光谱=0.000000%/0.000%；upper点/光谱=0.105208%/30.000%
  QQ拟合：raw R2=0.999154, RMSE=1.20253；model-normalized R2=0.999154, RMSE=0.00258455；training-standardized R2=0.993723, RMSE=0.0808409
  QQ尾宽/oracle区间：lower=0.8062/[0.8688,1.1265]；upper=0.9575/[0.9231,1.0738]；overrun=False；underrun=True
  QQ四段比率[1-10,10-50,50-90,90-99]=[0.6637,1.0015,1.0540,0.8643]；尾部曲率RMSE(lower/upper)=0.3299/0.1336；oracle外分位点=1.98%
[24/126] CHL-S_water：MSE=85.4501；RMSE=9.06425；shape-MSE/RMSE=0.0442311/0.207209；model-norm MSE/RMSE=0.000394723/0.0194815；cos=0.979627；r=0.977884；W1raw=4.163087；W1norm=0.035966
  平均谱：MSE=28.9835；cos=0.992460；r=0.991692
  train分布参照：generated/train MSE=41.3293；held-out/train MSE=51.3122；ratio=0.8054
  多样性MSE：train=115.52；generated=101.153；ratio=0.8756；Pearson-distance ratio=0.8805
  峰形多样性：position-std ratio=0.7828；height-IQR ratio=0.7004；width-IQR ratio=0.9138；position frozen=0.000%
  负值：min=-40.603；<-40点=0.005260%；<-40光谱=5.000%
  training逐点包络外：lower点/光谱=0.000000%/0.000%；upper点/光谱=0.000000%/0.000%
  QQ拟合：raw R2=0.999408, RMSE=1.36879；model-normalized R2=0.999408, RMSE=0.0029419；training-standardized R2=0.989925, RMSE=0.159199
  QQ尾宽/oracle区间：lower=0.8523/[0.9474,1.1145]；upper=0.7111/[0.8888,1.1135]；overrun=False；underrun=True
  QQ四段比率[1-10,10-50,50-90,90-99]=[0.8033,0.8957,0.9487,0.5299]；尾部曲率RMSE(lower/upper)=0.2018/0.3796；oracle外分位点=6.93%
[25/126] DEL-H_CHL-H_soil：MSE=234.658；RMSE=14.8077；shape-MSE/RMSE=0.0379131/0.188457；model-norm MSE/RMSE=0.00108397/0.0318257；cos=0.983189；r=0.981043；W1raw=6.240106；W1norm=0.028883
  平均谱：MSE=39.8671；cos=0.997017；r=0.996590
  train分布参照：generated/train MSE=138.303；held-out/train MSE=166.001；ratio=0.8331
  多样性MSE：train=429.308；generated=375.911；ratio=0.8756；Pearson-distance ratio=0.8251
  峰形多样性：position-std ratio=0.8416；height-IQR ratio=1.0783；width-IQR ratio=0.8858；position frozen=0.000%
  负值：min=-61.339；<-40点=0.176223%；<-40光谱=40.000%
  training逐点包络外：lower点/光谱=0.000000%/0.000%；upper点/光谱=0.007891%/10.000%
  QQ拟合：raw R2=0.999573, RMSE=2.79219；model-normalized R2=0.999573, RMSE=0.00600116；training-standardized R2=0.977985, RMSE=0.148908
  QQ尾宽/oracle区间：lower=0.7489/[0.8663,1.1395]；upper=0.7635/[0.8972,1.1200]；overrun=False；underrun=True
  QQ四段比率[1-10,10-50,50-90,90-99]=[0.5348,1.1350,1.0592,0.5588]；尾部曲率RMSE(lower/upper)=0.4895/0.4497；oracle外分位点=4.95%
[26/126] DEL-H_CHL-H_water：MSE=316.707；RMSE=17.4371；shape-MSE/RMSE=0.0457087/0.209631；model-norm MSE/RMSE=0.00146298/0.0374769；cos=0.979912；r=0.977146；W1raw=7.743013；W1norm=0.037067
  平均谱：MSE=93.0785；cos=0.993087；r=0.992114
  train分布参照：generated/train MSE=160.029；held-out/train MSE=229.161；ratio=0.6983
  多样性MSE：train=409.016；generated=355.567；ratio=0.8693；Pearson-distance ratio=0.8927
  峰形多样性：position-std ratio=1.0201；height-IQR ratio=0.9889；width-IQR ratio=0.9117；position frozen=11.111%
  负值：min=-55.499；<-40点=0.042083%；<-40光谱=15.000%
  training逐点包络外：lower点/光谱=0.057864%/15.000%；upper点/光谱=0.099947%/20.000%
  QQ拟合：raw R2=0.999114, RMSE=4.22717；model-normalized R2=0.999114, RMSE=0.00908531；training-standardized R2=0.994313, RMSE=0.213531
  QQ尾宽/oracle区间：lower=0.7381/[0.8651,1.1226]；upper=0.8030/[0.8926,1.0855]；overrun=False；underrun=True
  QQ四段比率[1-10,10-50,50-90,90-99]=[0.5818,0.9592,0.9575,0.6677]；尾部曲率RMSE(lower/upper)=0.2194/0.1727；oracle外分位点=66.34%
[27/126] DEL-H_CHL-M_soil：MSE=224.526；RMSE=14.8735；shape-MSE/RMSE=0.0382904/0.194423；model-norm MSE/RMSE=0.00103716/0.0319671；cos=0.982916；r=0.980855；W1raw=5.959637；W1norm=0.030471
  平均谱：MSE=34.892；cos=0.996616；r=0.996310
  train分布参照：generated/train MSE=103.394；held-out/train MSE=152.307；ratio=0.6789
  多样性MSE：train=320.599；generated=287.132；ratio=0.8956；Pearson-distance ratio=0.8400
  峰形多样性：position-std ratio=0.9190；height-IQR ratio=1.0522；width-IQR ratio=0.9526；position frozen=0.000%
  负值：min=-47.851；<-40点=0.134140%；<-40光谱=40.000%
  training逐点包络外：lower点/光谱=0.000000%/0.000%；upper点/光谱=0.078906%/15.000%
  QQ拟合：raw R2=0.999389, RMSE=2.08141；model-normalized R2=0.999389, RMSE=0.0044735；training-standardized R2=0.994338, RMSE=0.208509
  QQ尾宽/oracle区间：lower=0.8363/[0.9292,1.0933]；upper=0.7452/[0.8696,1.1207]；overrun=False；underrun=True
  QQ四段比率[1-10,10-50,50-90,90-99]=[0.7062,1.0199,0.8688,0.6426]；尾部曲率RMSE(lower/upper)=0.1341/0.2209；oracle外分位点=46.53%
[28/126] DEL-H_CHL-M_water：MSE=411.259；RMSE=19.7017；shape-MSE/RMSE=0.0493471/0.216977；model-norm MSE/RMSE=0.00189974/0.0423441；cos=0.978221；r=0.975326；W1raw=6.960512；W1norm=0.037642
  平均谱：MSE=108.438；cos=0.993799；r=0.992900
  train分布参照：generated/train MSE=115.322；held-out/train MSE=334.869；ratio=0.3444
  多样性MSE：train=262.946；generated=231.392；ratio=0.8800；Pearson-distance ratio=0.9750
  峰形多样性：position-std ratio=0.8707；height-IQR ratio=0.9157；width-IQR ratio=0.8764；position frozen=10.000%
  负值：min=-43.260；<-40点=0.015781%；<-40光谱=10.000%
  training逐点包络外：lower点/光谱=0.000000%/0.000%；upper点/光谱=0.000000%/0.000%
  QQ拟合：raw R2=0.998736, RMSE=7.81098；model-normalized R2=0.998736, RMSE=0.0167879；training-standardized R2=0.993665, RMSE=0.244985
  QQ尾宽/oracle区间：lower=0.8191/[0.8855,1.1108]；upper=0.7619/[0.9161,1.1203]；overrun=False；underrun=True
  QQ四段比率[1-10,10-50,50-90,90-99]=[0.7011,0.9803,0.7703,0.7536]；尾部曲率RMSE(lower/upper)=0.1177/0.2458；oracle外分位点=25.74%
[29/126] DEL-H_CHL-S_soil：MSE=356.322；RMSE=18.7029；shape-MSE/RMSE=0.0607241/0.23977；model-norm MSE/RMSE=0.00164597/0.0401975；cos=0.972717；r=0.969638；W1raw=6.827075；W1norm=0.041085
  平均谱：MSE=45.5472；cos=0.994176；r=0.993405
  train分布参照：generated/train MSE=120.523；held-out/train MSE=245.658；ratio=0.4906
  多样性MSE：train=337.225；generated=290.637；ratio=0.8618；Pearson-distance ratio=0.7668
  峰形多样性：position-std ratio=0.9625；height-IQR ratio=1.0686；width-IQR ratio=1.0789；position frozen=0.000%
  负值：min=-47.912；<-40点=0.099947%；<-40光谱=30.000%
  training逐点包络外：lower点/光谱=0.021042%/15.000%；upper点/光谱=0.018411%/25.000%
  QQ拟合：raw R2=0.998328, RMSE=2.52405；model-normalized R2=0.998328, RMSE=0.00542485；training-standardized R2=0.992790, RMSE=0.150971
  QQ尾宽/oracle区间：lower=0.8846/[0.8809,1.1449]；upper=0.8014/[0.9305,1.1108]；overrun=False；underrun=True
  QQ四段比率[1-10,10-50,50-90,90-99]=[0.8174,0.9599,1.0235,0.6393]；尾部曲率RMSE(lower/upper)=0.2049/0.3353；oracle外分位点=4.95%
[30/126] DEL-H_CHL-S_water：MSE=228.469；RMSE=14.8589；shape-MSE/RMSE=0.0513418/0.223756；model-norm MSE/RMSE=0.00105538/0.0319358；cos=0.977416；r=0.974329；W1raw=7.135643；W1norm=0.043115
  平均谱：MSE=91.7089；cos=0.992563；r=0.991497
  train分布参照：generated/train MSE=111.972；held-out/train MSE=186.728；ratio=0.5997
  多样性MSE：train=285.607；generated=248.98；ratio=0.8718；Pearson-distance ratio=0.7710
  峰形多样性：position-std ratio=0.9101；height-IQR ratio=0.9970；width-IQR ratio=0.7184；position frozen=0.000%
  负值：min=-43.585；<-40点=0.013151%；<-40光谱=10.000%
  training逐点包络外：lower点/光谱=0.000000%/0.000%；upper点/光谱=0.010521%/15.000%
  QQ拟合：raw R2=0.997318, RMSE=6.86072；model-normalized R2=0.997318, RMSE=0.0147455；training-standardized R2=0.989979, RMSE=0.138783
  QQ尾宽/oracle区间：lower=0.8587/[0.9221,1.1086]；upper=0.7391/[0.9248,1.1250]；overrun=False；underrun=True
  QQ四段比率[1-10,10-50,50-90,90-99]=[0.7611,0.9656,0.9202,0.5959]；尾部曲率RMSE(lower/upper)=0.2401/0.3977；oracle外分位点=8.91%
[31/126] DEL-H_TEB-H_CHL-H_soil：MSE=201.862；RMSE=13.7357；shape-MSE/RMSE=0.0134951/0.11503；model-norm MSE/RMSE=0.000932468/0.0295216；cos=0.994205；r=0.993252；W1raw=5.614602；W1norm=0.020387
  平均谱：MSE=32.8907；cos=0.998706；r=0.998498
  train分布参照：generated/train MSE=161.894；held-out/train MSE=124.676；ratio=1.2985
  多样性MSE：train=291.451；generated=254.862；ratio=0.8745；Pearson-distance ratio=0.8576
  峰形多样性：position-std ratio=0.9131；height-IQR ratio=1.2442；width-IQR ratio=0.9269；position frozen=0.000%
  负值：min=-46.932；<-40点=0.026302%；<-40光谱=10.000%
  training逐点包络外：lower点/光谱=0.000000%/0.000%；upper点/光谱=0.000000%/0.000%
  QQ拟合：raw R2=0.999673, RMSE=2.74456；model-normalized R2=0.999673, RMSE=0.00589878；training-standardized R2=0.997198, RMSE=0.0515004
  QQ尾宽/oracle区间：lower=1.0688/[0.8915,1.1610]；upper=0.9129/[0.8541,1.1952]；overrun=False；underrun=False
  QQ四段比率[1-10,10-50,50-90,90-99]=[1.1345,1.0165,1.0292,0.7946]；尾部曲率RMSE(lower/upper)=0.0327/0.1836；oracle外分位点=0.00%
[32/126] DEL-H_TEB-H_CHL-H_water：MSE=181.631；RMSE=13.2603；shape-MSE/RMSE=0.0144392/0.117743；model-norm MSE/RMSE=0.000839015/0.0284998；cos=0.994086；r=0.992780；W1raw=6.030491；W1norm=0.020922
  平均谱：MSE=40.4724；cos=0.998625；r=0.998314
  train分布参照：generated/train MSE=143.721；held-out/train MSE=198.996；ratio=0.7222
  多样性MSE：train=261.045；generated=233.891；ratio=0.8960；Pearson-distance ratio=0.8471
  峰形多样性：position-std ratio=0.9060；height-IQR ratio=1.2890；width-IQR ratio=0.8535；position frozen=0.000%
  负值：min=-43.148；<-40点=0.010521%；<-40光谱=5.000%
  training逐点包络外：lower点/光谱=0.000000%/0.000%；upper点/光谱=0.000000%/0.000%
  QQ拟合：raw R2=0.999720, RMSE=1.83421；model-normalized R2=0.999720, RMSE=0.00394219；training-standardized R2=0.997501, RMSE=0.117721
  QQ尾宽/oracle区间：lower=0.8036/[0.8924,1.1394]；upper=0.8107/[0.8666,1.1882]；overrun=False；underrun=True
  QQ四段比率[1-10,10-50,50-90,90-99]=[0.7210,0.8925,0.9327,0.7093]；尾部曲率RMSE(lower/upper)=0.1041/0.1105；oracle外分位点=1.98%
[33/126] DEL-H_TEB-H_CHL-M_soil：MSE=501.84；RMSE=21.4905；shape-MSE/RMSE=0.0171831/0.128172；model-norm MSE/RMSE=0.00231817/0.0461887；cos=0.992734；r=0.991408；W1raw=6.898107；W1norm=0.024947
  平均谱：MSE=51.7978；cos=0.998060；r=0.997701
  train分布参照：generated/train MSE=203.359；held-out/train MSE=395.736；ratio=0.5139
  多样性MSE：train=346.835；generated=304.536；ratio=0.8780；Pearson-distance ratio=1.0235
  峰形多样性：position-std ratio=0.9159；height-IQR ratio=1.1707；width-IQR ratio=1.1246；position frozen=0.000%
  负值：min=-59.681；<-40点=0.060494%；<-40光谱=10.000%
  training逐点包络外：lower点/光谱=0.000000%/0.000%；upper点/光谱=0.021042%/10.000%
  QQ拟合：raw R2=0.999670, RMSE=4.57391；model-normalized R2=0.999670, RMSE=0.00983054；training-standardized R2=0.998342, RMSE=0.0753264
  QQ尾宽/oracle区间：lower=1.0737/[0.8287,1.2080]；upper=0.9935/[0.7494,1.2706]；overrun=False；underrun=False
  QQ四段比率[1-10,10-50,50-90,90-99]=[1.1246,1.0298,0.9941,0.9928]；尾部曲率RMSE(lower/upper)=0.0601/0.1157；oracle外分位点=0.00%
[34/126] DEL-H_TEB-H_CHL-M_water：MSE=327.337；RMSE=17.7813；shape-MSE/RMSE=0.0166589/0.127493；model-norm MSE/RMSE=0.00151208/0.0382166；cos=0.993124；r=0.991671；W1raw=7.712559；W1norm=0.027833
  平均谱：MSE=104.933；cos=0.996644；r=0.995978
  train分布参照：generated/train MSE=129.757；held-out/train MSE=269.722；ratio=0.4811
  多样性MSE：train=231.158；generated=239.936；ratio=1.0380；Pearson-distance ratio=1.0118
  峰形多样性：position-std ratio=0.9023；height-IQR ratio=1.3663；width-IQR ratio=0.8272；position frozen=0.000%
  负值：min=-43.719；<-40点=0.010521%；<-40光谱=5.000%
  training逐点包络外：lower点/光谱=0.000000%/0.000%；upper点/光谱=0.000000%/0.000%
  QQ拟合：raw R2=0.998844, RMSE=4.77592；model-normalized R2=0.998844, RMSE=0.0102647；training-standardized R2=0.996191, RMSE=0.301802
  QQ尾宽/oracle区间：lower=0.6502/[0.9206,1.0814]；upper=0.7640/[0.9419,1.0672]；overrun=False；underrun=True
  QQ四段比率[1-10,10-50,50-90,90-99]=[0.5486,0.7757,0.8046,0.7194]；尾部曲率RMSE(lower/upper)=0.2347/0.0937；oracle外分位点=40.59%
[35/126] DEL-H_TEB-H_CHL-S_soil：MSE=461.783；RMSE=19.3613；shape-MSE/RMSE=0.013882/0.11651；model-norm MSE/RMSE=0.00213313/0.0416124；cos=0.993991；r=0.993059；W1raw=5.969234；W1norm=0.021499
  平均谱：MSE=31.2684；cos=0.998338；r=0.998070
  train分布参照：generated/train MSE=141.656；held-out/train MSE=265.611；ratio=0.5333
  多样性MSE：train=265.277；generated=281.498；ratio=1.0611；Pearson-distance ratio=0.9072
  峰形多样性：position-std ratio=0.9151；height-IQR ratio=1.2515；width-IQR ratio=0.8923；position frozen=0.000%
  负值：min=-48.141；<-40点=0.049974%；<-40光谱=20.000%
  training逐点包络外：lower点/光谱=0.013151%/10.000%；upper点/光谱=0.042083%/20.000%
  QQ拟合：raw R2=0.999430, RMSE=2.13613；model-normalized R2=0.999430, RMSE=0.0045911；training-standardized R2=0.989511, RMSE=0.143419
  QQ尾宽/oracle区间：lower=0.9168/[0.9283,1.0773]；upper=0.8140/[0.9135,1.1300]；overrun=False；underrun=True
  QQ四段比率[1-10,10-50,50-90,90-99]=[0.7486,1.1307,0.8745,0.7457]；尾部曲率RMSE(lower/upper)=0.1297/0.3751；oracle外分位点=1.98%
[36/126] DEL-H_TEB-H_CHL-S_water：MSE=290.38；RMSE=16.1943；shape-MSE/RMSE=0.0142165/0.118053；model-norm MSE/RMSE=0.00134136/0.0348058；cos=0.994081；r=0.992892；W1raw=6.551927；W1norm=0.023911
  平均谱：MSE=69.8964；cos=0.998876；r=0.998660
  train分布参照：generated/train MSE=192.299；held-out/train MSE=224.098；ratio=0.8581
  多样性MSE：train=295.71；generated=259.865；ratio=0.8788；Pearson-distance ratio=0.7469
  峰形多样性：position-std ratio=0.7564；height-IQR ratio=0.9896；width-IQR ratio=0.8558；position frozen=33.333%
  负值：min=-39.898；<-40点=0.000000%；<-40光谱=0.000%
  training逐点包络外：lower点/光谱=0.000000%/0.000%；upper点/光谱=0.000000%/0.000%
  QQ拟合：raw R2=0.999492, RMSE=6.15271；model-normalized R2=0.999492, RMSE=0.0132238；training-standardized R2=0.996536, RMSE=0.135317
  QQ尾宽/oracle区间：lower=0.8484/[0.8739,1.1357]；upper=0.7649/[0.8339,1.2183]；overrun=False；underrun=True
  QQ四段比率[1-10,10-50,50-90,90-99]=[0.8217,0.8716,0.9437,0.6123]；尾部曲率RMSE(lower/upper)=0.1121/0.1611；oracle外分位点=9.90%
[37/126] DEL-H_TEB-H_soil：MSE=50.1217；RMSE=7.04818；shape-MSE/RMSE=0.0361878/0.18922；model-norm MSE/RMSE=0.000231529/0.0151484；cos=0.983270；r=0.981906；W1raw=2.637065；W1norm=0.031494
  平均谱：MSE=8.78483；cos=0.997536；r=0.997323
  train分布参照：generated/train MSE=18.9495；held-out/train MSE=38.1245；ratio=0.4970
  多样性MSE：train=68.462；generated=67.1292；ratio=0.9805；Pearson-distance ratio=0.9498
  峰形多样性：position-std ratio=0.9489；height-IQR ratio=1.2700；width-IQR ratio=0.9492；position frozen=11.111%
  负值：min=-22.466；<-40点=0.000000%；<-40光谱=0.000%
  training逐点包络外：lower点/光谱=0.000000%/0.000%；upper点/光谱=0.017844%/5.000%
  QQ拟合：raw R2=0.998711, RMSE=1.82657；model-normalized R2=0.998711, RMSE=0.00392579；training-standardized R2=0.986646, RMSE=0.17211
  QQ尾宽/oracle区间：lower=0.8509/[0.8939,1.1482]；upper=0.7051/[0.8882,1.1613]；overrun=False；underrun=True
  QQ四段比率[1-10,10-50,50-90,90-99]=[0.7763,0.9247,0.9422,0.5457]；尾部曲率RMSE(lower/upper)=0.2517/0.5321；oracle外分位点=11.88%
[38/126] DEL-H_TEB-H_water：MSE=36.6288；RMSE=5.99595；shape-MSE/RMSE=0.0258931/0.159633；model-norm MSE/RMSE=0.000169201/0.0128869；cos=0.988093；r=0.987053；W1raw=2.556025；W1norm=0.028592
  平均谱：MSE=14.5722；cos=0.995110；r=0.994661
  train分布参照：generated/train MSE=15.4274；held-out/train MSE=27.336；ratio=0.5644
  多样性MSE：train=45.1112；generated=44.1082；ratio=0.9778；Pearson-distance ratio=0.9666
  峰形多样性：position-std ratio=0.9614；height-IQR ratio=1.0083；width-IQR ratio=1.0236；position frozen=11.111%
  负值：min=-25.876；<-40点=0.000000%；<-40光谱=0.000%
  training逐点包络外：lower点/光谱=0.000000%/0.000%；upper点/光谱=0.000000%/0.000%
  QQ拟合：raw R2=0.998560, RMSE=1.79446；model-normalized R2=0.998560, RMSE=0.00385677；training-standardized R2=0.994213, RMSE=0.0835039
  QQ尾宽/oracle区间：lower=0.9361/[0.8574,1.2019]；upper=0.9355/[0.9241,1.1348]；overrun=False；underrun=False
  QQ四段比率[1-10,10-50,50-90,90-99]=[0.8152,1.0890,0.9993,0.8805]；尾部曲率RMSE(lower/upper)=0.2426/0.3168；oracle外分位点=1.98%
[39/126] DEL-H_TEB-M_CHL-H_soil：MSE=195.682；RMSE=13.6249；shape-MSE/RMSE=0.023293/0.151189；model-norm MSE/RMSE=0.000903919/0.0292836；cos=0.990088；r=0.988354；W1raw=5.044182；W1norm=0.023041
  平均谱：MSE=23.4449；cos=0.997930；r=0.997556
  train分布参照：generated/train MSE=73.1614；held-out/train MSE=152.289；ratio=0.4804
  多样性MSE：train=175.832；generated=152.669；ratio=0.8683；Pearson-distance ratio=0.8579
  峰形多样性：position-std ratio=0.9258；height-IQR ratio=1.2199；width-IQR ratio=1.1075；position frozen=0.000%
  负值：min=-36.322；<-40点=0.000000%；<-40光谱=0.000%
  training逐点包络外：lower点/光谱=0.000000%/0.000%；upper点/光谱=0.000000%/0.000%
  QQ拟合：raw R2=0.999725, RMSE=1.43214；model-normalized R2=0.999725, RMSE=0.00307805；training-standardized R2=0.991616, RMSE=0.195795
  QQ尾宽/oracle区间：lower=0.6940/[0.9167,1.0955]；upper=0.8277/[0.9169,1.1037]；overrun=False；underrun=True
  QQ四段比率[1-10,10-50,50-90,90-99]=[0.5767,0.8355,0.8828,0.7722]；尾部曲率RMSE(lower/upper)=0.3533/0.1316；oracle外分位点=19.80%
[40/126] DEL-H_TEB-M_CHL-H_water：MSE=257.477；RMSE=15.747；shape-MSE/RMSE=0.0185754/0.134089；model-norm MSE/RMSE=0.00118937/0.0338444；cos=0.992429；r=0.990712；W1raw=6.604001；W1norm=0.028098
  平均谱：MSE=70.4917；cos=0.997554；r=0.996983
  train分布参照：generated/train MSE=66.8262；held-out/train MSE=179.247；ratio=0.3728
  多样性MSE：train=220.626；generated=193.566；ratio=0.8773；Pearson-distance ratio=0.8415
  峰形多样性：position-std ratio=0.9761；height-IQR ratio=1.0985；width-IQR ratio=0.9302；position frozen=0.000%
  负值：min=-30.130；<-40点=0.000000%；<-40光谱=0.000%
  training逐点包络外：lower点/光谱=0.000000%/0.000%；upper点/光谱=0.015781%/15.000%
  QQ拟合：raw R2=0.999901, RMSE=4.86755；model-normalized R2=0.999901, RMSE=0.0104616；training-standardized R2=0.995578, RMSE=0.280038
  QQ尾宽/oracle区间：lower=0.8410/[0.9151,1.1061]；upper=0.7406/[0.9135,1.0772]；overrun=False；underrun=True
  QQ四段比率[1-10,10-50,50-90,90-99]=[0.7601,0.9148,0.8457,0.6341]；尾部曲率RMSE(lower/upper)=0.0935/0.2632；oracle外分位点=82.18%
[41/126] DEL-H_TEB-M_CHL-M_soil：MSE=238.434；RMSE=14.8994；shape-MSE/RMSE=0.0295702/0.167885；model-norm MSE/RMSE=0.00110141/0.0320227；cos=0.987338；r=0.985215；W1raw=6.516586；W1norm=0.030640
  平均谱：MSE=76.2871；cos=0.995200；r=0.994332
  train分布参照：generated/train MSE=70.2106；held-out/train MSE=180.249；ratio=0.3895
  多样性MSE：train=208.845；generated=179.568；ratio=0.8598；Pearson-distance ratio=0.8878
  峰形多样性：position-std ratio=0.9022；height-IQR ratio=1.2040；width-IQR ratio=0.9694；position frozen=0.000%
  负值：min=-37.926；<-40点=0.000000%；<-40光谱=0.000%
  training逐点包络外：lower点/光谱=0.005260%/5.000%；upper点/光谱=0.005260%/10.000%
  QQ拟合：raw R2=0.999808, RMSE=4.80291；model-normalized R2=0.999808, RMSE=0.0103227；training-standardized R2=0.994891, RMSE=0.250423
  QQ尾宽/oracle区间：lower=0.7072/[0.9075,1.1420]；upper=0.7839/[0.9142,1.1154]；overrun=False；underrun=True
  QQ四段比率[1-10,10-50,50-90,90-99]=[0.5673,0.9173,0.7993,0.7670]；尾部曲率RMSE(lower/upper)=0.2235/0.1035；oracle外分位点=32.67%
[42/126] DEL-H_TEB-M_CHL-M_water：MSE=215.839；RMSE=14.3265；shape-MSE/RMSE=0.0223622/0.146195；model-norm MSE/RMSE=0.000997031/0.0307915；cos=0.990774；r=0.988819；W1raw=6.426800；W1norm=0.028036
  平均谱：MSE=58.4515；cos=0.997963；r=0.997503
  train分布参照：generated/train MSE=89.4822；held-out/train MSE=143.264；ratio=0.6246
  多样性MSE：train=255.895；generated=224.089；ratio=0.8757；Pearson-distance ratio=1.0257
  峰形多样性：position-std ratio=0.8063；height-IQR ratio=0.8648；width-IQR ratio=1.1094；position frozen=10.000%
  负值：min=-38.868；<-40点=0.000000%；<-40光谱=0.000%
  training逐点包络外：lower点/光谱=0.000000%/0.000%；upper点/光谱=0.000000%/0.000%
  QQ拟合：raw R2=0.999532, RMSE=4.59071；model-normalized R2=0.999532, RMSE=0.00986664；training-standardized R2=0.997475, RMSE=0.214731
  QQ尾宽/oracle区间：lower=0.8903/[0.8833,1.1283]；upper=0.9176/[0.8726,1.1486]；overrun=False；underrun=False
  QQ四段比率[1-10,10-50,50-90,90-99]=[0.9042,0.8785,1.0472,0.7844]；尾部曲率RMSE(lower/upper)=0.1611/0.0707；oracle外分位点=2.97%
[43/126] DEL-H_TEB-M_CHL-S_soil：MSE=172.783；RMSE=12.9505；shape-MSE/RMSE=0.0254562/0.157992；model-norm MSE/RMSE=0.000798141/0.027834；cos=0.989135；r=0.987272；W1raw=4.993422；W1norm=0.023523
  平均谱：MSE=24.7574；cos=0.997711；r=0.997373
  train分布参照：generated/train MSE=77.7803；held-out/train MSE=152.395；ratio=0.5104
  多样性MSE：train=182.966；generated=156.557；ratio=0.8557；Pearson-distance ratio=0.7326
  峰形多样性：position-std ratio=0.9503；height-IQR ratio=0.9778；width-IQR ratio=0.9043；position frozen=0.000%
  负值：min=-32.643；<-40点=0.000000%；<-40光谱=0.000%
  training逐点包络外：lower点/光谱=0.000000%/0.000%；upper点/光谱=0.057864%/20.000%
  QQ拟合：raw R2=0.999763, RMSE=1.44391；model-normalized R2=0.999763, RMSE=0.00310334；training-standardized R2=0.996117, RMSE=0.173135
  QQ尾宽/oracle区间：lower=0.8571/[0.9203,1.1126]；upper=0.7752/[0.8827,1.1226]；overrun=False；underrun=True
  QQ四段比率[1-10,10-50,50-90,90-99]=[0.7525,0.9796,0.8659,0.6812]；尾部曲率RMSE(lower/upper)=0.1005/0.2030；oracle外分位点=22.77%
[44/126] DEL-H_TEB-M_CHL-S_water：MSE=302.917；RMSE=16.9432；shape-MSE/RMSE=0.0255217/0.158524；model-norm MSE/RMSE=0.00139928/0.0364155；cos=0.989444；r=0.987239；W1raw=6.487988；W1norm=0.028558
  平均谱：MSE=61.2901；cos=0.997854；r=0.997411
  train分布参照：generated/train MSE=135.304；held-out/train MSE=191.789；ratio=0.7055
  多样性MSE：train=314.181；generated=275.721；ratio=0.8776；Pearson-distance ratio=0.9319
  峰形多样性：position-std ratio=0.8744；height-IQR ratio=0.9479；width-IQR ratio=1.3967；position frozen=10.000%
  负值：min=-29.135；<-40点=0.000000%；<-40光谱=0.000%
  training逐点包络外：lower点/光谱=0.000000%/0.000%；upper点/光谱=0.010521%/5.000%
  QQ拟合：raw R2=0.999438, RMSE=5.32541；model-normalized R2=0.999438, RMSE=0.0114457；training-standardized R2=0.991023, RMSE=0.203344
  QQ尾宽/oracle区间：lower=0.8602/[0.7896,1.2801]；upper=0.8320/[0.8225,1.2193]；overrun=False；underrun=False
  QQ四段比率[1-10,10-50,50-90,90-99]=[0.7271,1.0027,1.0849,0.6154]；尾部曲率RMSE(lower/upper)=0.2892/0.2862；oracle外分位点=25.74%
[45/126] DEL-H_TEB-M_soil：MSE=42.5727；RMSE=6.42723；shape-MSE/RMSE=0.0361968/0.187637；model-norm MSE/RMSE=0.000196658/0.0138138；cos=0.983265；r=0.981902；W1raw=2.188557；W1norm=0.026702
  平均谱：MSE=6.27885；cos=0.997235；r=0.996987
  train分布参照：generated/train MSE=18.1364；held-out/train MSE=28.6848；ratio=0.6323
  多样性MSE：train=57.8552；generated=50.3216；ratio=0.8698；Pearson-distance ratio=0.8705
  峰形多样性：position-std ratio=0.9828；height-IQR ratio=0.8588；width-IQR ratio=1.0444；position frozen=0.000%
  负值：min=-39.700；<-40点=0.000000%；<-40光谱=0.000%
  training逐点包络外：lower点/光谱=0.010707%/5.000%；upper点/光谱=0.028551%/10.000%
  QQ拟合：raw R2=0.999730, RMSE=0.656571；model-normalized R2=0.999730, RMSE=0.00141114；training-standardized R2=0.991481, RMSE=0.106083
  QQ尾宽/oracle区间：lower=0.9771/[0.8301,1.2207]；upper=0.7870/[0.9066,1.1048]；overrun=False；underrun=True
  QQ四段比率[1-10,10-50,50-90,90-99]=[0.8740,1.0924,0.8994,0.6962]；尾部曲率RMSE(lower/upper)=0.0720/0.3884；oracle外分位点=2.97%
[46/126] DEL-H_TEB-M_water：MSE=36.384；RMSE=5.96486；shape-MSE/RMSE=0.0300048/0.170816；model-norm MSE/RMSE=0.00016807/0.0128201；cos=0.986292；r=0.984998；W1raw=2.231452；W1norm=0.025243
  平均谱：MSE=6.13337；cos=0.997450；r=0.997195
  train分布参照：generated/train MSE=19.033；held-out/train MSE=33.1693；ratio=0.5738
  多样性MSE：train=56.7881；generated=49.9736；ratio=0.8800；Pearson-distance ratio=0.8873
  峰形多样性：position-std ratio=0.9848；height-IQR ratio=1.0893；width-IQR ratio=1.1204；position frozen=0.000%
  负值：min=-15.763；<-40点=0.000000%；<-40光谱=0.000%
  training逐点包络外：lower点/光谱=0.000000%/0.000%；upper点/光谱=0.000000%/0.000%
  QQ拟合：raw R2=0.999676, RMSE=0.638327；model-normalized R2=0.999676, RMSE=0.00137194；training-standardized R2=0.994351, RMSE=0.0786603
  QQ尾宽/oracle区间：lower=0.8927/[0.9074,1.1258]；upper=0.9683/[0.8943,1.1323]；overrun=False；underrun=True
  QQ四段比率[1-10,10-50,50-90,90-99]=[0.8037,0.9902,1.0881,0.8686]；尾部曲率RMSE(lower/upper)=0.3182/0.1598；oracle外分位点=0.99%
[47/126] DEL-H_TEB-S_CHL-H_soil：MSE=152.887；RMSE=12.0717；shape-MSE/RMSE=0.0433355/0.204867；model-norm MSE/RMSE=0.000706238/0.0259453；cos=0.981455；r=0.978332；W1raw=5.414559；W1norm=0.029990
  平均谱：MSE=29.6909；cos=0.996022；r=0.995311
  train分布参照：generated/train MSE=87.0413；held-out/train MSE=119.258；ratio=0.7299
  多样性MSE：train=208.091；generated=179.983；ratio=0.8649；Pearson-distance ratio=0.8560
  峰形多样性：position-std ratio=0.9761；height-IQR ratio=0.8692；width-IQR ratio=0.8606；position frozen=0.000%
  负值：min=-46.522；<-40点=0.081536%；<-40光谱=25.000%
  training逐点包络外：lower点/光谱=0.073645%/20.000%；upper点/光谱=0.021042%/15.000%
  QQ拟合：raw R2=0.999400, RMSE=1.88129；model-normalized R2=0.999400, RMSE=0.00404339；training-standardized R2=0.995664, RMSE=0.0880649
  QQ尾宽/oracle区间：lower=0.9549/[0.8611,1.1479]；upper=1.0027/[0.8769,1.1108]；overrun=False；underrun=False
  QQ四段比率[1-10,10-50,50-90,90-99]=[0.8882,1.0173,1.1141,0.8861]；尾部曲率RMSE(lower/upper)=0.2366/0.1371；oracle外分位点=0.00%
[48/126] DEL-H_TEB-S_CHL-H_water：MSE=202.899；RMSE=14.0294；shape-MSE/RMSE=0.0364312/0.18709；model-norm MSE/RMSE=0.000937261/0.0301529；cos=0.985139；r=0.981784；W1raw=7.101459；W1norm=0.036510
  平均谱：MSE=60.3656；cos=0.995474；r=0.994452
  train分布参照：generated/train MSE=100.622；held-out/train MSE=301.974；ratio=0.3332
  多样性MSE：train=248.097；generated=213.373；ratio=0.8600；Pearson-distance ratio=0.8879
  峰形多样性：position-std ratio=0.7853；height-IQR ratio=1.0821；width-IQR ratio=0.9948；position frozen=0.000%
  负值：min=-32.378；<-40点=0.000000%；<-40光谱=0.000%
  training逐点包络外：lower点/光谱=0.005260%/10.000%；upper点/光谱=0.036823%/25.000%
  QQ拟合：raw R2=0.999063, RMSE=2.91911；model-normalized R2=0.999063, RMSE=0.00627394；training-standardized R2=0.973407, RMSE=0.226777
  QQ尾宽/oracle区间：lower=0.6617/[0.8595,1.1470]；upper=0.6855/[0.8447,1.1529]；overrun=False；underrun=True
  QQ四段比率[1-10,10-50,50-90,90-99]=[0.5286,0.8544,1.0189,0.4806]；尾部曲率RMSE(lower/upper)=0.6484/0.4058；oracle外分位点=9.90%
[49/126] DEL-H_TEB-S_CHL-M_soil：MSE=136.094；RMSE=11.47；shape-MSE/RMSE=0.0302031/0.172345；model-norm MSE/RMSE=0.000628663/0.0246522；cos=0.987003；r=0.984898；W1raw=6.010289；W1norm=0.032292
  平均谱：MSE=53.5695；cos=0.995045；r=0.994150
  train分布参照：generated/train MSE=84.7163；held-out/train MSE=151.289；ratio=0.5600
  多样性MSE：train=180.771；generated=154.124；ratio=0.8526；Pearson-distance ratio=0.8075
  峰形多样性：position-std ratio=0.9029；height-IQR ratio=1.0371；width-IQR ratio=0.7615；position frozen=0.000%
  负值：min=-31.675；<-40点=0.000000%；<-40光谱=0.000%
  training逐点包络外：lower点/光谱=0.000000%/0.000%；upper点/光谱=0.028932%/10.000%
  QQ拟合：raw R2=0.998835, RMSE=4.42317；model-normalized R2=0.998835, RMSE=0.00950657；training-standardized R2=0.990660, RMSE=0.186663
  QQ尾宽/oracle区间：lower=0.7090/[0.9404,1.0878]；upper=0.7911/[0.8874,1.0860]；overrun=False；underrun=True
  QQ四段比率[1-10,10-50,50-90,90-99]=[0.6061,0.8307,0.9969,0.6246]；尾部曲率RMSE(lower/upper)=0.3476/0.2456；oracle外分位点=13.86%
[50/126] DEL-H_TEB-S_CHL-M_water：MSE=255.993；RMSE=15.8128；shape-MSE/RMSE=0.0370926/0.190793；model-norm MSE/RMSE=0.00118252/0.0339858；cos=0.984768；r=0.981454；W1raw=7.111562；W1norm=0.038112
  平均谱：MSE=56.7419；cos=0.996350；r=0.995553
  train分布参照：generated/train MSE=83.6696；held-out/train MSE=252.983；ratio=0.3307
  多样性MSE：train=229.127；generated=200.543；ratio=0.8753；Pearson-distance ratio=0.8769
  峰形多样性：position-std ratio=0.8943；height-IQR ratio=0.9311；width-IQR ratio=1.2899；position frozen=10.000%
  负值：min=-33.528；<-40点=0.000000%；<-40光谱=0.000%
  training逐点包络外：lower点/光谱=0.010521%/10.000%；upper点/光谱=0.042083%/20.000%
  QQ拟合：raw R2=0.999424, RMSE=4.52703；model-normalized R2=0.999424, RMSE=0.00972979；training-standardized R2=0.993420, RMSE=0.419081
  QQ尾宽/oracle区间：lower=0.5940/[0.8903,1.1391]；upper=0.6673/[0.7658,1.2715]；overrun=False；underrun=True
  QQ四段比率[1-10,10-50,50-90,90-99]=[0.4626,0.7787,0.7441,0.5917]；尾部曲率RMSE(lower/upper)=0.2761/0.1611；oracle外分位点=67.33%
[51/126] DEL-H_TEB-S_CHL-S_soil：MSE=190.218；RMSE=13.574；shape-MSE/RMSE=0.0455313/0.211234；model-norm MSE/RMSE=0.000878681/0.0291741；cos=0.980486；r=0.977234；W1raw=5.449140；W1norm=0.030988
  平均谱：MSE=30.5509；cos=0.996428；r=0.995790
  train分布参照：generated/train MSE=127.175；held-out/train MSE=153.046；ratio=0.8310
  多样性MSE：train=262.555；generated=229.247；ratio=0.8731；Pearson-distance ratio=0.8902
  峰形多样性：position-std ratio=0.8197；height-IQR ratio=0.9363；width-IQR ratio=1.2938；position frozen=0.000%
  负值：min=-50.514；<-40点=0.021042%；<-40光谱=10.000%
  training逐点包络外：lower点/光谱=0.021042%/5.000%；upper点/光谱=0.000000%/0.000%
  QQ拟合：raw R2=0.999629, RMSE=2.69766；model-normalized R2=0.999629, RMSE=0.00579799；training-standardized R2=0.996023, RMSE=0.112932
  QQ尾宽/oracle区间：lower=0.9131/[0.8840,1.1233]；upper=0.7926/[0.8419,1.1938]；overrun=False；underrun=True
  QQ四段比率[1-10,10-50,50-90,90-99]=[0.8854,0.9369,0.9318,0.6695]；尾部曲率RMSE(lower/upper)=0.1332/0.2493；oracle外分位点=10.89%
[52/126] DEL-H_TEB-S_CHL-S_water：MSE=270.49；RMSE=15.8606；shape-MSE/RMSE=0.0361517/0.188948；model-norm MSE/RMSE=0.00124949/0.0340887；cos=0.985075；r=0.981924；W1raw=6.640460；W1norm=0.035833
  平均谱：MSE=65.5815；cos=0.996487；r=0.995783
  train分布参照：generated/train MSE=130.422；held-out/train MSE=386.383；ratio=0.3375
  多样性MSE：train=244.831；generated=213.738；ratio=0.8730；Pearson-distance ratio=0.7545
  峰形多样性：position-std ratio=0.8035；height-IQR ratio=0.9957；width-IQR ratio=0.8815；position frozen=0.000%
  负值：min=-41.475；<-40点=0.007891%；<-40光谱=5.000%
  training逐点包络外：lower点/光谱=0.000000%/0.000%；upper点/光谱=0.047344%/10.000%
  QQ拟合：raw R2=0.999476, RMSE=5.74097；model-normalized R2=0.999476, RMSE=0.0123389；training-standardized R2=0.994528, RMSE=0.330383
  QQ尾宽/oracle区间：lower=0.7046/[0.8535,1.1552]；upper=0.6638/[0.9250,1.0969]；overrun=False；underrun=True
  QQ四段比率[1-10,10-50,50-90,90-99]=[0.6278,0.7857,0.8328,0.5208]；尾部曲率RMSE(lower/upper)=0.1447/0.2443；oracle外分位点=59.41%
[53/126] DEL-H_TEB-S_soil：MSE=47.521；RMSE=6.76006；shape-MSE/RMSE=0.045818/0.210133；model-norm MSE/RMSE=0.000219515/0.0145292；cos=0.978852；r=0.977091；W1raw=2.598617；W1norm=0.033616
  平均谱：MSE=17.0677；cos=0.992591；r=0.991945
  train分布参照：generated/train MSE=19.5369；held-out/train MSE=28.2464；ratio=0.6917
  多样性MSE：train=57.5561；generated=50.8316；ratio=0.8832；Pearson-distance ratio=0.8877
  峰形多样性：position-std ratio=0.9376；height-IQR ratio=1.0674；width-IQR ratio=1.2539；position frozen=0.000%
  负值：min=-25.295；<-40点=0.000000%；<-40光谱=0.000%
  training逐点包络外：lower点/光谱=0.000000%/0.000%；upper点/光谱=0.007138%/5.000%
  QQ拟合：raw R2=0.998261, RMSE=1.94561；model-normalized R2=0.998261, RMSE=0.00418164；training-standardized R2=0.997308, RMSE=0.147689
  QQ尾宽/oracle区间：lower=0.8281/[0.8665,1.1256]；upper=0.8958/[0.8877,1.1737]；overrun=False；underrun=True
  QQ四段比率[1-10,10-50,50-90,90-99]=[0.7966,0.8580,0.9491,0.8437]；尾部曲率RMSE(lower/upper)=0.1795/0.0341；oracle外分位点=9.90%
[54/126] DEL-H_TEB-S_water：MSE=41.7917；RMSE=6.30792；shape-MSE/RMSE=0.0426278/0.201036；model-norm MSE/RMSE=0.00019305/0.0135574；cos=0.980641；r=0.978686；W1raw=2.698101；W1norm=0.031640
  平均谱：MSE=13.8287；cos=0.994288；r=0.993700
  train分布参照：generated/train MSE=23.7035；held-out/train MSE=33.0999；ratio=0.7161
  多样性MSE：train=65.2821；generated=56.4727；ratio=0.8651；Pearson-distance ratio=0.8500
  峰形多样性：position-std ratio=1.0043；height-IQR ratio=0.8836；width-IQR ratio=1.2750；position frozen=0.000%
  负值：min=-24.128；<-40点=0.000000%；<-40光谱=0.000%
  training逐点包络外：lower点/光谱=0.000000%/0.000%；upper点/光谱=0.060671%/15.000%
  QQ拟合：raw R2=0.998717, RMSE=1.76508；model-normalized R2=0.998717, RMSE=0.00379362；training-standardized R2=0.994633, RMSE=0.0904222
  QQ尾宽/oracle区间：lower=0.9598/[0.8627,1.2204]；upper=0.9032/[0.9055,1.0973]；overrun=False；underrun=True
  QQ四段比率[1-10,10-50,50-90,90-99]=[0.8868,1.0581,1.0741,0.7862]；尾部曲率RMSE(lower/upper)=0.1924/0.3351；oracle外分位点=1.98%
[55/126] DEL-H_soil：MSE=349.152；RMSE=17.5056；shape-MSE/RMSE=0.0324969/0.172881；model-norm MSE/RMSE=0.00161285/0.0376241；cos=0.986438；r=0.983752；W1raw=7.352736；W1norm=0.032039
  平均谱：MSE=70.6248；cos=0.996399；r=0.995812
  train分布参照：generated/train MSE=203.947；held-out/train MSE=210.758；ratio=0.9677
  多样性MSE：train=585.45；generated=560.531；ratio=0.9574；Pearson-distance ratio=0.8444
  峰形多样性：position-std ratio=0.8968；height-IQR ratio=0.9826；width-IQR ratio=0.9813；position frozen=0.000%
  负值：min=-54.076；<-40点=0.167737%；<-40光谱=30.000%
  training逐点包络外：lower点/光谱=0.003569%/5.000%；upper点/光谱=0.114204%/10.000%
  QQ拟合：raw R2=0.999130, RMSE=4.33573；model-normalized R2=0.999130, RMSE=0.00931862；training-standardized R2=0.994693, RMSE=0.246331
  QQ尾宽/oracle区间：lower=0.6887/[0.7368,1.3373]；upper=0.8146/[0.8313,1.3110]；overrun=False；underrun=True
  QQ四段比率[1-10,10-50,50-90,90-99]=[0.5650,0.8232,0.9382,0.7090]；尾部曲率RMSE(lower/upper)=0.2405/0.0763；oracle外分位点=23.76%
[56/126] DEL-H_water：MSE=2744.73；RMSE=45.458；shape-MSE/RMSE=0.121535/0.295512；model-norm MSE/RMSE=0.0126789/0.0977012；cos=0.947131；r=0.939232；W1raw=15.382490；W1norm=0.047031
  平均谱：MSE=333.72；cos=0.992379；r=0.990653
  train分布参照：generated/train MSE=1269.84；held-out/train MSE=1256.96；ratio=1.0102
  多样性MSE：train=3363.77；generated=3141.9；ratio=0.9340；Pearson-distance ratio=1.1950
  峰形多样性：position-std ratio=1.1736；height-IQR ratio=0.8171；width-IQR ratio=0.9590；position frozen=0.000%
  负值：min=-137.864；<-40点=0.835118%；<-40光谱=35.000%
  training逐点包络外：lower点/光谱=0.356888%/30.000%；upper点/光谱=0.121342%/25.000%
  QQ拟合：raw R2=0.993459, RMSE=11.5862；model-normalized R2=0.993459, RMSE=0.0249017；training-standardized R2=0.979649, RMSE=0.165976
  QQ尾宽/oracle区间：lower=0.7620/[0.7406,1.3886]；upper=0.7278/[0.8769,1.1886]；overrun=False；underrun=True
  QQ四段比率[1-10,10-50,50-90,90-99]=[0.5158,1.1488,0.9452,0.5695]；尾部曲率RMSE(lower/upper)=0.3712/0.4823；oracle外分位点=5.94%
[57/126] DEL-M_CHL-H_soil：MSE=205.853；RMSE=14.2161；shape-MSE/RMSE=0.0727337/0.266317；model-norm MSE/RMSE=0.000950902/0.0305542；cos=0.967529；r=0.963633；W1raw=6.728771；W1norm=0.043907
  平均谱：MSE=41.9685；cos=0.993121；r=0.992226
  train分布参照：generated/train MSE=117.064；held-out/train MSE=127.41；ratio=0.9188
  多样性MSE：train=331.378；generated=284.077；ratio=0.8573；Pearson-distance ratio=1.0772
  峰形多样性：position-std ratio=0.9455；height-IQR ratio=0.9473；width-IQR ratio=1.2914；position frozen=0.000%
  负值：min=-46.292；<-40点=0.065755%；<-40光谱=20.000%
  training逐点包络外：lower点/光谱=0.215676%/20.000%；upper点/光谱=0.089427%/35.000%
  QQ拟合：raw R2=0.998295, RMSE=2.10461；model-normalized R2=0.998295, RMSE=0.00452337；training-standardized R2=0.989855, RMSE=0.183609
  QQ尾宽/oracle区间：lower=0.7968/[0.9098,1.1492]；upper=0.7448/[0.9101,1.1532]；overrun=False；underrun=True
  QQ四段比率[1-10,10-50,50-90,90-99]=[0.6384,0.9992,0.8854,0.6160]；尾部曲率RMSE(lower/upper)=0.3293/0.3551；oracle外分位点=11.88%
[58/126] DEL-M_CHL-H_water：MSE=159.552；RMSE=12.4945；shape-MSE/RMSE=0.0429913/0.205277；model-norm MSE/RMSE=0.000737024/0.026854；cos=0.980636；r=0.978504；W1raw=5.705771；W1norm=0.033725
  平均谱：MSE=29.2724；cos=0.996134；r=0.995724
  train分布参照：generated/train MSE=106.454；held-out/train MSE=136.791；ratio=0.7782
  多样性MSE：train=305.126；generated=266.395；ratio=0.8731；Pearson-distance ratio=0.9204
  峰形多样性：position-std ratio=0.9371；height-IQR ratio=1.0396；width-IQR ratio=0.9022；position frozen=0.000%
  负值：min=-87.282；<-40点=0.247238%；<-40光谱=65.000%
  training逐点包络外：lower点/光谱=0.076276%/25.000%；upper点/光谱=0.034193%/35.000%
  QQ拟合：raw R2=0.998654, RMSE=2.28896；model-normalized R2=0.998654, RMSE=0.00491957；training-standardized R2=0.980782, RMSE=0.170192
  QQ尾宽/oracle区间：lower=0.9145/[0.8634,1.1530]；upper=0.6965/[0.8927,1.1615]；overrun=False；underrun=True
  QQ四段比率[1-10,10-50,50-90,90-99]=[0.7827,1.0551,0.9304,0.5335]；尾部曲率RMSE(lower/upper)=0.1777/0.5986；oracle外分位点=12.87%
[59/126] DEL-M_CHL-M_soil：MSE=204.346；RMSE=13.936；shape-MSE/RMSE=0.0579825/0.238962；model-norm MSE/RMSE=0.000943944/0.0299522；cos=0.974251；r=0.971009；W1raw=5.768029；W1norm=0.037448
  平均谱：MSE=41.2984；cos=0.994370；r=0.993637
  train分布参照：generated/train MSE=132.945；held-out/train MSE=150.511；ratio=0.8833
  多样性MSE：train=291.103；generated=251.479；ratio=0.8639；Pearson-distance ratio=0.7663
  峰形多样性：position-std ratio=0.8335；height-IQR ratio=1.0384；width-IQR ratio=0.9841；position frozen=0.000%
  负值：min=-39.060；<-40点=0.000000%；<-40光谱=0.000%
  training逐点包络外：lower点/光谱=0.000000%/0.000%；upper点/光谱=0.018411%/10.000%
  QQ拟合：raw R2=0.996699, RMSE=4.66794；model-normalized R2=0.996699, RMSE=0.0100326；training-standardized R2=0.996470, RMSE=0.0841109
  QQ尾宽/oracle区间：lower=1.1162/[0.9153,1.1291]；upper=0.9358/[0.8809,1.0912]；overrun=False；underrun=False
  QQ四段比率[1-10,10-50,50-90,90-99]=[1.1829,1.0525,1.0697,0.8198]；尾部曲率RMSE(lower/upper)=0.0588/0.2342；oracle外分位点=0.99%
[60/126] DEL-M_CHL-M_water：MSE=273.103；RMSE=16.09；shape-MSE/RMSE=0.0844888/0.284124；model-norm MSE/RMSE=0.00126155/0.0345817；cos=0.962765；r=0.957756；W1raw=6.198995；W1norm=0.044051
  平均谱：MSE=30.1365；cos=0.994530；r=0.993694
  train分布参照：generated/train MSE=145.806；held-out/train MSE=168.792；ratio=0.8638
  多样性MSE：train=379.101；generated=330.424；ratio=0.8716；Pearson-distance ratio=0.8537
  峰形多样性：position-std ratio=0.9831；height-IQR ratio=0.9292；width-IQR ratio=0.9686；position frozen=0.000%
  负值：min=-63.137；<-40点=0.034193%；<-40光谱=10.000%
  training逐点包络外：lower点/光谱=0.000000%/0.000%；upper点/光谱=0.076276%/20.000%
  QQ拟合：raw R2=0.998667, RMSE=1.67794；model-normalized R2=0.998667, RMSE=0.00360633；training-standardized R2=0.991306, RMSE=0.0907274
  QQ尾宽/oracle区间：lower=0.8367/[0.9205,1.1174]；upper=0.9527/[0.9312,1.1124]；overrun=False；underrun=True
  QQ四段比率[1-10,10-50,50-90,90-99]=[0.6687,1.0409,1.0791,0.8332]；尾部曲率RMSE(lower/upper)=0.3770/0.2046；oracle外分位点=1.98%
[61/126] DEL-M_CHL-S_soil：MSE=146.059；RMSE=11.9048；shape-MSE/RMSE=0.0552897/0.232104；model-norm MSE/RMSE=0.000674695/0.0255866；cos=0.975318；r=0.972355；W1raw=5.402734；W1norm=0.038449
  平均谱：MSE=30.7837；cos=0.993924；r=0.993135
  train分布参照：generated/train MSE=79.6693；held-out/train MSE=143.886；ratio=0.5537
  多样性MSE：train=224.011；generated=198.311；ratio=0.8853；Pearson-distance ratio=0.8111
  峰形多样性：position-std ratio=0.8263；height-IQR ratio=1.1667；width-IQR ratio=0.9136；position frozen=0.000%
  负值：min=-52.261；<-40点=0.057864%；<-40光谱=15.000%
  training逐点包络外：lower点/光谱=0.000000%/0.000%；upper点/光谱=0.007891%/10.000%
  QQ拟合：raw R2=0.998953, RMSE=1.53324；model-normalized R2=0.998953, RMSE=0.00329533；training-standardized R2=0.990533, RMSE=0.13776
  QQ尾宽/oracle区间：lower=0.7637/[0.8896,1.0939]；upper=0.8618/[0.8958,1.0910]；overrun=False；underrun=True
  QQ四段比率[1-10,10-50,50-90,90-99]=[0.6320,0.9573,0.8905,0.8316]；尾部曲率RMSE(lower/upper)=0.3784/0.2458；oracle外分位点=10.89%
[62/126] DEL-M_CHL-S_water：MSE=220.669；RMSE=14.6355；shape-MSE/RMSE=0.100986/0.310627；model-norm MSE/RMSE=0.00101934/0.0314556；cos=0.954996；r=0.949507；W1raw=5.837952；W1norm=0.044396
  平均谱：MSE=23.6391；cos=0.994545；r=0.993779
  train分布参照：generated/train MSE=150.086；held-out/train MSE=161.488；ratio=0.9294
  多样性MSE：train=355.551；generated=312.885；ratio=0.8800；Pearson-distance ratio=0.8630
  峰形多样性：position-std ratio=0.9555；height-IQR ratio=0.9843；width-IQR ratio=0.7877；position frozen=0.000%
  负值：min=-63.626；<-40点=0.042083%；<-40光谱=10.000%
  training逐点包络外：lower点/光谱=0.010521%/5.000%；upper点/光谱=0.005260%/5.000%
  QQ拟合：raw R2=0.999142, RMSE=1.20785；model-normalized R2=0.999142, RMSE=0.00259598；training-standardized R2=0.988146, RMSE=0.131385
  QQ尾宽/oracle区间：lower=0.9275/[0.8796,1.1079]；upper=0.7192/[0.9332,1.1016]；overrun=False；underrun=True
  QQ四段比率[1-10,10-50,50-90,90-99]=[0.8476,1.0227,0.9292,0.5638]；尾部曲率RMSE(lower/upper)=0.2054/0.4551；oracle外分位点=3.96%
[63/126] DEL-M_TEB-H_CHL-H_soil：MSE=209.406；RMSE=14.1204；shape-MSE/RMSE=0.0213946/0.144952；model-norm MSE/RMSE=0.000967315/0.0303485；cos=0.990895；r=0.989303；W1raw=5.386237；W1norm=0.024374
  平均谱：MSE=35.6594；cos=0.997679；r=0.997302
  train分布参照：generated/train MSE=112.701；held-out/train MSE=237.343；ratio=0.4748
  多样性MSE：train=189.477；generated=165.778；ratio=0.8749；Pearson-distance ratio=0.9151
  峰形多样性：position-std ratio=0.7333；height-IQR ratio=0.7956；width-IQR ratio=0.9590；position frozen=0.000%
  负值：min=-39.575；<-40点=0.000000%；<-40光谱=0.000%
  training逐点包络外：lower点/光谱=0.000000%/0.000%；upper点/光谱=0.018411%/10.000%
  QQ拟合：raw R2=0.999634, RMSE=2.73736；model-normalized R2=0.999634, RMSE=0.00588331；training-standardized R2=0.987028, RMSE=0.243088
  QQ尾宽/oracle区间：lower=0.9714/[0.9074,1.1467]；upper=0.6731/[0.8702,1.1610]；overrun=False；underrun=True
  QQ四段比率[1-10,10-50,50-90,90-99]=[0.9028,1.0331,0.8535,0.5212]；尾部曲率RMSE(lower/upper)=0.0646/0.4037；oracle外分位点=28.71%
[64/126] DEL-M_TEB-H_CHL-H_water：MSE=202.211；RMSE=13.9681；shape-MSE/RMSE=0.0177985/0.131798；model-norm MSE/RMSE=0.000934079/0.0300212；cos=0.992617；r=0.991101；W1raw=6.180823；W1norm=0.025993
  平均谱：MSE=48.2953；cos=0.998538；r=0.998228
  train分布参照：generated/train MSE=82.8354；held-out/train MSE=167.772；ratio=0.4937
  多样性MSE：train=221.469；generated=241.918；ratio=1.0923；Pearson-distance ratio=0.8874
  峰形多样性：position-std ratio=0.9498；height-IQR ratio=1.3960；width-IQR ratio=1.0207；position frozen=0.000%
  负值：min=-41.993；<-40点=0.007891%；<-40光谱=5.000%
  training逐点包络外：lower点/光谱=0.002630%/5.000%；upper点/光谱=0.139400%/30.000%
  QQ拟合：raw R2=0.999814, RMSE=3.59589；model-normalized R2=0.999814, RMSE=0.00772853；training-standardized R2=0.992136, RMSE=0.171816
  QQ尾宽/oracle区间：lower=0.7771/[0.9098,1.1174]；upper=0.7860/[0.9133,1.0980]；overrun=False；underrun=True
  QQ四段比率[1-10,10-50,50-90,90-99]=[0.6188,0.9687,0.8786,0.6833]；尾部曲率RMSE(lower/upper)=0.3459/0.2305；oracle外分位点=7.92%
[65/126] DEL-M_TEB-H_CHL-M_soil：MSE=155.764；RMSE=12.1666；shape-MSE/RMSE=0.0207152/0.141655；model-norm MSE/RMSE=0.000719525/0.0261492；cos=0.991177；r=0.989642；W1raw=5.426838；W1norm=0.024937
  平均谱：MSE=35.569；cos=0.997493；r=0.997054
  train分布参照：generated/train MSE=56.6801；held-out/train MSE=197.463；ratio=0.2870
  多样性MSE：train=155.406；generated=134.377；ratio=0.8647；Pearson-distance ratio=0.8189
  峰形多样性：position-std ratio=0.9162；height-IQR ratio=1.1607；width-IQR ratio=1.0128；position frozen=11.111%
  负值：min=-32.310；<-40点=0.000000%；<-40光谱=0.000%
  training逐点包络外：lower点/光谱=0.000000%/0.000%；upper点/光谱=0.010521%/10.000%
  QQ拟合：raw R2=0.999757, RMSE=2.45；model-normalized R2=0.999757, RMSE=0.00526571；training-standardized R2=0.994074, RMSE=0.214647
  QQ尾宽/oracle区间：lower=0.7124/[0.9164,1.0964]；upper=0.8243/[0.8999,1.1322]；overrun=False；underrun=True
  QQ四段比率[1-10,10-50,50-90,90-99]=[0.6668,0.7606,0.9445,0.7165]；尾部曲率RMSE(lower/upper)=0.2633/0.0779；oracle外分位点=20.79%
[66/126] DEL-M_TEB-H_CHL-M_water：MSE=251.169；RMSE=15.5524；shape-MSE/RMSE=0.0272695/0.16263；model-norm MSE/RMSE=0.00116023/0.0334261；cos=0.988687；r=0.986365；W1raw=6.949504；W1norm=0.030744
  平均谱：MSE=79.7109；cos=0.995373；r=0.994380
  train分布参照：generated/train MSE=105.74；held-out/train MSE=169.943；ratio=0.6222
  多样性MSE：train=266.583；generated=234.38；ratio=0.8792；Pearson-distance ratio=0.9736
  峰形多样性：position-std ratio=0.8683；height-IQR ratio=1.0099；width-IQR ratio=1.0760；position frozen=0.000%
  负值：min=-45.334；<-40点=0.015781%；<-40光谱=10.000%
  training逐点包络外：lower点/光谱=0.000000%/0.000%；upper点/光谱=0.000000%/0.000%
  QQ拟合：raw R2=0.999426, RMSE=2.79432；model-normalized R2=0.999426, RMSE=0.00600573；training-standardized R2=0.991622, RMSE=0.185071
  QQ尾宽/oracle区间：lower=0.6976/[0.9031,1.1226]；upper=0.9931/[0.8957,1.0745]；overrun=False；underrun=True
  QQ四段比率[1-10,10-50,50-90,90-99]=[0.5876,0.8160,0.9485,1.0491]；尾部曲率RMSE(lower/upper)=0.3142/0.0771；oracle外分位点=10.89%
[67/126] DEL-M_TEB-H_CHL-S_soil：MSE=129.984；RMSE=11.3255；shape-MSE/RMSE=0.0206955/0.142557；model-norm MSE/RMSE=0.00060044/0.0243414；cos=0.991175；r=0.989652；W1raw=5.592509；W1norm=0.025113
  平均谱：MSE=42.1938；cos=0.996893；r=0.996351
  train分布参照：generated/train MSE=82.5514；held-out/train MSE=102.368；ratio=0.8064
  多样性MSE：train=166.302；generated=146.817；ratio=0.8828；Pearson-distance ratio=0.7497
  峰形多样性：position-std ratio=0.7907；height-IQR ratio=1.2071；width-IQR ratio=0.9844；position frozen=0.000%
  负值：min=-33.206；<-40点=0.000000%；<-40光谱=0.000%
  training逐点包络外：lower点/光谱=0.000000%/0.000%；upper点/光谱=0.005260%/5.000%
  QQ拟合：raw R2=0.999386, RMSE=2.62256；model-normalized R2=0.999386, RMSE=0.00563658；training-standardized R2=0.991764, RMSE=0.120322
  QQ尾宽/oracle区间：lower=0.9178/[0.8844,1.1150]；upper=0.7566/[0.9322,1.0815]；overrun=False；underrun=True
  QQ四段比率[1-10,10-50,50-90,90-99]=[0.9426,0.8961,1.0346,0.5640]；尾部曲率RMSE(lower/upper)=0.1989/0.3270；oracle外分位点=2.97%
[68/126] DEL-M_TEB-H_CHL-S_water：MSE=208.339；RMSE=14.1669；shape-MSE/RMSE=0.0216028/0.1446；model-norm MSE/RMSE=0.00096239/0.0304484；cos=0.990945；r=0.989199；W1raw=5.869616；W1norm=0.025704
  平均谱：MSE=45.4194；cos=0.997665；r=0.997211
  train分布参照：generated/train MSE=100.931；held-out/train MSE=129.061；ratio=0.7820
  多样性MSE：train=247.108；generated=269.028；ratio=1.0887；Pearson-distance ratio=1.0403
  峰形多样性：position-std ratio=0.9079；height-IQR ratio=0.9873；width-IQR ratio=1.0132；position frozen=0.000%
  负值：min=-41.038；<-40点=0.002630%；<-40光谱=5.000%
  training逐点包络外：lower点/光谱=0.000000%/0.000%；upper点/光谱=0.184114%/45.000%
  QQ拟合：raw R2=0.999154, RMSE=3.29031；model-normalized R2=0.999154, RMSE=0.00707175；training-standardized R2=0.998703, RMSE=0.0957454
  QQ尾宽/oracle区间：lower=0.9388/[0.9088,1.1179]；upper=0.9207/[0.9301,1.1045]；overrun=False；underrun=True
  QQ四段比率[1-10,10-50,50-90,90-99]=[0.9070,0.9659,1.0201,0.8129]；尾部曲率RMSE(lower/upper)=0.0823/0.0778；oracle外分位点=2.97%
[69/126] DEL-M_TEB-H_soil：MSE=36.5384；RMSE=5.90495；shape-MSE/RMSE=0.0340796/0.180148；model-norm MSE/RMSE=0.000168783/0.0126913；cos=0.984254；r=0.982960；W1raw=2.320901；W1norm=0.029972
  平均谱：MSE=6.54878；cos=0.997178；r=0.996935
  train分布参照：generated/train MSE=18.4615；held-out/train MSE=24.3661；ratio=0.7577
  多样性MSE：train=56.4475；generated=49.5713；ratio=0.8782；Pearson-distance ratio=0.8942
  峰形多样性：position-std ratio=1.1012；height-IQR ratio=0.9468；width-IQR ratio=1.0278；position frozen=0.000%
  负值：min=-18.694；<-40点=0.000000%；<-40光谱=0.000%
  training逐点包络外：lower点/光谱=0.000000%/0.000%；upper点/光谱=0.000000%/0.000%
  QQ拟合：raw R2=0.999576, RMSE=0.624657；model-normalized R2=0.999576, RMSE=0.00134256；training-standardized R2=0.986115, RMSE=0.220335
  QQ尾宽/oracle区间：lower=0.6976/[0.9144,1.1113]；upper=0.8501/[0.8758,1.1639]；overrun=False；underrun=True
  QQ四段比率[1-10,10-50,50-90,90-99]=[0.5125,1.0002,0.9439,0.7633]；尾部曲率RMSE(lower/upper)=0.4588/0.3097；oracle外分位点=78.22%
[70/126] DEL-M_TEB-H_water：MSE=33.2185；RMSE=5.67131；shape-MSE/RMSE=0.0285851/0.166426；model-norm MSE/RMSE=0.000153448/0.0121891；cos=0.986911；r=0.985707；W1raw=2.517133；W1norm=0.028142
  平均谱：MSE=12.0569；cos=0.995057；r=0.994582
  train分布参照：generated/train MSE=16.1878；held-out/train MSE=24.039；ratio=0.6734
  多样性MSE：train=46.0111；generated=45.858；ratio=0.9967；Pearson-distance ratio=0.9611
  峰形多样性：position-std ratio=0.8749；height-IQR ratio=1.0341；width-IQR ratio=1.1946；position frozen=0.000%
  负值：min=-18.943；<-40点=0.000000%；<-40光谱=0.000%
  training逐点包络外：lower点/光谱=0.000000%/0.000%；upper点/光谱=0.007138%/5.000%
  QQ拟合：raw R2=0.998723, RMSE=1.66965；model-normalized R2=0.998723, RMSE=0.00358852；training-standardized R2=0.996749, RMSE=0.136147
  QQ尾宽/oracle区间：lower=1.0260/[0.8730,1.1961]；upper=0.9200/[0.9062,1.1030]；overrun=False；underrun=False
  QQ四段比率[1-10,10-50,50-90,90-99]=[1.0490,1.0021,1.0272,0.8326]；尾部曲率RMSE(lower/upper)=0.1892/0.2056；oracle外分位点=31.68%
[71/126] DEL-M_TEB-M_CHL-H_soil：MSE=145.424；RMSE=11.9239；shape-MSE/RMSE=0.0402624/0.196848；model-norm MSE/RMSE=0.000671764/0.0256276；cos=0.982899；r=0.979869；W1raw=5.674551；W1norm=0.030567
  平均谱：MSE=45.6091；cos=0.994463；r=0.993407
  train分布参照：generated/train MSE=88.6475；held-out/train MSE=202.478；ratio=0.4378
  多样性MSE：train=222.892；generated=200.607；ratio=0.9000；Pearson-distance ratio=0.9252
  峰形多样性：position-std ratio=0.9682；height-IQR ratio=1.2144；width-IQR ratio=0.8824；position frozen=0.000%
  负值：min=-32.824；<-40点=0.000000%；<-40光谱=0.000%
  training逐点包络外：lower点/光谱=0.000000%/0.000%；upper点/光谱=0.000000%/0.000%
  QQ拟合：raw R2=0.999536, RMSE=2.14922；model-normalized R2=0.999536, RMSE=0.00461924；training-standardized R2=0.986627, RMSE=0.131462
  QQ尾宽/oracle区间：lower=0.7430/[0.8689,1.1427]；upper=0.8955/[0.8549,1.1453]；overrun=False；underrun=True
  QQ四段比率[1-10,10-50,50-90,90-99]=[0.5767,0.9578,1.0085,0.7872]；尾部曲率RMSE(lower/upper)=0.4752/0.2407；oracle外分位点=3.96%
[72/126] DEL-M_TEB-M_CHL-H_water：MSE=232.587；RMSE=15.0691；shape-MSE/RMSE=0.037745/0.193146；model-norm MSE/RMSE=0.0010744/0.0323875；cos=0.984293；r=0.981128；W1raw=6.902832；W1norm=0.035745
  平均谱：MSE=58.9486；cos=0.995148；r=0.994101
  train分布参照：generated/train MSE=118.444；held-out/train MSE=209.442；ratio=0.5655
  多样性MSE：train=253.82；generated=220.435；ratio=0.8685；Pearson-distance ratio=0.7204
  峰形多样性：position-std ratio=0.7199；height-IQR ratio=0.9360；width-IQR ratio=0.9180；position frozen=12.500%
  负值：min=-33.370；<-40点=0.000000%；<-40光谱=0.000%
  training逐点包络外：lower点/光谱=0.000000%/0.000%；upper点/光谱=0.031562%/10.000%
  QQ拟合：raw R2=0.999501, RMSE=1.50108；model-normalized R2=0.999501, RMSE=0.00322622；training-standardized R2=0.994320, RMSE=0.341067
  QQ尾宽/oracle区间：lower=0.6826/[0.8578,1.1791]；upper=0.6494/[0.8906,1.1232]；overrun=False；underrun=True
  QQ四段比率[1-10,10-50,50-90,90-99]=[0.6109,0.7602,0.7558,0.5593]；尾部曲率RMSE(lower/upper)=0.1964/0.2875；oracle外分位点=32.67%
[73/126] DEL-M_TEB-M_CHL-M_soil：MSE=169.424；RMSE=12.6975；shape-MSE/RMSE=0.0444824/0.206339；model-norm MSE/RMSE=0.000782624/0.0272902；cos=0.981160；r=0.977759；W1raw=5.962922；W1norm=0.034234
  平均谱：MSE=50.5388；cos=0.993709；r=0.992554
  train分布参照：generated/train MSE=85.2322；held-out/train MSE=154.367；ratio=0.5521
  多样性MSE：train=203.681；generated=177.166；ratio=0.8698；Pearson-distance ratio=0.8670
  峰形多样性：position-std ratio=0.9451；height-IQR ratio=1.0051；width-IQR ratio=0.8989；position frozen=11.111%
  负值：min=-37.986；<-40点=0.000000%；<-40光谱=0.000%
  training逐点包络外：lower点/光谱=0.015781%/10.000%；upper点/光谱=0.010521%/10.000%
  QQ拟合：raw R2=0.999737, RMSE=2.5739；model-normalized R2=0.999737, RMSE=0.005532；training-standardized R2=0.997715, RMSE=0.16816
  QQ尾宽/oracle区间：lower=0.9178/[0.9097,1.1007]；upper=0.8155/[0.9083,1.0972]；overrun=False；underrun=True
  QQ四段比率[1-10,10-50,50-90,90-99]=[0.8717,0.9671,0.9164,0.7226]；尾部曲率RMSE(lower/upper)=0.0827/0.1654；oracle外分位点=12.87%
[74/126] DEL-M_TEB-M_CHL-M_water：MSE=164.375；RMSE=12.6095；shape-MSE/RMSE=0.0268746/0.162528；model-norm MSE/RMSE=0.000759302/0.0271011；cos=0.988714；r=0.986563；W1raw=5.554703；W1norm=0.030107
  平均谱：MSE=29.5737；cos=0.997941；r=0.997558
  train分布参照：generated/train MSE=84.0695；held-out/train MSE=140.861；ratio=0.5968
  多样性MSE：train=233.986；generated=204.294；ratio=0.8731；Pearson-distance ratio=0.8821
  峰形多样性：position-std ratio=0.8601；height-IQR ratio=1.1494；width-IQR ratio=0.9370；position frozen=0.000%
  负值：min=-38.776；<-40点=0.000000%；<-40光谱=0.000%
  training逐点包络外：lower点/光谱=0.000000%/0.000%；upper点/光谱=0.013151%/20.000%
  QQ拟合：raw R2=0.999824, RMSE=1.9615；model-normalized R2=0.999824, RMSE=0.00421579；training-standardized R2=0.994235, RMSE=0.0728717
  QQ尾宽/oracle区间：lower=0.9749/[0.9288,1.0776]；upper=0.8684/[0.9222,1.0937]；overrun=False；underrun=True
  QQ四段比率[1-10,10-50,50-90,90-99]=[0.9246,1.0248,0.9988,0.7458]；尾部曲率RMSE(lower/upper)=0.1592/0.3039；oracle外分位点=1.98%
[75/126] DEL-M_TEB-M_CHL-S_soil：MSE=129.896；RMSE=11.1924；shape-MSE/RMSE=0.0344349/0.183704；model-norm MSE/RMSE=0.000600032/0.0240554；cos=0.985387；r=0.982783；W1raw=5.462718；W1norm=0.031037
  平均谱：MSE=44.0989；cos=0.994046；r=0.992923
  train分布参照：generated/train MSE=71.7561；held-out/train MSE=137.359；ratio=0.5224
  多样性MSE：train=171.445；generated=148.641；ratio=0.8670；Pearson-distance ratio=0.8470
  峰形多样性：position-std ratio=0.9860；height-IQR ratio=0.9719；width-IQR ratio=1.1266；position frozen=11.111%
  负值：min=-32.337；<-40点=0.000000%；<-40光谱=0.000%
  training逐点包络外：lower点/光谱=0.000000%/0.000%；upper点/光谱=0.086796%/30.000%
  QQ拟合：raw R2=0.999286, RMSE=1.83823；model-normalized R2=0.999286, RMSE=0.00395084；training-standardized R2=0.996965, RMSE=0.0835701
  QQ尾宽/oracle区间：lower=0.8934/[0.9132,1.1148]；upper=0.8405/[0.9180,1.1085]；overrun=False；underrun=True
  QQ四段比率[1-10,10-50,50-90,90-99]=[0.8361,0.9503,0.9732,0.7088]；尾部曲率RMSE(lower/upper)=0.1498/0.1944；oracle外分位点=4.95%
[76/126] DEL-M_TEB-M_CHL-S_water：MSE=202.72；RMSE=13.8904；shape-MSE/RMSE=0.0334732/0.17944；model-norm MSE/RMSE=0.00093643/0.0298541；cos=0.986128；r=0.983263；W1raw=5.886934；W1norm=0.031840
  平均谱：MSE=44.4788；cos=0.996782；r=0.996170
  train分布参照：generated/train MSE=115.532；held-out/train MSE=182.567；ratio=0.6328
  多样性MSE：train=306.272；generated=266.35；ratio=0.8697；Pearson-distance ratio=0.8705
  峰形多样性：position-std ratio=0.8670；height-IQR ratio=1.0294；width-IQR ratio=0.7008；position frozen=10.000%
  负值：min=-35.885；<-40点=0.000000%；<-40光谱=0.000%
  training逐点包络外：lower点/光谱=0.000000%/0.000%；upper点/光谱=0.000000%/0.000%
  QQ拟合：raw R2=0.999670, RMSE=2.09051；model-normalized R2=0.999670, RMSE=0.00449307；training-standardized R2=0.994277, RMSE=0.0918064
  QQ尾宽/oracle区间：lower=0.8791/[0.9247,1.1325]；upper=0.8288/[0.8846,1.2090]；overrun=False；underrun=True
  QQ四段比率[1-10,10-50,50-90,90-99]=[0.7541,1.0228,0.9376,0.7193]；尾部曲率RMSE(lower/upper)=0.1786/0.2805；oracle外分位点=4.95%
[77/126] DEL-M_TEB-M_soil：MSE=39.1374；RMSE=6.12164；shape-MSE/RMSE=0.0383241/0.19279；model-norm MSE/RMSE=0.000180789/0.013157；cos=0.982375；r=0.980838；W1raw=2.417802；W1norm=0.032119
  平均谱：MSE=9.34829；cos=0.995387；r=0.995003
  train分布参照：generated/train MSE=19.1272；held-out/train MSE=28.4381；ratio=0.6726
  多样性MSE：train=61.6437；generated=53.4079；ratio=0.8664；Pearson-distance ratio=0.8196
  峰形多样性：position-std ratio=0.8604；height-IQR ratio=1.0400；width-IQR ratio=0.9383；position frozen=10.000%
  负值：min=-17.541；<-40点=0.000000%；<-40光谱=0.000%
  training逐点包络外：lower点/光谱=0.000000%/0.000%；upper点/光谱=0.035689%/15.000%
  QQ拟合：raw R2=0.998674, RMSE=1.02747；model-normalized R2=0.998674, RMSE=0.00220831；training-standardized R2=0.986889, RMSE=0.121383
  QQ尾宽/oracle区间：lower=0.8932/[0.8869,1.1403]；upper=0.7959/[0.9137,1.1454]；overrun=False；underrun=True
  QQ四段比率[1-10,10-50,50-90,90-99]=[0.7757,1.0365,1.0730,0.6052]；尾部曲率RMSE(lower/upper)=0.2571/0.5038；oracle外分位点=3.96%
[78/126] DEL-M_TEB-M_water：MSE=39.4496；RMSE=6.21021；shape-MSE/RMSE=0.0371361/0.190689；model-norm MSE/RMSE=0.000182231/0.0133474；cos=0.983091；r=0.981432；W1raw=2.570682；W1norm=0.029508
  平均谱：MSE=10.1886；cos=0.995425；r=0.994950
  train分布参照：generated/train MSE=22.2504；held-out/train MSE=24.3038；ratio=0.9155
  多样性MSE：train=57.5829；generated=56.9142；ratio=0.9884；Pearson-distance ratio=0.9747
  峰形多样性：position-std ratio=1.1096；height-IQR ratio=1.3605；width-IQR ratio=1.2195；position frozen=0.000%
  负值：min=-23.974；<-40点=0.000000%；<-40光谱=0.000%
  training逐点包络外：lower点/光谱=0.000000%/0.000%；upper点/光谱=0.064240%/10.000%
  QQ拟合：raw R2=0.999410, RMSE=0.996892；model-normalized R2=0.999410, RMSE=0.00214259；training-standardized R2=0.995478, RMSE=0.164083
  QQ尾宽/oracle区间：lower=1.1798/[0.8059,1.2442]；upper=0.9868/[0.9019,1.1286]；overrun=False；underrun=False
  QQ四段比率[1-10,10-50,50-90,90-99]=[1.1514,1.2099,1.0014,0.9716]；尾部曲率RMSE(lower/upper)=0.0421/0.2680；oracle外分位点=36.63%
[79/126] DEL-M_TEB-S_CHL-H_soil：MSE=175.162；RMSE=12.9452；shape-MSE/RMSE=0.0657731/0.251429；model-norm MSE/RMSE=0.000809133/0.0278226；cos=0.971676；r=0.967113；W1raw=5.756478；W1norm=0.040546
  平均谱：MSE=42.017；cos=0.991033；r=0.989422
  train分布参照：generated/train MSE=94.4074；held-out/train MSE=219.61；ratio=0.4299
  多样性MSE：train=222.001；generated=189.683；ratio=0.8544；Pearson-distance ratio=0.8563
  峰形多样性：position-std ratio=0.9748；height-IQR ratio=0.7719；width-IQR ratio=0.8792；position frozen=0.000%
  负值：min=-37.491；<-40点=0.000000%；<-40光谱=0.000%
  training逐点包络外：lower点/光谱=0.000000%/0.000%；upper点/光谱=0.105208%/30.000%
  QQ拟合：raw R2=0.999154, RMSE=2.0202；model-normalized R2=0.999154, RMSE=0.00434194；training-standardized R2=0.993044, RMSE=0.131557
  QQ尾宽/oracle区间：lower=0.8195/[0.8433,1.1461]；upper=0.7770/[0.9121,1.1151]；overrun=False；underrun=True
  QQ四段比率[1-10,10-50,50-90,90-99]=[0.7140,0.9417,0.9778,0.6347]；尾部曲率RMSE(lower/upper)=0.2195/0.3140；oracle外分位点=7.92%
[80/126] DEL-M_TEB-S_CHL-H_water：MSE=204.688；RMSE=13.8641；shape-MSE/RMSE=0.0500638/0.219676；model-norm MSE/RMSE=0.000945523/0.0297975；cos=0.979230；r=0.974968；W1raw=6.127550；W1norm=0.039194
  平均谱：MSE=37.3484；cos=0.995020；r=0.993921
  train分布参照：generated/train MSE=94.7205；held-out/train MSE=218.575；ratio=0.4334
  多样性MSE：train=281.834；generated=240.134；ratio=0.8520；Pearson-distance ratio=1.1152
  峰形多样性：position-std ratio=0.8909；height-IQR ratio=1.0240；width-IQR ratio=1.1745；position frozen=10.000%
  负值：min=-60.103；<-40点=0.047344%；<-40光谱=10.000%
  training逐点包络外：lower点/光谱=0.005260%/5.000%；upper点/光谱=0.031562%/5.000%
  QQ拟合：raw R2=0.998386, RMSE=2.26483；model-normalized R2=0.998386, RMSE=0.00486772；training-standardized R2=0.995664, RMSE=0.0985578
  QQ尾宽/oracle区间：lower=0.9549/[0.9167,1.1565]；upper=0.8187/[0.9282,1.0752]；overrun=False；underrun=True
  QQ四段比率[1-10,10-50,50-90,90-99]=[0.9417,0.9659,0.9858,0.6682]；尾部曲率RMSE(lower/upper)=0.1651/0.2241；oracle外分位点=3.96%
[81/126] DEL-M_TEB-S_CHL-M_soil：MSE=154.692；RMSE=12.1741；shape-MSE/RMSE=0.0645496/0.250246；model-norm MSE/RMSE=0.000714574/0.0261654；cos=0.972290；r=0.967725；W1raw=6.087670；W1norm=0.045834
  平均谱：MSE=44.0392；cos=0.989734；r=0.987930
  train分布参照：generated/train MSE=83.2286；held-out/train MSE=215.191；ratio=0.3868
  多样性MSE：train=161.038；generated=137.424；ratio=0.8534；Pearson-distance ratio=0.8430
  峰形多样性：position-std ratio=1.0815；height-IQR ratio=1.1825；width-IQR ratio=0.7996；position frozen=0.000%
  负值：min=-32.581；<-40点=0.000000%；<-40光谱=0.000%
  training逐点包络外：lower点/光谱=0.007891%/5.000%；upper点/光谱=0.044713%/20.000%
  QQ拟合：raw R2=0.998320, RMSE=2.42091；model-normalized R2=0.998320, RMSE=0.00520318；training-standardized R2=0.991455, RMSE=0.292502
  QQ尾宽/oracle区间：lower=0.6715/[0.8987,1.0963]；upper=0.7992/[0.8965,1.1482]；overrun=False；underrun=True
  QQ四段比率[1-10,10-50,50-90,90-99]=[0.6109,0.7353,0.9039,0.6947]；尾部曲率RMSE(lower/upper)=0.3603/0.0655；oracle外分位点=62.38%
[82/126] DEL-M_TEB-S_CHL-M_water：MSE=372.664；RMSE=18.387；shape-MSE/RMSE=0.0722567/0.263822；model-norm MSE/RMSE=0.00172146/0.0395186；cos=0.970384；r=0.963872；W1raw=6.852209；W1norm=0.048162
  平均谱：MSE=79.9014；cos=0.994390；r=0.993118
  train分布参照：generated/train MSE=168.805；held-out/train MSE=181.091；ratio=0.9322
  多样性MSE：train=323.778；generated=282.767；ratio=0.8733；Pearson-distance ratio=0.9127
  峰形多样性：position-std ratio=0.9522；height-IQR ratio=1.1161；width-IQR ratio=1.1058；position frozen=0.000%
  负值：min=-35.324；<-40点=0.000000%；<-40光谱=0.000%
  training逐点包络外：lower点/光谱=0.000000%/0.000%；upper点/光谱=0.000000%/0.000%
  QQ拟合：raw R2=0.999479, RMSE=6.05257；model-normalized R2=0.999479, RMSE=0.0130086；training-standardized R2=0.993107, RMSE=0.302875
  QQ尾宽/oracle区间：lower=0.8971/[0.8903,1.1002]；upper=0.7639/[0.8926,1.1148]；overrun=False；underrun=True
  QQ四段比率[1-10,10-50,50-90,90-99]=[0.8360,0.9531,0.8476,0.6779]；尾部曲率RMSE(lower/upper)=0.1579/0.3015；oracle外分位点=65.35%
[83/126] DEL-M_TEB-S_CHL-S_soil：MSE=228.399；RMSE=14.9453；shape-MSE/RMSE=0.0898984/0.296507；model-norm MSE/RMSE=0.00105505/0.0321215；cos=0.961522；r=0.955051；W1raw=6.014474；W1norm=0.051473
  平均谱：MSE=57.9915；cos=0.986620；r=0.984295
  train分布参照：generated/train MSE=83.1663；held-out/train MSE=148.957；ratio=0.5583
  多样性MSE：train=176.481；generated=153.666；ratio=0.8707；Pearson-distance ratio=0.8502
  峰形多样性：position-std ratio=0.8562；height-IQR ratio=0.9058；width-IQR ratio=1.0501；position frozen=10.000%
  负值：min=-33.231；<-40点=0.000000%；<-40光谱=0.000%
  training逐点包络外：lower点/光谱=0.000000%/0.000%；upper点/光谱=0.005260%/5.000%
  QQ拟合：raw R2=0.997361, RMSE=4.1783；model-normalized R2=0.997361, RMSE=0.00898028；training-standardized R2=0.992224, RMSE=0.245733
  QQ尾宽/oracle区间：lower=0.9255/[0.9334,1.1076]；upper=0.7497/[0.9111,1.1302]；overrun=False；underrun=True
  QQ四段比率[1-10,10-50,50-90,90-99]=[0.8626,0.9952,0.8422,0.6631]；尾部曲率RMSE(lower/upper)=0.0788/0.3627；oracle外分位点=44.55%
[84/126] DEL-M_TEB-S_CHL-S_water：MSE=253.57；RMSE=15.507；shape-MSE/RMSE=0.0489115/0.213498；model-norm MSE/RMSE=0.00117132/0.0333286；cos=0.979878；r=0.975544；W1raw=7.087040；W1norm=0.047383
  平均谱：MSE=73.1075；cos=0.991761；r=0.990021
  train分布参照：generated/train MSE=83.8641；held-out/train MSE=304.795；ratio=0.2751
  多样性MSE：train=231.474；generated=199.16；ratio=0.8604；Pearson-distance ratio=0.8136
  峰形多样性：position-std ratio=0.6558；height-IQR ratio=0.8868；width-IQR ratio=0.8298；position frozen=10.000%
  负值：min=-28.019；<-40点=0.000000%；<-40光谱=0.000%
  training逐点包络外：lower点/光谱=0.000000%/0.000%；upper点/光谱=0.013151%/10.000%
  QQ拟合：raw R2=0.997375, RMSE=4.86405；model-normalized R2=0.997375, RMSE=0.0104541；training-standardized R2=0.997654, RMSE=0.308444
  QQ尾宽/oracle区间：lower=0.7493/[0.9239,1.1061]；upper=0.7091/[0.8879,1.1627]；overrun=False；underrun=True
  QQ四段比率[1-10,10-50,50-90,90-99]=[0.7253,0.7720,0.8109,0.6152]；尾部曲率RMSE(lower/upper)=0.1165/0.1703；oracle外分位点=31.68%
[85/126] DEL-M_TEB-S_soil：MSE=39.7023；RMSE=6.16772；shape-MSE/RMSE=0.0408519/0.198298；model-norm MSE/RMSE=0.000183398/0.0132561；cos=0.981097；r=0.979574；W1raw=2.548667；W1norm=0.033545
  平均谱：MSE=12.2506；cos=0.993878；r=0.993314
  train分布参照：generated/train MSE=19.7177；held-out/train MSE=28.9974；ratio=0.6800
  多样性MSE：train=62.5652；generated=62.3816；ratio=0.9971；Pearson-distance ratio=0.9946
  峰形多样性：position-std ratio=0.9740；height-IQR ratio=1.1494；width-IQR ratio=1.1256；position frozen=10.000%
  负值：min=-22.274；<-40点=0.000000%；<-40光谱=0.000%
  training逐点包络外：lower点/光谱=0.000000%/0.000%；upper点/光谱=0.000000%/0.000%
  QQ拟合：raw R2=0.998995, RMSE=1.35516；model-normalized R2=0.998995, RMSE=0.00291259；training-standardized R2=0.990734, RMSE=0.115786
  QQ尾宽/oracle区间：lower=1.0087/[0.8425,1.1324]；upper=0.8259/[0.8780,1.1443]；overrun=False；underrun=True
  QQ四段比率[1-10,10-50,50-90,90-99]=[0.9465,1.0858,1.0062,0.6892]；尾部曲率RMSE(lower/upper)=0.1080/0.4201；oracle外分位点=2.97%
[86/126] DEL-M_TEB-S_water：MSE=43.0539；RMSE=6.40085；shape-MSE/RMSE=0.0469126/0.211205；model-norm MSE/RMSE=0.000198881/0.0137571；cos=0.978634；r=0.976544；W1raw=3.056771；W1norm=0.036110
  平均谱：MSE=25.1697；cos=0.987913；r=0.986635
  train分布参照：generated/train MSE=16.5778；held-out/train MSE=31.4406；ratio=0.5273
  多样性MSE：train=46.5944；generated=41.0031；ratio=0.8800；Pearson-distance ratio=0.8906
  峰形多样性：position-std ratio=0.8889；height-IQR ratio=0.9601；width-IQR ratio=0.9539；position frozen=10.000%
  负值：min=-20.930；<-40点=0.000000%；<-40光谱=0.000%
  training逐点包络外：lower点/光谱=0.000000%/0.000%；upper点/光谱=0.000000%/0.000%
  QQ拟合：raw R2=0.997959, RMSE=1.84576；model-normalized R2=0.997959, RMSE=0.00396703；training-standardized R2=0.994643, RMSE=0.10873
  QQ尾宽/oracle区间：lower=0.8605/[0.9019,1.0636]；upper=1.0125/[0.8996,1.1617]；overrun=False；underrun=True
  QQ四段比率[1-10,10-50,50-90,90-99]=[0.7905,0.9434,1.0282,0.9979]；尾部曲率RMSE(lower/upper)=0.3398/0.1998；oracle外分位点=3.96%
[87/126] DEL-M_soil：MSE=642.67；RMSE=23.7431；shape-MSE/RMSE=0.125675/0.331524；model-norm MSE/RMSE=0.00296871/0.0510302；cos=0.948658；r=0.937162；W1raw=12.267899；W1norm=0.083268
  平均谱：MSE=506.497；cos=0.986080；r=0.982609
  train分布参照：generated/train MSE=262.955；held-out/train MSE=305.084；ratio=0.8619
  多样性MSE：train=609.855；generated=585.18；ratio=0.9595；Pearson-distance ratio=1.1616
  峰形多样性：position-std ratio=0.9242；height-IQR ratio=0.9195；width-IQR ratio=1.2445；position frozen=10.000%
  负值：min=-71.406；<-40点=0.096360%；<-40光谱=10.000%
  training逐点包络外：lower点/光谱=0.199857%/15.000%；upper点/光谱=0.074946%/15.000%
  QQ拟合：raw R2=0.997967, RMSE=18.624；model-normalized R2=0.997967, RMSE=0.0400278；training-standardized R2=0.998481, RMSE=0.305794
  QQ尾宽/oracle区间：lower=0.7819/[0.7974,1.2772]；upper=0.7965/[0.6572,1.5232]；overrun=False；underrun=True
  QQ四段比率[1-10,10-50,50-90,90-99]=[0.7004,0.8857,0.7969,0.7960]；尾部曲率RMSE(lower/upper)=0.0710/0.0385；oracle外分位点=34.65%
[88/126] DEL-M_water：MSE=1965.05；RMSE=41.3376；shape-MSE/RMSE=0.0937267/0.299695；model-norm MSE/RMSE=0.00907724/0.0888453；cos=0.961093；r=0.953137；W1raw=12.414251；W1norm=0.050848
  平均谱：MSE=145.924；cos=0.991160；r=0.989211
  train分布参照：generated/train MSE=490.377；held-out/train MSE=891.132；ratio=0.5503
  多样性MSE：train=1950；generated=1675.94；ratio=0.8595；Pearson-distance ratio=1.1698
  峰形多样性：position-std ratio=1.1406；height-IQR ratio=1.1754；width-IQR ratio=0.9996；position frozen=0.000%
  负值：min=-44.494；<-40点=0.060671%；<-40光谱=10.000%
  training逐点包络外：lower点/光谱=0.017844%/10.000%；upper点/光谱=0.157031%/25.000%
  QQ拟合：raw R2=0.985716, RMSE=11.3408；model-normalized R2=0.985716, RMSE=0.0243743；training-standardized R2=0.993195, RMSE=0.241028
  QQ尾宽/oracle区间：lower=0.8080/[0.8280,1.1511]；upper=0.6583/[0.8550,1.1713]；overrun=False；underrun=True
  QQ四段比率[1-10,10-50,50-90,90-99]=[0.7755,0.8367,0.8098,0.5293]；尾部曲率RMSE(lower/upper)=0.0270/0.2931；oracle外分位点=14.85%
[89/126] DEL-S_CHL-H_soil：MSE=186.027；RMSE=13.3904；shape-MSE/RMSE=0.0732693/0.267573；model-norm MSE/RMSE=0.00085932/0.0287794；cos=0.966846；r=0.963365；W1raw=5.939536；W1norm=0.044362
  平均谱：MSE=37.7122；cos=0.992458；r=0.991623
  train分布参照：generated/train MSE=98.5028；held-out/train MSE=142.618；ratio=0.6907
  多样性MSE：train=255.223；generated=249.101；ratio=0.9760；Pearson-distance ratio=0.9068
  峰形多样性：position-std ratio=0.9184；height-IQR ratio=0.9511；width-IQR ratio=0.9202；position frozen=0.000%
  负值：min=-40.778；<-40点=0.007891%；<-40光谱=10.000%
  training逐点包络外：lower点/光谱=0.023672%/10.000%；upper点/光谱=0.026302%/5.000%
  QQ拟合：raw R2=0.997348, RMSE=2.63083；model-normalized R2=0.997348, RMSE=0.00565435；training-standardized R2=0.982717, RMSE=0.215204
  QQ尾宽/oracle区间：lower=0.6687/[0.8540,1.1369]；upper=0.6716/[0.8660,1.1432]；overrun=False；underrun=True
  QQ四段比率[1-10,10-50,50-90,90-99]=[0.4769,0.9706,0.8983,0.5100]；尾部曲率RMSE(lower/upper)=0.3889/0.3943；oracle外分位点=7.92%
[90/126] DEL-S_CHL-H_water：MSE=290.352；RMSE=16.5927；shape-MSE/RMSE=0.0865371/0.289362；model-norm MSE/RMSE=0.00134123/0.035662；cos=0.961418；r=0.956731；W1raw=7.305541；W1norm=0.054993
  平均谱：MSE=98.1485；cos=0.984434；r=0.982632
  train分布参照：generated/train MSE=98.7712；held-out/train MSE=166.982；ratio=0.5915
  多样性MSE：train=278.835；generated=235.844；ratio=0.8458；Pearson-distance ratio=0.8214
  峰形多样性：position-std ratio=0.9227；height-IQR ratio=1.0053；width-IQR ratio=0.7360；position frozen=0.000%
  负值：min=-47.093；<-40点=0.026302%；<-40光谱=10.000%
  training逐点包络外：lower点/光谱=0.021042%/10.000%；upper点/光谱=0.055234%/35.000%
  QQ拟合：raw R2=0.993480, RMSE=5.51481；model-normalized R2=0.993480, RMSE=0.0118528；training-standardized R2=0.989578, RMSE=0.229572
  QQ尾宽/oracle区间：lower=0.7386/[0.8508,1.1423]；upper=0.7095/[0.9121,1.1010]；overrun=False；underrun=True
  QQ四段比率[1-10,10-50,50-90,90-99]=[0.5869,0.9614,0.8191,0.6109]；尾部曲率RMSE(lower/upper)=0.2629/0.3760；oracle外分位点=19.80%
[91/126] DEL-S_CHL-M_soil：MSE=162.463；RMSE=12.4415；shape-MSE/RMSE=0.0959759/0.295591；model-norm MSE/RMSE=0.000750472/0.0267402；cos=0.956753；r=0.952012；W1raw=5.546307；W1norm=0.048118
  平均谱：MSE=25.1632；cos=0.992892；r=0.992289
  train分布参照：generated/train MSE=85.0898；held-out/train MSE=174.244；ratio=0.4883
  多样性MSE：train=252.584；generated=219.055；ratio=0.8673；Pearson-distance ratio=0.8022
  峰形多样性：position-std ratio=1.0192；height-IQR ratio=1.1720；width-IQR ratio=1.2456；position frozen=0.000%
  负值：min=-40.842；<-40点=0.002630%；<-40光谱=5.000%
  training逐点包络外：lower点/光谱=0.026302%/5.000%；upper点/光谱=0.000000%/0.000%
  QQ拟合：raw R2=0.998048, RMSE=2.44641；model-normalized R2=0.998048, RMSE=0.00525799；training-standardized R2=0.982534, RMSE=0.173238
  QQ尾宽/oracle区间：lower=0.6621/[0.8959,1.1526]；upper=0.8672/[0.8250,1.1783]；overrun=False；underrun=True
  QQ四段比率[1-10,10-50,50-90,90-99]=[0.4885,0.9574,0.9340,0.7970]；尾部曲率RMSE(lower/upper)=0.5255/0.2151；oracle外分位点=11.88%
[92/126] DEL-S_CHL-M_water：MSE=235.051；RMSE=15.1172；shape-MSE/RMSE=0.119257/0.339927；model-norm MSE/RMSE=0.00108578/0.0324909；cos=0.945861；r=0.940372；W1raw=7.184500；W1norm=0.064343
  平均谱：MSE=130.459；cos=0.966713；r=0.962485
  train分布参照：generated/train MSE=101.773；held-out/train MSE=235.796；ratio=0.4316
  多样性MSE：train=293.192；generated=250.576；ratio=0.8547；Pearson-distance ratio=0.7169
  峰形多样性：position-std ratio=0.8581；height-IQR ratio=0.8491；width-IQR ratio=1.0662；position frozen=0.000%
  负值：min=-67.842；<-40点=0.142031%；<-40光谱=35.000%
  training逐点包络外：lower点/光谱=0.000000%/0.000%；upper点/光谱=0.010521%/10.000%
  QQ拟合：raw R2=0.995531, RMSE=5.57938；model-normalized R2=0.995531, RMSE=0.0119916；training-standardized R2=0.997052, RMSE=0.148689
  QQ尾宽/oracle区间：lower=0.8498/[0.8945,1.1196]；upper=0.7989/[0.8594,1.2193]；overrun=False；underrun=True
  QQ四段比率[1-10,10-50,50-90,90-99]=[0.7651,0.9436,0.8555,0.7454]；尾部曲率RMSE(lower/upper)=0.1553/0.1602；oracle外分位点=7.92%
[93/126] DEL-S_CHL-S_soil：MSE=212.852；RMSE=14.359；shape-MSE/RMSE=0.121154/0.341439；model-norm MSE/RMSE=0.000983237/0.0308612；cos=0.945246；r=0.939423；W1raw=6.064414；W1norm=0.064720
  平均谱：MSE=43.7858；cos=0.990841；r=0.989896
  train分布参照：generated/train MSE=93.5542；held-out/train MSE=132.246；ratio=0.7074
  多样性MSE：train=267.606；generated=235.06；ratio=0.8784；Pearson-distance ratio=0.9513
  峰形多样性：position-std ratio=0.9092；height-IQR ratio=0.8710；width-IQR ratio=0.8546；position frozen=0.000%
  负值：min=-64.848；<-40点=0.107838%；<-40光谱=20.000%
  training逐点包络外：lower点/光谱=0.023672%/15.000%；upper点/光谱=0.010521%/5.000%
  QQ拟合：raw R2=0.997768, RMSE=4.61788；model-normalized R2=0.997768, RMSE=0.00992504；training-standardized R2=0.991950, RMSE=0.147359
  QQ尾宽/oracle区间：lower=0.6991/[0.8659,1.1435]；upper=0.8326/[0.9274,1.0851]；overrun=False；underrun=True
  QQ四段比率[1-10,10-50,50-90,90-99]=[0.5316,0.9522,0.9136,0.7491]；尾部曲率RMSE(lower/upper)=0.3200/0.1250；oracle外分位点=4.95%
[94/126] DEL-S_CHL-S_water：MSE=200.873；RMSE=13.7469；shape-MSE/RMSE=0.161808/0.389527；model-norm MSE/RMSE=0.0009279/0.0295458；cos=0.927480；r=0.919096；W1raw=6.150602；W1norm=0.069537
  平均谱：MSE=68.8895；cos=0.978105；r=0.975148
  train分布参照：generated/train MSE=103.966；held-out/train MSE=154.484；ratio=0.6730
  多样性MSE：train=273.902；generated=261.628；ratio=0.9552；Pearson-distance ratio=0.9316
  峰形多样性：position-std ratio=1.0268；height-IQR ratio=0.9931；width-IQR ratio=1.1016；position frozen=0.000%
  负值：min=-45.224；<-40点=0.060494%；<-40光谱=15.000%
  training逐点包络外：lower点/光谱=0.007891%/10.000%；upper点/光谱=0.000000%/0.000%
  QQ拟合：raw R2=0.997920, RMSE=3.84365；model-normalized R2=0.997920, RMSE=0.00826101；training-standardized R2=0.993717, RMSE=0.121227
  QQ尾宽/oracle区间：lower=0.8577/[0.9088,1.0985]；upper=0.8425/[0.9192,1.0668]；overrun=False；underrun=True
  QQ四段比率[1-10,10-50,50-90,90-99]=[0.7099,1.0370,0.9531,0.7423]；尾部曲率RMSE(lower/upper)=0.2638/0.2380；oracle外分位点=26.73%
[95/126] DEL-S_TEB-H_CHL-H_soil：MSE=179.886；RMSE=13.1635；shape-MSE/RMSE=0.0444389/0.206814；model-norm MSE/RMSE=0.000830955/0.0282918；cos=0.981026；r=0.977781；W1raw=6.066898；W1norm=0.032702
  平均谱：MSE=50.7833；cos=0.994220；r=0.993222
  train分布参照：generated/train MSE=97.2797；held-out/train MSE=173.254；ratio=0.5615
  多样性MSE：train=239.819；generated=203.495；ratio=0.8485；Pearson-distance ratio=1.0684
  峰形多样性：position-std ratio=0.7032；height-IQR ratio=0.9017；width-IQR ratio=0.9207；position frozen=11.111%
  负值：min=-42.516；<-40点=0.010521%；<-40光谱=5.000%
  training逐点包络外：lower点/光谱=0.000000%/0.000%；upper点/光谱=0.034193%/15.000%
  QQ拟合：raw R2=0.999737, RMSE=2.70585；model-normalized R2=0.999737, RMSE=0.00581559；training-standardized R2=0.993995, RMSE=0.153437
  QQ尾宽/oracle区间：lower=0.8350/[0.8290,1.2284]；upper=0.7118/[0.8951,1.1043]；overrun=False；underrun=True
  QQ四段比率[1-10,10-50,50-90,90-99]=[0.7475,0.9203,0.9160,0.5614]；尾部曲率RMSE(lower/upper)=0.1149/0.2751；oracle外分位点=9.90%
[96/126] DEL-S_TEB-H_CHL-H_water：MSE=334.845；RMSE=17.7463；shape-MSE/RMSE=0.0319754/0.175163；model-norm MSE/RMSE=0.00154676/0.0381414；cos=0.986627；r=0.984012；W1raw=7.818607；W1norm=0.040229
  平均谱：MSE=134.924；cos=0.993843；r=0.992538
  train分布参照：generated/train MSE=117.187；held-out/train MSE=256.421；ratio=0.4570
  多样性MSE：train=279.189；generated=244.266；ratio=0.8749；Pearson-distance ratio=0.9066
  峰形多样性：position-std ratio=0.8498；height-IQR ratio=0.9891；width-IQR ratio=0.8022；position frozen=10.000%
  负值：min=-47.790；<-40点=0.015781%；<-40光谱=5.000%
  training逐点包络外：lower点/光谱=0.000000%/0.000%；upper点/光谱=0.000000%/0.000%
  QQ拟合：raw R2=0.998491, RMSE=6.75285；model-normalized R2=0.998491, RMSE=0.0145137；training-standardized R2=0.995900, RMSE=0.151921
  QQ尾宽/oracle区间：lower=0.8520/[0.8744,1.1279]；upper=1.0355/[0.8783,1.1158]；overrun=False；underrun=True
  QQ四段比率[1-10,10-50,50-90,90-99]=[0.8460,0.8576,1.0213,1.0520]；尾部曲率RMSE(lower/upper)=0.1769/0.0616；oracle外分位点=0.00%
[97/126] DEL-S_TEB-H_CHL-M_soil：MSE=175.684；RMSE=13.1248；shape-MSE/RMSE=0.0431325/0.205877；model-norm MSE/RMSE=0.000811543/0.0282087；cos=0.981720；r=0.978434；W1raw=6.002904；W1norm=0.033263
  平均谱：MSE=37.7643；cos=0.995698；r=0.994850
  train分布参照：generated/train MSE=90.0613；held-out/train MSE=219.793；ratio=0.4098
  多样性MSE：train=210.78；generated=203.239；ratio=0.9642；Pearson-distance ratio=0.9733
  峰形多样性：position-std ratio=1.1113；height-IQR ratio=1.1317；width-IQR ratio=1.1102；position frozen=0.000%
  负值：min=-37.219；<-40点=0.000000%；<-40光谱=0.000%
  training逐点包络外：lower点/光谱=0.000000%/0.000%；upper点/光谱=0.068385%/15.000%
  QQ拟合：raw R2=0.999642, RMSE=1.62916；model-normalized R2=0.999642, RMSE=0.00350149；training-standardized R2=0.997111, RMSE=0.15611
  QQ尾宽/oracle区间：lower=0.8518/[0.9391,1.0759]；upper=0.8157/[0.9079,1.1276]；overrun=False；underrun=True
  QQ四段比率[1-10,10-50,50-90,90-99]=[0.8619,0.8434,0.9116,0.7177]；尾部曲率RMSE(lower/upper)=0.1311/0.1396；oracle外分位点=24.75%
[98/126] DEL-S_TEB-H_CHL-M_water：MSE=166.01；RMSE=12.7337；shape-MSE/RMSE=0.026956/0.161749；model-norm MSE/RMSE=0.000766856/0.0273681；cos=0.988696；r=0.986522；W1raw=6.105136；W1norm=0.032668
  平均谱：MSE=66.5673；cos=0.994655；r=0.993543
  train分布参照：generated/train MSE=95.5793；held-out/train MSE=305.764；ratio=0.3126
  多样性MSE：train=214.897；generated=201.245；ratio=0.9365；Pearson-distance ratio=0.8420
  峰形多样性：position-std ratio=1.0034；height-IQR ratio=1.2169；width-IQR ratio=0.9404；position frozen=0.000%
  负值：min=-39.373；<-40点=0.000000%；<-40光谱=0.000%
  training逐点包络外：lower点/光谱=0.000000%/0.000%；upper点/光谱=0.000000%/0.000%
  QQ拟合：raw R2=0.999037, RMSE=2.78654；model-normalized R2=0.999037, RMSE=0.005989；training-standardized R2=0.980364, RMSE=0.218088
  QQ尾宽/oracle区间：lower=0.6126/[0.8401,1.1982]；upper=0.8912/[0.8896,1.1030]；overrun=False；underrun=True
  QQ四段比率[1-10,10-50,50-90,90-99]=[0.4690,0.8597,0.9615,0.8180]；尾部曲率RMSE(lower/upper)=0.5846/0.1174；oracle外分位点=10.89%
[99/126] DEL-S_TEB-H_CHL-S_soil：MSE=174.342；RMSE=12.9098；shape-MSE/RMSE=0.0455362/0.210863；model-norm MSE/RMSE=0.000805345/0.0277466；cos=0.980544；r=0.977232；W1raw=5.459224；W1norm=0.032134
  平均谱：MSE=30.1605；cos=0.995627；r=0.994788
  train分布参照：generated/train MSE=121.163；held-out/train MSE=187.755；ratio=0.6453
  多样性MSE：train=231.258；generated=201.315；ratio=0.8705；Pearson-distance ratio=1.0486
  峰形多样性：position-std ratio=0.8335；height-IQR ratio=0.7992；width-IQR ratio=1.0774；position frozen=0.000%
  负值：min=-40.272；<-40点=0.002630%；<-40光谱=5.000%
  training逐点包络外：lower点/光谱=0.000000%/0.000%；upper点/光谱=0.018411%/15.000%
  QQ拟合：raw R2=0.998445, RMSE=2.88751；model-normalized R2=0.998445, RMSE=0.00620603；training-standardized R2=0.995728, RMSE=0.0844957
  QQ尾宽/oracle区间：lower=0.8702/[0.8974,1.1723]；upper=0.9110/[0.9328,1.0983]；overrun=False；underrun=True
  QQ四段比率[1-10,10-50,50-90,90-99]=[0.8397,0.8985,1.0441,0.7811]；尾部曲率RMSE(lower/upper)=0.2093/0.1295；oracle外分位点=1.98%
[100/126] DEL-S_TEB-H_CHL-S_water：MSE=351.227；RMSE=17.5732；shape-MSE/RMSE=0.0395376/0.194521；model-norm MSE/RMSE=0.00162244/0.0377695；cos=0.983512；r=0.980231；W1raw=6.812699；W1norm=0.039581
  平均谱：MSE=75.4447；cos=0.994606；r=0.993478
  train分布参照：generated/train MSE=118.535；held-out/train MSE=234.514；ratio=0.5054
  多样性MSE：train=234.555；generated=206.08；ratio=0.8786；Pearson-distance ratio=0.8646
  峰形多样性：position-std ratio=0.9774；height-IQR ratio=1.0220；width-IQR ratio=1.0537；position frozen=0.000%
  负值：min=-40.145；<-40点=0.005260%；<-40光谱=5.000%
  training逐点包络外：lower点/光谱=0.015781%/10.000%；upper点/光谱=0.065755%/10.000%
  QQ拟合：raw R2=0.998572, RMSE=4.39323；model-normalized R2=0.998572, RMSE=0.00944221；training-standardized R2=0.991133, RMSE=0.223366
  QQ尾宽/oracle区间：lower=0.9147/[0.8417,1.1496]；upper=0.6918/[0.8917,1.1299]；overrun=False；underrun=True
  QQ四段比率[1-10,10-50,50-90,90-99]=[0.9324,0.8978,0.8708,0.5568]；尾部曲率RMSE(lower/upper)=0.0141/0.3671；oracle外分位点=5.94%
[101/126] DEL-S_TEB-H_soil：MSE=39.2914；RMSE=6.11944；shape-MSE/RMSE=0.0390323/0.192874；model-norm MSE/RMSE=0.0001815/0.0131523；cos=0.982093；r=0.980484；W1raw=2.492341；W1norm=0.033318
  平均谱：MSE=9.15352；cos=0.996066；r=0.995701
  train分布参照：generated/train MSE=19.153；held-out/train MSE=29.5199；ratio=0.6488
  多样性MSE：train=57.3686；generated=49.7354；ratio=0.8669；Pearson-distance ratio=0.8842
  峰形多样性：position-std ratio=0.8808；height-IQR ratio=0.9712；width-IQR ratio=1.0198；position frozen=0.000%
  负值：min=-19.365；<-40点=0.000000%；<-40光谱=0.000%
  training逐点包络外：lower点/光谱=0.000000%/0.000%；upper点/光谱=0.039258%/10.000%
  QQ拟合：raw R2=0.996904, RMSE=1.51434；model-normalized R2=0.996904, RMSE=0.00325471；training-standardized R2=0.993832, RMSE=0.170045
  QQ尾宽/oracle区间：lower=0.9511/[0.8994,1.2153]；upper=0.7858/[0.9044,1.1538]；overrun=False；underrun=True
  QQ四段比率[1-10,10-50,50-90,90-99]=[0.8761,1.0321,0.7910,0.7802]；尾部曲率RMSE(lower/upper)=0.0464/0.2585；oracle外分位点=29.70%
[102/126] DEL-S_TEB-H_water：MSE=46.6163；RMSE=6.67973；shape-MSE/RMSE=0.0423381/0.201501；model-norm MSE/RMSE=0.000215336/0.0143565；cos=0.980706；r=0.978831；W1raw=2.557364；W1norm=0.030495
  平均谱：MSE=12.8097；cos=0.994394；r=0.993841
  train分布参照：generated/train MSE=23.3706；held-out/train MSE=32.7199；ratio=0.7143
  多样性MSE：train=67.2656；generated=58.903；ratio=0.8757；Pearson-distance ratio=0.8490
  峰形多样性：position-std ratio=0.8173；height-IQR ratio=0.8488；width-IQR ratio=0.9099；position frozen=0.000%
  负值：min=-20.677；<-40点=0.000000%；<-40光谱=0.000%
  training逐点包络外：lower点/光谱=0.000000%/0.000%；upper点/光谱=0.000000%/0.000%
  QQ拟合：raw R2=0.998963, RMSE=0.972736；model-normalized R2=0.998963, RMSE=0.00209067；training-standardized R2=0.989776, RMSE=0.161003
  QQ尾宽/oracle区间：lower=0.7615/[0.9025,1.0979]；upper=0.8594/[0.9016,1.1030]；overrun=False；underrun=True
  QQ四段比率[1-10,10-50,50-90,90-99]=[0.5876,0.9959,1.0160,0.7241]；尾部曲率RMSE(lower/upper)=0.3785/0.2982；oracle外分位点=45.54%
[103/126] DEL-S_TEB-M_CHL-H_soil：MSE=153.793；RMSE=12.1358；shape-MSE/RMSE=0.0469244/0.213711；model-norm MSE/RMSE=0.000710421/0.0260831；cos=0.980300；r=0.976538；W1raw=5.341213；W1norm=0.034441
  平均谱：MSE=33.3311；cos=0.993908；r=0.992856
  train分布参照：generated/train MSE=83.6872；held-out/train MSE=114.691；ratio=0.7297
  多样性MSE：train=161.888；generated=141.487；ratio=0.8740；Pearson-distance ratio=0.8912
  峰形多样性：position-std ratio=0.9621；height-IQR ratio=1.0888；width-IQR ratio=1.0166；position frozen=12.500%
  负值：min=-32.499；<-40点=0.000000%；<-40光谱=0.000%
  training逐点包络外：lower点/光谱=0.000000%/0.000%；upper点/光谱=0.007891%/10.000%
  QQ拟合：raw R2=0.999315, RMSE=1.3862；model-normalized R2=0.999315, RMSE=0.00297931；training-standardized R2=0.996028, RMSE=0.127198
  QQ尾宽/oracle区间：lower=0.8061/[0.9194,1.0680]；upper=0.8497/[0.8510,1.2366]；overrun=False；underrun=True
  QQ四段比率[1-10,10-50,50-90,90-99]=[0.6966,0.9315,0.9681,0.7444]；尾部曲率RMSE(lower/upper)=0.2276/0.1319；oracle外分位点=9.90%
[104/126] DEL-S_TEB-M_CHL-H_water：MSE=209.597；RMSE=14.2477；shape-MSE/RMSE=0.0477074/0.215098；model-norm MSE/RMSE=0.0009682/0.0306221；cos=0.979973；r=0.976146；W1raw=5.624979；W1norm=0.034916
  平均谱：MSE=34.9691；cos=0.995651；r=0.994781
  train分布参照：generated/train MSE=88.319；held-out/train MSE=153.458；ratio=0.5755
  多样性MSE：train=227.025；generated=202.461；ratio=0.8918；Pearson-distance ratio=0.7645
  峰形多样性：position-std ratio=0.7892；height-IQR ratio=0.9630；width-IQR ratio=0.7049；position frozen=10.000%
  负值：min=-45.307；<-40点=0.044713%；<-40光谱=10.000%
  training逐点包络外：lower点/光谱=0.026302%/10.000%；upper点/光谱=0.000000%/0.000%
  QQ拟合：raw R2=0.999016, RMSE=1.79738；model-normalized R2=0.999016, RMSE=0.00386304；training-standardized R2=0.994322, RMSE=0.190117
  QQ尾宽/oracle区间：lower=0.8467/[0.8688,1.1581]；upper=0.7265/[0.8258,1.2136]；overrun=False；underrun=True
  QQ四段比率[1-10,10-50,50-90,90-99]=[0.7954,0.9001,0.8705,0.6033]；尾部曲率RMSE(lower/upper)=0.0954/0.2863；oracle外分位点=8.91%
[105/126] DEL-S_TEB-M_CHL-M_soil：MSE=177.276；RMSE=13.1001；shape-MSE/RMSE=0.0657209/0.25426；model-norm MSE/RMSE=0.000818897/0.0281555；cos=0.972171；r=0.967140；W1raw=5.615817；W1norm=0.040944
  平均谱：MSE=33.0757；cos=0.992561；r=0.991139
  train分布参照：generated/train MSE=73.6242；held-out/train MSE=129.886；ratio=0.5668
  多样性MSE：train=184.173；generated=158.803；ratio=0.8622；Pearson-distance ratio=0.8803
  峰形多样性：position-std ratio=0.8678；height-IQR ratio=0.8800；width-IQR ratio=1.0440；position frozen=0.000%
  负值：min=-41.693；<-40点=0.013151%；<-40光谱=10.000%
  training逐点包络外：lower点/光谱=0.000000%/0.000%；upper点/光谱=0.000000%/0.000%
  QQ拟合：raw R2=0.999609, RMSE=0.841626；model-normalized R2=0.999609, RMSE=0.00180888；training-standardized R2=0.997326, RMSE=0.166285
  QQ尾宽/oracle区间：lower=0.7910/[0.9242,1.1330]；upper=0.8250/[0.9456,1.0962]；overrun=False；underrun=True
  QQ四段比率[1-10,10-50,50-90,90-99]=[0.7261,0.8574,0.9093,0.7424]；尾部曲率RMSE(lower/upper)=0.1983/0.1039；oracle外分位点=26.73%
[106/126] DEL-S_TEB-M_CHL-M_water：MSE=159.517；RMSE=12.4258；shape-MSE/RMSE=0.0416534/0.201062；model-norm MSE/RMSE=0.00073686/0.0267063；cos=0.982652；r=0.979173；W1raw=5.986394；W1norm=0.039581
  平均谱：MSE=39.0841；cos=0.994925；r=0.993854
  train分布参照：generated/train MSE=103.066；held-out/train MSE=196.977；ratio=0.5232
  多样性MSE：train=236.158；generated=209.022；ratio=0.8851；Pearson-distance ratio=0.8538
  峰形多样性：position-std ratio=0.9128；height-IQR ratio=0.9780；width-IQR ratio=1.1529；position frozen=10.000%
  负值：min=-33.795；<-40点=0.000000%；<-40光谱=0.000%
  training逐点包络外：lower点/光谱=0.000000%/0.000%；upper点/光谱=0.007891%/5.000%
  QQ拟合：raw R2=0.998769, RMSE=2.2097；model-normalized R2=0.998769, RMSE=0.00474923；training-standardized R2=0.998331, RMSE=0.189088
  QQ尾宽/oracle区间：lower=0.8241/[0.9205,1.1096]；upper=0.8067/[0.8681,1.1777]；overrun=False；underrun=True
  QQ四段比率[1-10,10-50,50-90,90-99]=[0.8185,0.8296,0.8842,0.7288]；尾部曲率RMSE(lower/upper)=0.1352/0.0927；oracle外分位点=33.66%
[107/126] DEL-S_TEB-M_CHL-S_soil：MSE=205.699；RMSE=14.1009；shape-MSE/RMSE=0.0810387/0.281313；model-norm MSE/RMSE=0.000950193/0.0303066；cos=0.965295；r=0.959481；W1raw=6.035593；W1norm=0.046239
  平均谱：MSE=45.7793；cos=0.988803；r=0.986793
  train分布参照：generated/train MSE=67.8432；held-out/train MSE=185.871；ratio=0.3650
  多样性MSE：train=208.421；generated=181.345；ratio=0.8701；Pearson-distance ratio=0.9005
  峰形多样性：position-std ratio=0.8638；height-IQR ratio=0.9079；width-IQR ratio=1.1286；position frozen=10.000%
  负值：min=-44.873；<-40点=0.013151%；<-40光谱=5.000%
  training逐点包络外：lower点/光谱=0.021042%/10.000%；upper点/光谱=0.044713%/15.000%
  QQ拟合：raw R2=0.998754, RMSE=1.83063；model-normalized R2=0.998754, RMSE=0.00393451；training-standardized R2=0.987163, RMSE=0.264299
  QQ尾宽/oracle区间：lower=0.6530/[0.8995,1.1392]；upper=0.6397/[0.8993,1.0908]；overrun=False；underrun=True
  QQ四段比率[1-10,10-50,50-90,90-99]=[0.4967,0.8508,0.8394,0.4868]；尾部曲率RMSE(lower/upper)=0.2884/0.3729；oracle外分位点=30.69%
[108/126] DEL-S_TEB-M_CHL-S_water：MSE=190.018；RMSE=13.5003；shape-MSE/RMSE=0.0603256/0.240275；model-norm MSE/RMSE=0.000877755/0.0290156；cos=0.974309；r=0.969837；W1raw=6.292383；W1norm=0.044374
  平均谱：MSE=58.4051；cos=0.990662；r=0.989015
  train分布参照：generated/train MSE=113.952；held-out/train MSE=236.386；ratio=0.4821
  多样性MSE：train=230.998；generated=192.822；ratio=0.8347；Pearson-distance ratio=0.8658
  峰形多样性：position-std ratio=0.8773；height-IQR ratio=1.1433；width-IQR ratio=0.9326；position frozen=0.000%
  负值：min=-34.921；<-40点=0.000000%；<-40光谱=0.000%
  training逐点包络外：lower点/光谱=0.000000%/0.000%；upper点/光谱=0.031562%/5.000%
  QQ拟合：raw R2=0.996252, RMSE=3.12006；model-normalized R2=0.996252, RMSE=0.00670584；training-standardized R2=0.986994, RMSE=0.231357
  QQ尾宽/oracle区间：lower=0.8234/[0.9033,1.1010]；upper=0.6896/[0.8399,1.1718]；overrun=False；underrun=True
  QQ四段比率[1-10,10-50,50-90,90-99]=[0.6630,1.0470,0.8268,0.5784]；尾部曲率RMSE(lower/upper)=0.1755/0.4192；oracle外分位点=12.87%
[109/126] DEL-S_TEB-M_soil：MSE=32.2327；RMSE=5.55487；shape-MSE/RMSE=0.0325226/0.176939；model-norm MSE/RMSE=0.000148894/0.0119389；cos=0.985068；r=0.983739；W1raw=2.728239；W1norm=0.036626
  平均谱：MSE=20.3551；cos=0.989927；r=0.988995
  train分布参照：generated/train MSE=17.9858；held-out/train MSE=25.7341；ratio=0.6989
  多样性MSE：train=58.6869；generated=51.6444；ratio=0.8800；Pearson-distance ratio=0.8471
  峰形多样性：position-std ratio=1.0414；height-IQR ratio=0.9442；width-IQR ratio=1.0003；position frozen=0.000%
  负值：min=-25.379；<-40点=0.000000%；<-40光谱=0.000%
  training逐点包络外：lower点/光谱=0.000000%/0.000%；upper点/光谱=0.017844%/5.000%
  QQ拟合：raw R2=0.999018, RMSE=1.86958；model-normalized R2=0.999018, RMSE=0.00401823；training-standardized R2=0.989311, RMSE=0.151448
  QQ尾宽/oracle区间：lower=0.7823/[0.8827,1.1681]；upper=0.8058/[0.8964,1.1390]；overrun=False；underrun=True
  QQ四段比率[1-10,10-50,50-90,90-99]=[0.6598,0.9511,0.9868,0.6708]；尾部曲率RMSE(lower/upper)=0.4194/0.3303；oracle外分位点=11.88%
[110/126] DEL-S_TEB-M_water：MSE=29.3105；RMSE=5.29245；shape-MSE/RMSE=0.0318067/0.173662；model-norm MSE/RMSE=0.000135395/0.0113749；cos=0.985478；r=0.984097；W1raw=2.062362；W1norm=0.025763
  平均谱：MSE=4.48949；cos=0.997716；r=0.997484
  train分布参照：generated/train MSE=18.6265；held-out/train MSE=25.6823；ratio=0.7253
  多样性MSE：train=49.3739；generated=43.4491；ratio=0.8800；Pearson-distance ratio=0.8869
  峰形多样性：position-std ratio=0.9699；height-IQR ratio=0.9656；width-IQR ratio=1.0029；position frozen=10.000%
  负值：min=-20.072；<-40点=0.000000%；<-40光谱=0.000%
  training逐点包络外：lower点/光谱=0.000000%/0.000%；upper点/光谱=0.017844%/5.000%
  QQ拟合：raw R2=0.999320, RMSE=1.05883；model-normalized R2=0.999320, RMSE=0.00227572；training-standardized R2=0.989610, RMSE=0.166991
  QQ尾宽/oracle区间：lower=1.0112/[0.9018,1.1310]；upper=0.9881/[0.8826,1.1329]；overrun=False；underrun=False
  QQ四段比率[1-10,10-50,50-90,90-99]=[0.9359,1.0960,1.3453,0.7528]；尾部曲率RMSE(lower/upper)=0.3483/0.2726；oracle外分位点=20.79%
[111/126] DEL-S_TEB-S_CHL-H_soil：MSE=160.054；RMSE=12.4513；shape-MSE/RMSE=0.0961702/0.305185；model-norm MSE/RMSE=0.000739342/0.026761；cos=0.957959；r=0.951915；W1raw=5.233363；W1norm=0.044021
  平均谱：MSE=23.3275；cos=0.994051；r=0.993019
  train分布参照：generated/train MSE=78.9475；held-out/train MSE=160.714；ratio=0.4912
  多样性MSE：train=204.583；generated=199.132；ratio=0.9734；Pearson-distance ratio=0.8743
  峰形多样性：position-std ratio=0.9367；height-IQR ratio=1.0378；width-IQR ratio=0.8919；position frozen=10.000%
  负值：min=-50.555；<-40点=0.036823%；<-40光谱=15.000%
  training逐点包络外：lower点/光谱=0.000000%/0.000%；upper点/光谱=0.000000%/0.000%
  QQ拟合：raw R2=0.998876, RMSE=2.9618；model-normalized R2=0.998876, RMSE=0.00636569；training-standardized R2=0.987925, RMSE=0.150536
  QQ尾宽/oracle区间：lower=0.9090/[0.9191,1.1795]；upper=0.7152/[0.8964,1.1478]；overrun=False；underrun=True
  QQ四段比率[1-10,10-50,50-90,90-99]=[0.8206,0.9966,0.8828,0.5749]；尾部曲率RMSE(lower/upper)=0.0683/0.4135；oracle外分位点=6.93%
[112/126] DEL-S_TEB-S_CHL-H_water：MSE=181.546；RMSE=13.2815；shape-MSE/RMSE=0.0857053/0.289768；model-norm MSE/RMSE=0.00083862/0.0285455；cos=0.963523；r=0.957147；W1raw=5.933270；W1norm=0.051695
  平均谱：MSE=34.942；cos=0.991866；r=0.990895
  train分布参照：generated/train MSE=123.423；held-out/train MSE=159.609；ratio=0.7733
  多样性MSE：train=259.97；generated=222.799；ratio=0.8570；Pearson-distance ratio=0.8012
  峰形多样性：position-std ratio=0.7731；height-IQR ratio=1.1030；width-IQR ratio=0.9902；position frozen=0.000%
  负值：min=-55.475；<-40点=0.044713%；<-40光谱=15.000%
  training逐点包络外：lower点/光谱=0.002630%/5.000%；upper点/光谱=0.000000%/0.000%
  QQ拟合：raw R2=0.998624, RMSE=3.15519；model-normalized R2=0.998624, RMSE=0.00678133；training-standardized R2=0.993238, RMSE=0.283112
  QQ尾宽/oracle区间：lower=0.9622/[0.9423,1.0821]；upper=0.7689/[0.8952,1.1423]；overrun=False；underrun=True
  QQ四段比率[1-10,10-50,50-90,90-99]=[0.8948,1.0348,0.8099,0.7266]；尾部曲率RMSE(lower/upper)=0.0696/0.2324；oracle外分位点=43.56%
[113/126] DEL-S_TEB-S_CHL-M_soil：MSE=172.808；RMSE=12.7639；shape-MSE/RMSE=0.138967/0.354071；model-norm MSE/RMSE=0.00079826/0.027433；cos=0.939449；r=0.930517；W1raw=5.704391；W1norm=0.059979
  平均谱：MSE=41.9324；cos=0.991860；r=0.990453
  train分布参照：generated/train MSE=117.808；held-out/train MSE=137.673；ratio=0.8557
  多样性MSE：train=249.722；generated=217.3；ratio=0.8702；Pearson-distance ratio=0.8580
  峰形多样性：position-std ratio=0.8916；height-IQR ratio=0.8818；width-IQR ratio=1.0617；position frozen=10.000%
  负值：min=-29.025；<-40点=0.000000%；<-40光谱=0.000%
  training逐点包络外：lower点/光谱=0.000000%/0.000%；upper点/光谱=0.068385%/5.000%
  QQ拟合：raw R2=0.998830, RMSE=4.28101；model-normalized R2=0.998830, RMSE=0.00920101；training-standardized R2=0.998219, RMSE=0.189974
  QQ尾宽/oracle区间：lower=0.9026/[0.8990,1.1300]；upper=0.9393/[0.8486,1.2148]；overrun=False；underrun=False
  QQ四段比率[1-10,10-50,50-90,90-99]=[0.8209,0.9900,1.0208,0.8581]；尾部曲率RMSE(lower/upper)=0.1173/0.0640；oracle外分位点=71.29%
[114/126] DEL-S_TEB-S_CHL-M_water：MSE=254.343；RMSE=15.6595；shape-MSE/RMSE=0.100136/0.30953；model-norm MSE/RMSE=0.0011749/0.0336563；cos=0.957266；r=0.949932；W1raw=6.136037；W1norm=0.056478
  平均谱：MSE=31.6005；cos=0.989747；r=0.987826
  train分布参照：generated/train MSE=142.982；held-out/train MSE=146.435；ratio=0.9764
  多样性MSE：train=218.447；generated=187.274；ratio=0.8573；Pearson-distance ratio=0.8947
  峰形多样性：position-std ratio=0.9380；height-IQR ratio=0.9131；width-IQR ratio=0.8505；position frozen=0.000%
  负值：min=-71.099；<-40点=0.076276%；<-40光谱=15.000%
  training逐点包络外：lower点/光谱=0.000000%/0.000%；upper点/光谱=0.000000%/0.000%
  QQ拟合：raw R2=0.998996, RMSE=1.20991；model-normalized R2=0.998996, RMSE=0.00260042；training-standardized R2=0.996620, RMSE=0.25647
  QQ尾宽/oracle区间：lower=0.7008/[0.8712,1.1271]；upper=0.8270/[0.9321,1.0817]；overrun=False；underrun=True
  QQ四段比率[1-10,10-50,50-90,90-99]=[0.6497,0.7621,0.8252,0.8289]；尾部曲率RMSE(lower/upper)=0.2068/0.0307；oracle外分位点=21.78%
[115/126] DEL-S_TEB-S_CHL-S_soil：MSE=238.665；RMSE=14.8806；shape-MSE/RMSE=0.246731/0.474482；model-norm MSE/RMSE=0.00110247/0.0319822；cos=0.889837；r=0.876635；W1raw=7.261823；W1norm=0.084773
  平均谱：MSE=105.114；cos=0.970588；r=0.965265
  train分布参照：generated/train MSE=137.51；held-out/train MSE=148.675；ratio=0.9249
  多样性MSE：train=287.149；generated=246.695；ratio=0.8591；Pearson-distance ratio=0.7728
  峰形多样性：position-std ratio=1.1597；height-IQR ratio=0.8828；width-IQR ratio=0.9308；position frozen=0.000%
  负值：min=-35.891；<-40点=0.000000%；<-40光谱=0.000%
  training逐点包络外：lower点/光谱=0.015781%/10.000%；upper点/光谱=0.000000%/0.000%
  QQ拟合：raw R2=0.998069, RMSE=6.49889；model-normalized R2=0.998069, RMSE=0.0139678；training-standardized R2=0.994441, RMSE=0.267802
  QQ尾宽/oracle区间：lower=0.8769/[0.9136,1.1190]；upper=0.7287/[0.8972,1.1322]；overrun=False；underrun=True
  QQ四段比率[1-10,10-50,50-90,90-99]=[0.8112,0.9420,0.8430,0.6254]；尾部曲率RMSE(lower/upper)=0.0862/0.2908；oracle外分位点=54.46%
[116/126] DEL-S_TEB-S_CHL-S_water：MSE=193.759；RMSE=13.767；shape-MSE/RMSE=0.0917702/0.299921；model-norm MSE/RMSE=0.000895038/0.029589；cos=0.961367；r=0.954115；W1raw=5.445057；W1norm=0.049934
  平均谱：MSE=26.3753；cos=0.992887；r=0.991358
  train分布参照：generated/train MSE=93.8961；held-out/train MSE=188.394；ratio=0.4984
  多样性MSE：train=239.653；generated=206.889；ratio=0.8633；Pearson-distance ratio=0.8231
  峰形多样性：position-std ratio=0.8532；height-IQR ratio=0.9931；width-IQR ratio=0.7987；position frozen=10.000%
  负值：min=-46.351；<-40点=0.023672%；<-40光谱=10.000%
  training逐点包络外：lower点/光谱=0.018411%/5.000%；upper点/光谱=0.186744%/30.000%
  QQ拟合：raw R2=0.998969, RMSE=1.4312；model-normalized R2=0.998969, RMSE=0.00307602；training-standardized R2=0.986240, RMSE=0.142223
  QQ尾宽/oracle区间：lower=0.7164/[0.8900,1.1311]；upper=0.7783/[0.9224,1.0901]；overrun=False；underrun=True
  QQ四段比率[1-10,10-50,50-90,90-99]=[0.5284,0.9886,0.9107,0.6363]；尾部曲率RMSE(lower/upper)=0.3672/0.3514；oracle外分位点=5.94%
[117/126] DEL-S_TEB-S_soil：MSE=16.5233；RMSE=4.03732；shape-MSE/RMSE=0.0395631/0.197884；model-norm MSE/RMSE=7.63267e-05/0.00867727；cos=0.981769；r=0.980218；W1raw=1.408869；W1norm=0.028603
  平均谱：MSE=2.49233；cos=0.997074；r=0.996809
  train分布参照：generated/train MSE=9.73984；held-out/train MSE=14.3567；ratio=0.6784
  多样性MSE：train=27.5535；generated=23.7133；ratio=0.8606；Pearson-distance ratio=0.8408
  峰形多样性：position-std ratio=0.9108；height-IQR ratio=1.1428；width-IQR ratio=1.0768；position frozen=0.000%
  负值：min=-13.212；<-40点=0.000000%；<-40光谱=0.000%
  training逐点包络外：lower点/光谱=0.000000%/0.000%；upper点/光谱=0.000000%/0.000%
  QQ拟合：raw R2=0.999766, RMSE=0.522204；model-normalized R2=0.999766, RMSE=0.00112235；training-standardized R2=0.991728, RMSE=0.124433
  QQ尾宽/oracle区间：lower=0.8645/[0.9282,1.1087]；upper=0.7514/[0.8577,1.1283]；overrun=False；underrun=True
  QQ四段比率[1-10,10-50,50-90,90-99]=[0.7519,1.0009,0.9343,0.6156]；尾部曲率RMSE(lower/upper)=0.1821/0.3637；oracle外分位点=4.95%
[118/126] DEL-S_TEB-S_water：MSE=12.009；RMSE=3.40994；shape-MSE/RMSE=0.0300867/0.171139；model-norm MSE/RMSE=5.54737e-05/0.00732887；cos=0.986414；r=0.984957；W1raw=1.312642；W1norm=0.025404
  平均谱：MSE=2.14651；cos=0.997395；r=0.997102
  train分布参照：generated/train MSE=7.29249；held-out/train MSE=9.27455；ratio=0.7863
  多样性MSE：train=22.0678；generated=20.8113；ratio=0.9431；Pearson-distance ratio=0.9656
  峰形多样性：position-std ratio=0.7527；height-IQR ratio=0.8664；width-IQR ratio=1.3224；position frozen=0.000%
  负值：min=-10.408；<-40点=0.000000%；<-40光谱=0.000%
  training逐点包络外：lower点/光谱=0.000000%/0.000%；upper点/光谱=0.000000%/0.000%
  QQ拟合：raw R2=0.999690, RMSE=0.31969；model-normalized R2=0.999690, RMSE=0.000687101；training-standardized R2=0.990020, RMSE=0.161148
  QQ尾宽/oracle区间：lower=0.9117/[0.8339,1.2238]；upper=1.0875/[0.9134,1.1097]；overrun=False；underrun=False
  QQ四段比率[1-10,10-50,50-90,90-99]=[0.7740,1.1332,1.2345,0.9792]；尾部曲率RMSE(lower/upper)=0.4518/0.3306；oracle外分位点=34.65%
[119/126] DEL-S_soil：MSE=615.917；RMSE=22.9637；shape-MSE/RMSE=0.228286/0.419717；model-norm MSE/RMSE=0.00284513/0.049355；cos=0.906189；r=0.885857；W1raw=8.234347；W1norm=0.067056
  平均谱：MSE=133.702；cos=0.990139；r=0.988071
  train分布参照：generated/train MSE=186.325；held-out/train MSE=203.272；ratio=0.9166
  多样性MSE：train=633.442；generated=556.783；ratio=0.8790；Pearson-distance ratio=1.0902
  峰形多样性：position-std ratio=1.1571；height-IQR ratio=0.9938；width-IQR ratio=1.3322；position frozen=0.000%
  负值：min=-41.028；<-40点=0.010707%；<-40光谱=5.000%
  training逐点包络外：lower点/光谱=0.000000%/0.000%；upper点/光谱=0.024982%/10.000%
  QQ拟合：raw R2=0.995766, RMSE=8.14314；model-normalized R2=0.995766, RMSE=0.0175018；training-standardized R2=0.994587, RMSE=0.128385
  QQ尾宽/oracle区间：lower=0.7303/[0.9043,1.1466]；upper=0.8298/[0.8061,1.2661]；overrun=False；underrun=True
  QQ四段比率[1-10,10-50,50-90,90-99]=[0.5602,0.9303,0.9205,0.7325]；尾部曲率RMSE(lower/upper)=0.2311/0.1560；oracle外分位点=1.98%
[120/126] DEL-S_water：MSE=646.358；RMSE=23.5666；shape-MSE/RMSE=0.183164/0.400594；model-norm MSE/RMSE=0.00298575/0.0506507；cos=0.920528；r=0.908418；W1raw=7.918460；W1norm=0.056609
  平均谱：MSE=60.1504；cos=0.988202；r=0.986044
  train分布参照：generated/train MSE=403.828；held-out/train MSE=315.792；ratio=1.2788
  多样性MSE：train=1215.97；generated=973.616；ratio=0.8007；Pearson-distance ratio=0.8972
  峰形多样性：position-std ratio=0.7881；height-IQR ratio=1.1572；width-IQR ratio=1.1752；position frozen=40.000%
  负值：min=-137.239；<-40点=0.631692%；<-40光谱=40.000%
  training逐点包络外：lower点/光谱=0.171306%/20.000%；upper点/光谱=0.217702%/15.000%
  QQ拟合：raw R2=0.997764, RMSE=3.00998；model-normalized R2=0.997764, RMSE=0.00646925；training-standardized R2=0.994317, RMSE=0.134003
  QQ尾宽/oracle区间：lower=0.7597/[0.8801,1.2363]；upper=0.8249/[0.9007,1.1551]；overrun=False；underrun=True
  QQ四段比率[1-10,10-50,50-90,90-99]=[0.6109,0.9580,0.9355,0.7291]；尾部曲率RMSE(lower/upper)=0.2304/0.1327；oracle外分位点=3.96%
[121/126] TEB-H_soil：MSE=77.2055；RMSE=8.58913；shape-MSE/RMSE=0.00929011/0.0947532；model-norm MSE/RMSE=0.000356638/0.0184603；cos=0.995879；r=0.995355；W1raw=4.428399；W1norm=0.023948
  平均谱：MSE=45.5628；cos=0.998217；r=0.998027
  train分布参照：generated/train MSE=43.821；held-out/train MSE=72.7135；ratio=0.6027
  多样性MSE：train=126.671；generated=113.297；ratio=0.8944；Pearson-distance ratio=0.7866
  峰形多样性：position-std ratio=0.8269；height-IQR ratio=1.1507；width-IQR ratio=0.7657；position frozen=12.500%
  负值：min=-41.849；<-40点=0.010707%；<-40光谱=5.000%
  training逐点包络外：lower点/光谱=0.000000%/0.000%；upper点/光谱=0.071378%/15.000%
  QQ拟合：raw R2=0.998815, RMSE=5.22949；model-normalized R2=0.998815, RMSE=0.0112396；training-standardized R2=0.997344, RMSE=0.200713
  QQ尾宽/oracle区间：lower=0.8260/[0.9233,1.1019]；upper=0.8858/[0.8520,1.1294]；overrun=False；underrun=True
  QQ四段比率[1-10,10-50,50-90,90-99]=[0.7871,0.8651,0.9785,0.7914]；尾部曲率RMSE(lower/upper)=0.1859/0.0594；oracle外分位点=15.84%
[122/126] TEB-H_water：MSE=92.3441；RMSE=9.42448；shape-MSE/RMSE=0.0112573/0.103166；model-norm MSE/RMSE=0.000426569/0.0202557；cos=0.994951；r=0.994371；W1raw=3.797412；W1norm=0.021239
  平均谱：MSE=30.6387；cos=0.998167；r=0.997952
  train分布参照：generated/train MSE=40.0124；held-out/train MSE=62.3501；ratio=0.6417
  多样性MSE：train=131.554；generated=111.932；ratio=0.8508；Pearson-distance ratio=0.8242
  峰形多样性：position-std ratio=0.8925；height-IQR ratio=0.9800；width-IQR ratio=0.9913；position frozen=12.500%
  负值：min=-38.285；<-40点=0.000000%；<-40光谱=0.000%
  training逐点包络外：lower点/光谱=0.000000%/0.000%；upper点/光谱=0.007138%/5.000%
  QQ拟合：raw R2=0.999806, RMSE=2.01073；model-normalized R2=0.999806, RMSE=0.0043216；training-standardized R2=0.998719, RMSE=0.0828889
  QQ尾宽/oracle区间：lower=0.9375/[0.8579,1.1491]；upper=0.9542/[0.8855,1.1311]；overrun=False；underrun=False
  QQ四段比率[1-10,10-50,50-90,90-99]=[0.8784,1.0025,0.9556,0.9528]；尾部曲率RMSE(lower/upper)=0.1140/0.1190；oracle外分位点=5.94%
[123/126] TEB-M_soil：MSE=117.376；RMSE=10.6428；shape-MSE/RMSE=0.0246044/0.155706；model-norm MSE/RMSE=0.000542199/0.0228743；cos=0.989139；r=0.987698；W1raw=3.776975；W1norm=0.028681
  平均谱：MSE=18.9514；cos=0.997584；r=0.997244
  train分布参照：generated/train MSE=38.3065；held-out/train MSE=60.5251；ratio=0.6329
  多样性MSE：train=118.056；generated=100.766；ratio=0.8535；Pearson-distance ratio=0.8316
  峰形多样性：position-std ratio=0.7970；height-IQR ratio=1.2180；width-IQR ratio=1.0767；position frozen=0.000%
  负值：min=-39.146；<-40点=0.000000%；<-40光谱=0.000%
  training逐点包络外：lower点/光谱=0.007138%/5.000%；upper点/光谱=0.024982%/10.000%
  QQ拟合：raw R2=0.999622, RMSE=1.6119；model-normalized R2=0.999622, RMSE=0.0034644；training-standardized R2=0.995520, RMSE=0.0978254
  QQ尾宽/oracle区间：lower=1.0244/[0.9076,1.1125]；upper=0.8107/[0.8901,1.1098]；overrun=False；underrun=True
  QQ四段比率[1-10,10-50,50-90,90-99]=[1.0381,1.0127,0.9065,0.7128]；尾部曲率RMSE(lower/upper)=0.1554/0.1711；oracle外分位点=6.93%
[124/126] TEB-M_water：MSE=105.54；RMSE=9.80264；shape-MSE/RMSE=0.028073/0.161052；model-norm MSE/RMSE=0.000487526/0.0210685；cos=0.987478；r=0.985964；W1raw=3.768457；W1norm=0.030793
  平均谱：MSE=24.5048；cos=0.997190；r=0.996828
  train分布参照：generated/train MSE=39.8896；held-out/train MSE=56.2292；ratio=0.7094
  多样性MSE：train=122.381；generated=103.797；ratio=0.8481；Pearson-distance ratio=0.8753
  峰形多样性：position-std ratio=0.7564；height-IQR ratio=0.9744；width-IQR ratio=0.9718；position frozen=11.111%
  负值：min=-25.931；<-40点=0.000000%；<-40光谱=0.000%
  training逐点包络外：lower点/光谱=0.000000%/0.000%；upper点/光谱=0.010707%/5.000%
  QQ拟合：raw R2=0.999511, RMSE=2.74591；model-normalized R2=0.999511, RMSE=0.00590169；training-standardized R2=0.999723, RMSE=0.0957288
  QQ尾宽/oracle区间：lower=1.0342/[0.9282,1.1066]；upper=1.0477/[0.8969,1.1143]；overrun=False；underrun=False
  QQ四段比率[1-10,10-50,50-90,90-99]=[1.0216,1.0476,1.0612,1.0343]；尾部曲率RMSE(lower/upper)=0.0438/0.0369；oracle外分位点=0.00%
[125/126] TEB-S_soil：MSE=91.4342；RMSE=9.28777；shape-MSE/RMSE=0.0758232/0.269999；model-norm MSE/RMSE=0.000422365/0.0199619；cos=0.966874；r=0.962088；W1raw=3.819329；W1norm=0.050066
  平均谱：MSE=25.7731；cos=0.986672；r=0.984732
  train分布参照：generated/train MSE=47.175；held-out/train MSE=91.6042；ratio=0.5150
  多样性MSE：train=136.046；generated=118.922；ratio=0.8741；Pearson-distance ratio=0.7665
  峰形多样性：position-std ratio=0.8879；height-IQR ratio=1.0743；width-IQR ratio=0.9881；position frozen=10.000%
  负值：min=-30.886；<-40点=0.000000%；<-40光谱=0.000%
  training逐点包络外：lower点/光谱=0.000000%/0.000%；upper点/光谱=0.000000%/0.000%
  QQ拟合：raw R2=0.997584, RMSE=1.59698；model-normalized R2=0.997584, RMSE=0.00343233；training-standardized R2=0.996047, RMSE=0.0932323
  QQ尾宽/oracle区间：lower=0.8139/[0.8440,1.1433]；upper=0.9626/[0.8616,1.1186]；overrun=False；underrun=True
  QQ四段比率[1-10,10-50,50-90,90-99]=[0.7071,0.9518,1.0177,0.9028]；尾部曲率RMSE(lower/upper)=0.2599/0.0588；oracle外分位点=2.97%
[126/126] TEB-S_water：MSE=136.895；RMSE=11.4894；shape-MSE/RMSE=0.139126/0.358762；model-norm MSE/RMSE=0.000632364/0.0246939；cos=0.938411；r=0.930437；W1raw=4.181984；W1norm=0.070531
  平均谱：MSE=43.8648；cos=0.992805；r=0.991663
  train分布参照：generated/train MSE=57.6862；held-out/train MSE=86.8239；ratio=0.6644
  多样性MSE：train=135.243；generated=112.12；ratio=0.8290；Pearson-distance ratio=0.8619
  峰形多样性：position-std ratio=0.8861；height-IQR ratio=0.8718；width-IQR ratio=0.8162；position frozen=0.000%
  负值：min=-28.746；<-40点=0.000000%；<-40光谱=0.000%
  training逐点包络外：lower点/光谱=0.017844%/5.000%；upper点/光谱=0.000000%/0.000%
  QQ拟合：raw R2=0.997775, RMSE=5.33052；model-normalized R2=0.997775, RMSE=0.0114567；training-standardized R2=0.993282, RMSE=0.197499
  QQ尾宽/oracle区间：lower=1.1984/[0.8961,1.1195]；upper=0.9448/[0.9224,1.1110]；overrun=True；underrun=False
  QQ四段比率[1-10,10-50,50-90,90-99]=[1.1921,1.2042,1.0020,0.8925]；尾部曲率RMSE(lower/upper)=0.1903/0.2235；oracle外分位点=41.58%
===== 评价完成 =====
逐条件指标：/home/wqzheng/project/outputs/experiments/d4_3_2_9_tailoff_diagnostic/metrics_all126/condition_metrics.csv
总体统计：/home/wqzheng/project/outputs/experiments/d4_3_2_9_tailoff_diagnostic/metrics_all126/overall_metric_summary.csv
图像输出：已跳过（--plot-mode none，数值指标不受影响）
QQ分层汇总：/home/wqzheng/project/outputs/experiments/d4_3_2_9_tailoff_diagnostic/metrics_all126/qq_stratified_summary.csv
全质量分层汇总：/home/wqzheng/project/outputs/experiments/d4_3_2_9_tailoff_diagnostic/metrics_all126/quality_stratified_summary.csv
峰形多样性明细：/home/wqzheng/project/outputs/experiments/d4_3_2_9_tailoff_diagnostic/metrics_all126/peak_morphology_details.csv
报告：/home/wqzheng/project/outputs/experiments/d4_3_2_9_tailoff_diagnostic/metrics_all126/evaluation_report.txt
